"","Accession","total.ParS.hits","pos.ParS.hit"
"1","AB009866",0,0
"2","AB016282",0,0
"3","AB044554",0,0
"4","AB045978",0,0
"5","AB243556",0,0
"6","AB370205",0,0
"7","AB370268",0,0
"8","AB605730",0,0
"9","AB609718",0,0
"10","AB626962",0,0
"11","AB626963",0,0
"12","AB711120",0,0
"13","AB712291",0,0
"14","AB823818",0,0
"15","AB853330",0,0
"16","AB853331",0,0
"17","AB903967",0,0
"18","AB930182",0,0
"19","ACSJ01000013",0,0
"20","ACSJ01000015",0,0
"21","ACSJ01000017",0,0
"22","ACSJ01000018",0,0
"23","AF009630",0,0
"24","AF011378",0,0
"25","AF020713",0,0
"26","AF085222",0,0
"27","AF109874",0,0
"28","AF115102",0,0
"29","AF115103",0,0
"30","AF145054",0,0
"31","AF158600",0,0
"32","AF176025",0,0
"33","AF195902",0,0
"34","AF242738",0,0
"35","AF304433",0,0
"36","AF323668",0,0
"37","AF323669",0,0
"38","AF323670",0,0
"39","AF323671",0,0
"40","AF323672",0,0
"41","AF323673",0,0
"42","AF424781",0,0
"43","AF424782",0,0
"44","AF424783",0,0
"45","AF513032",0,0
"46","AF513033",0,0
"47","AJ131519",0,0
"48","AJ242593",0,0
"49","AJ245616",0,0
"50","AJ251789",0,0
"51","AJ302074",0,0
"52","AJ312240",0,0
"53","AJ421943",0,0
"54","AJ536073",0,0
"55","AJ609634",0,0
"56","AM749121",0,0
"57","AP001553",0,0
"58","AP008953",0,0
"59","AP008954",0,0
"60","AP008983",0,0
"61","AP009363",0,0
"62","AP009390",0,0
"63","AP011955",0,0
"64","AP011956",0,0
"65","AP012341",0,0
"66","AP013029",0,0
"67","AP018361",0,0
"68","AP018375",0,0
"69","AP018714",0,0
"70","AP018715",0,0
"71","AP019522",0,0
"72","AP019527",0,0
"73","AP019560",0,0
"74","AP019561",0,0
"75","AP019562",0,0
"76","AY007505",0,0
"77","AY082070",0,0
"78","AY176327",0,0
"79","AY212251",0,0
"80","AY236756",0,0
"81","AY257527",0,0
"82","AY459533",0,0
"83","AY459535",0,0
"84","AY508486",0,0
"85","AY605066",0,0
"86","AY616446",0,0
"87","AY682195",0,0
"88","AY701338",0,0
"89","AY766464",0,0
"90","AY855346",0,0
"91","AY894696",0,0
"92","AY954948",0,0
"93","AY954949",0,0
"94","AY954950",0,0
"95","AY954951",0,0
"96","AY954952",0,0
"97","AY954953",0,0
"98","AY954954",0,0
"99","AY954955",0,0
"100","AY954956",0,0
"101","AY954957",0,0
"102","AY954958",0,0
"103","AY954959",0,0
"104","AY954960",0,0
"105","AY954961",0,0
"106","AY954962",0,0
"107","AY954963",0,0
"108","AY954964",0,0
"109","AY954965",0,0
"110","AY954966",0,0
"111","AY954967",0,0
"112","AY954968",0,0
"113","AY954969",0,0
"114","AY954970",0,0
"115","C2PVCG",0,0
"116","CAJDJX010000002",0,0
"117","CAJDJY010000002",0,0
"118","CAJDJZ010000002",0,0
"119","CAJDKA010000002",0,0
"120","CAJDKB010000002",0,0
"121","CAJDKF010000002",0,0
"122","CP000315",0,0
"123","CP002495",0,0
"124","CP002889",0,0
"125","CP003186",0,0
"126","CP011970",0,0
"127","CP013282",0,0
"128","CP018841",0,0
"129","CP019719",0,0
"130","CP050061",0,0
"131","CP052843",0,0
"132","CP062422",0,0
"133","CP062426",0,0
"134","CP062427",0,0
"135","CP062430",0,0
"136","CP062434",0,0
"137","CP062435",0,0
"138","CP062436",0,0
"139","CP062442",0,0
"140","CP062444",0,0
"141","CP062445",0,0
"142","CP062447",0,0
"143","CP062451",0,0
"144","CP062454",0,0
"145","CP062457",0,0
"146","CP062461",0,0
"147","CP062462",0,0
"148","CP063417",0,0
"149","CP063964",0,0
"150","CP063968",0,0
"151","CP067347",0,0
"152","CP067352",0,0
"153","CP069347",0,0
"154","CP069348",0,0
"155","CP071049",0,0
"156","CP091911",0,0
"157","CP103806",0,0
"158","CP103976",0,0
"159","CP124927",0,0
"160","CP124930",0,0
"161","CP124934",0,0
"162","CP124938",0,0
"163","CP124941",0,0
"164","CP124942",0,0
"165","CP124949",0,0
"166","CP124952",0,0
"167","CP124955",0,0
"168","CP124959",0,0
"169","CP124962",0,0
"170","DQ003637",0,0
"171","DQ003638",1,1
"172","DQ003639",0,0
"173","DQ003640",0,0
"174","DQ003641",0,0
"175","DQ003642",0,0
"176","DQ004855",1,1
"177","DQ054536",0,0
"178","DQ113772",0,0
"179","DQ150593",0,0
"180","DQ222851",0,0
"181","DQ222853",0,0
"182","DQ222855",0,0
"183","DQ227764",0,0
"184","DQ289555",0,0
"185","DQ289556",0,0
"186","DQ320509",0,0
"187","DQ340064",0,0
"188","DQ386162",0,0
"189","DQ394807",0,0
"190","DQ394808",0,0
"191","DQ394809",0,0
"192","DQ394810",0,0
"193","DQ453159",0,0
"194","DQ466086",0,0
"195","DQ517338",0,0
"196","DQ530359",0,0
"197","DQ530360",0,0
"198","DQ530361",0,0
"199","DQ530362",0,0
"200","DQ535032",0,0
"201","DQ831957",0,0
"202","DQ834250",0,0
"203","DQ838728",0,0
"204","DQ840344",0,0
"205","DQ864624",0,0
"206","DQ908929",0,0
"207","EF116926",0,0
"208","EF207558",0,0
"209","EF462197",0,0
"210","EF462198",0,0
"211","EF462199",0,0
"212","EU136189",0,0
"213","EU221285",0,0
"214","EU246945",0,0
"215","EU408779",0,0
"216","EU418428",0,0
"217","EU438902",0,0
"218","EU588980",0,0
"219","EU719189",0,0
"220","EU771092",4,1
"221","EU855793",0,0
"222","EU861004",0,0
"223","EU861005",0,0
"224","EU871039",0,0
"225","EU874396",0,0
"226","EU887664",0,0
"227","FJ226752",0,0
"228","FJ230960",0,0
"229","FJ236310",0,0
"230","FJ429185",0,0
"231","FJ713816",0,0
"232","FJ792813",0,0
"233","FJ822135",0,0
"234","FJ848881",0,0
"235","FJ848883",0,0
"236","FJ965538",0,0
"237","FM163528",0,0
"238","FN391954",0,0
"239","FR671406",0,0
"240","FR671408",0,0
"241","FR671409",0,0
"242","FR852584",0,0
"243","GQ398772",0,0
"244","GQ403788",0,0
"245","GQ443085",0,0
"246","GQ452243",0,0
"247","GQ478081",0,0
"248","GQ478082",0,0
"249","GQ478083",0,0
"250","GQ478084",0,0
"251","GQ478085",0,0
"252","GQ478086",0,0
"253","GQ478087",0,0
"254","GQ478088",0,0
"255","GQ900512",0,0
"256","GQ915271",0,0
"257","GQ979703",0,0
"258","GU169904",0,0
"259","GU229986",0,0
"260","GU233956",0,0
"261","GU477322",0,0
"262","GU568037",0,0
"263","GU815339",0,0
"264","GU949551",0,0
"265","HE614281",0,0
"266","HE614282",0,0
"267","HE861935",0,0
"268","HE956704",0,0
"269","HE962497",0,0
"270","HF563658",0,0
"271","HF937074",0,0
"272","HG380752",0,0
"273","HG424323",0,0
"274","HG531805",0,0
"275","HG796225",0,0
"276","HG798901",0,0
"277","HM072038",0,0
"278","HM144385",0,0
"279","HM144386",0,0
"280","HM144387",0,0
"281","HM242243",1,1
"282","HM568888",0,0
"283","HM596271",0,0
"284","HQ127381",0,0
"285","HQ141411",0,0
"286","HQ163896",0,0
"287","HQ332138",0,0
"288","JF731128",0,0
"289","JF767208",0,0
"290","JF767209",0,0
"291","JF767210",0,0
"292","JF966203",0,0
"293","JN051154",0,0
"294","JN191664",0,0
"295","JN192400",0,0
"296","JN192401",0,0
"297","JN638751",0,0
"298","JN654439",0,0
"299","JN700519",0,0
"300","JN700520",0,0
"301","JN700521",0,0
"302","JN790865",0,0
"303","JN797796",0,0
"304","JN797797",1,1
"305","JN797798",1,1
"306","JN800508",0,0
"307","JQ062992",0,0
"308","JQ246028",2,1
"309","JQ341413",0,0
"310","JQ660954",0,0
"311","JQ686190",0,0
"312","JQ729990",7,1
"313","JQ740810",0,0
"314","JQ779023",0,0
"315","JQ779024",0,0
"316","JQ797329",1,1
"317","JQ957932",0,0
"318","JQ973847",0,0
"319","JX013863",0,0
"320","JX080300",0,0
"321","JX080301",0,0
"322","JX080302",0,0
"323","JX080303",0,0
"324","JX080304",0,0
"325","JX080305",0,0
"326","JX094431",0,0
"327","JX094501",0,0
"328","JX120799",0,0
"329","JX126918",1,1
"330","JX126919",1,1
"331","JX126920",1,1
"332","JX145341",0,0
"333","JX145342",0,0
"334","JX174275",0,0
"335","JX193904",0,0
"336","JX194239",0,0
"337","JX238501",0,0
"338","JX274646",0,0
"339","JX274647",0,0
"340","JX409894",0,0
"341","JX409895",0,0
"342","JX442241",0,0
"343","JX486087",0,0
"344","JX564242",0,0
"345","JX567312",0,0
"346","JX846612",0,0
"347","JX846613",0,0
"348","JX875065",0,0
"349","JX878671",0,0
"350","JX879087",0,0
"351","KC012913",0,0
"352","KC171646",0,0
"353","KC171647",0,0
"354","KC182542",0,0
"355","KC182543",0,0
"356","KC182544",0,0
"357","KC182547",0,0
"358","KC182549",0,0
"359","KC182550",0,0
"360","KC182551",0,0
"361","KC237729",0,0
"362","KC330679",0,0
"363","KC330680",0,0
"364","KC330681",0,0
"365","KC330682",0,0
"366","KC330683",0,0
"367","KC330684",0,0
"368","KC342645",0,0
"369","KC348598",0,0
"370","KC348599",0,0
"371","KC348600",0,0
"372","KC348601",0,0
"373","KC348602",0,0
"374","KC348604",0,0
"375","KC413988",0,0
"376","KC430106",0,0
"377","KC522412",0,0
"378","KC595278",0,0
"379","KC595279",0,0
"380","KC595512",0,0
"381","KC595513",0,0
"382","KC595514",0,0
"383","KC595515",0,0
"384","KC595516",0,0
"385","KC595517",0,0
"386","KC595518",0,0
"387","KC677663",0,0
"388","KC699836",0,0
"389","KC847113",0,0
"390","KF010834",0,0
"391","KF021268",0,0
"392","KF147927",0,0
"393","KF183314",0,0
"394","KF183315",0,0
"395","KF188458",0,0
"396","KF192053",0,0
"397","KF208639",0,0
"398","KF296717",0,0
"399","KF296718",0,0
"400","KF554508",0,0
"401","KF589919",0,0
"402","KF598856",0,0
"403","KF669647",0,0
"404","KF669648",0,0
"405","KF669649",0,0
"406","KF669651",0,0
"407","KF669652",0,0
"408","KF669655",0,0
"409","KF669657",0,0
"410","KF669659",0,0
"411","KF669660",0,0
"412","KF669662",0,0
"413","KF676640",0,0
"414","KF728385",0,0
"415","KF733017",0,0
"416","KF766114",0,0
"417","KF767351",0,0
"418","KF831354",0,0
"419","KJ010489",0,0
"420","KJ010547",0,0
"421","KJ010548",0,0
"422","KJ024807",0,0
"423","KJ081346",0,0
"424","KJ094020",1,1
"425","KJ094021",0,0
"426","KJ094022",0,0
"427","KJ094023",0,0
"428","KJ094029",1,1
"429","KJ094030",1,1
"430","KJ094031",1,1
"431","KJ094032",0,0
"432","KJ094033",1,1
"433","KJ127303",0,0
"434","KJ127304",0,0
"435","KJ140076",0,0
"436","KJ206559",0,0
"437","KJ206560",0,0
"438","KJ206561",0,0
"439","KJ206562",0,0
"440","KJ206563",0,0
"441","KJ210330",0,0
"442","KJ417497",0,0
"443","KJ451625",0,0
"444","KJ452291",0,0
"445","KJ452292",0,0
"446","KJ489010",0,0
"447","KJ489012",0,0
"448","KJ489013",0,0
"449","KJ489397",0,0
"450","KJ489398",0,0
"451","KJ489399",0,0
"452","KJ489400",0,0
"453","KJ489401",0,0
"454","KJ489402",0,0
"455","KJ535721",1,1
"456","KJ535722",1,1
"457","KJ564036",1,1
"458","KJ586794",1,1
"459","KJ586795",1,1
"460","KJ591604",1,1
"461","KJ591605",1,1
"462","KJ596420",0,0
"463","KJ608188",0,0
"464","KJ617393",0,0
"465","KJ668715",1,1
"466","KJ676859",0,0
"467","KJ716334",0,0
"468","KJ801817",0,0
"469","KJ888149",0,0
"470","KJ920400",0,0
"471","KM051843",0,0
"472","KM216423",0,0
"473","KM236245",0,0
"474","KM236246",0,0
"475","KM236247",0,0
"476","KM236248",0,0
"477","KM289195",0,0
"478","KM373208",1,1
"479","KM882824",0,0
"480","KM983327",0,0
"481","KM983328",0,0
"482","KM983329",0,0
"483","KM983330",0,0
"484","KM983331",0,0
"485","KM983332",0,0
"486","KM983333",0,0
"487","KM983334",0,0
"488","KP027015",0,0
"489","KP027446",1,1
"490","KP027447",0,0
"491","KP063902",0,0
"492","KP063903",0,0
"493","KP144388",0,0
"494","KP202972",0,0
"495","KP208803",0,0
"496","KP209285",0,0
"497","KP296791",0,0
"498","KP296793",0,0
"499","KP296795",0,0
"500","KP296796",0,0
"501","KP339049",0,0
"502","KP399677",0,0
"503","KP399678",0,0
"504","KP411017",0,0
"505","KP687431",0,0
"506","KP687432",0,0
"507","KP735928",0,0
"508","KP793117",0,0
"509","KP793122",0,0
"510","KP881332",0,0
"511","KP893289",0,0
"512","KP893290",0,0
"513","KR049063",0,0
"514","KR131750",0,0
"515","KR153145",0,0
"516","KR709302",0,0
"517","KR709303",0,0
"518","KR816341",0,0
"519","KR902361",0,0
"520","KR905069",0,0
"521","KR908644",0,0
"522","KT001911",0,0
"523","KT001912",0,0
"524","KT070868",0,0
"525","KT151955",0,0
"526","KT151956",0,0
"527","KT151957",0,0
"528","KT151958",0,0
"529","KT186243",0,0
"530","KT187252",1,1
"531","KT207918",0,0
"532","KT224359",0,0
"533","KT307976",0,0
"534","KT319602",0,0
"535","KT319607",0,0
"536","KT319620",0,0
"537","KT319626",0,0
"538","KT337341",0,0
"539","KT337342",0,0
"540","KT337356",0,0
"541","KT337358",0,0
"542","KT337360",0,0
"543","KT337364",0,0
"544","KT337365",0,0
"545","KT337370",0,0
"546","KT339177",0,0
"547","KT344895",0,0
"548","KT361649",0,0
"549","KT361650",0,0
"550","KT361651",0,0
"551","KT361652",0,0
"552","KT361653",0,0
"553","KT361654",0,0
"554","KT361655",0,0
"555","KT361656",0,0
"556","KT361657",0,0
"557","KT372714",0,0
"558","KT388093",0,0
"559","KT429161",0,0
"560","KT624200",0,0
"561","KT626446",0,0
"562","KT717083",0,0
"563","KT717084",0,0
"564","KT717085",0,0
"565","KT725776",0,0
"566","KT809368",0,0
"567","KT809369",0,0
"568","KT852578",0,0
"569","KT878766",0,0
"570","KT932699",0,0
"571","KT932701",0,0
"572","KT945994",0,0
"573","KT967075",0,0
"574","KT970645",0,0
"575","KT970646",0,0
"576","KT995480",0,0
"577","KU057941",0,0
"578","KU253712",0,0
"579","KU517658",0,0
"580","KU577463",0,0
"581","KU598975",0,0
"582","KU640380",0,0
"583","KU678389",0,0
"584","KU678390",0,0
"585","KU678391",0,0
"586","KU678392",0,0
"587","KU737344",0,0
"588","KU737345",0,0
"589","KU737346",0,0
"590","KU737347",0,0
"591","KU737348",0,0
"592","KU737349",0,0
"593","KU737350",0,0
"594","KU737351",0,0
"595","KU737352",0,0
"596","KU831549",2,1
"597","KU836751",0,0
"598","KU847400",0,0
"599","KU892558",0,0
"600","KU992911",0,0
"601","KX011028",0,0
"602","KX011169",0,0
"603","KX077889",0,0
"604","KX077891",0,0
"605","KX147229",0,0
"606","KX156152",0,0
"607","KX156762",0,0
"608","KX160204",0,0
"609","KX160205",0,0
"610","KX160206",0,0
"611","KX160207",0,0
"612","KX160208",0,0
"613","KX160209",0,0
"614","KX160210",0,0
"615","KX160211",0,0
"616","KX160212",0,0
"617","KX160213",0,0
"618","KX160214",0,0
"619","KX160215",0,0
"620","KX160216",0,0
"621","KX160217",0,0
"622","KX160218",0,0
"623","KX160219",0,0
"624","KX160220",0,0
"625","KX171212",0,0
"626","KX171213",0,0
"627","KX190832",0,0
"628","KX190833",0,0
"629","KX190835",0,0
"630","KX227757",0,0
"631","KX227758",0,0
"632","KX227759",0,0
"633","KX227760",0,0
"634","KX228399",0,0
"635","KX228400",0,0
"636","KX232515",0,0
"637","KX284704",0,0
"638","KX346236",0,0
"639","KX346242",0,0
"640","KX346244",0,0
"641","KX349902",0,0
"642","KX349903",0,0
"643","KX373685",0,0
"644","KX373686",0,0
"645","KX373687",0,0
"646","KX373688",0,0
"647","KX373689",0,0
"648","KX373690",0,0
"649","KX373691",0,0
"650","KX373692",0,0
"651","KX379668",0,0
"652","KX456206",0,0
"653","KX456207",0,0
"654","KX456208",0,0
"655","KX456209",0,0
"656","KX456210",0,0
"657","KX456211",0,0
"658","KX456212",0,0
"659","KX456213",0,0
"660","KX495186",0,0
"661","KX513872",0,0
"662","KX532239",0,0
"663","KX550065",0,0
"664","KX827368",0,0
"665","KX827369",0,0
"666","KX827370",0,0
"667","KX827371",0,0
"668","KX833905",0,0
"669","KX879641",0,0
"670","KX879642",0,0
"671","KX879643",0,0
"672","KX905163",0,0
"673","KX961629",0,0
"674","KX961630",2,1
"675","KX961632",0,0
"676","KX965989",0,0
"677","KX987999",1,1
"678","KY000084",0,0
"679","KY000085",0,0
"680","KY030782",0,0
"681","KY056620",0,0
"682","KY065449",0,0
"683","KY065450",0,0
"684","KY065451",0,0
"685","KY065452",0,0
"686","KY065453",0,0
"687","KY065454",0,0
"688","KY065455",0,0
"689","KY065457",0,0
"690","KY065459",0,0
"691","KY065460",0,0
"692","KY065461",0,0
"693","KY065462",0,0
"694","KY065463",0,0
"695","KY065464",0,0
"696","KY065465",0,0
"697","KY065466",0,0
"698","KY065467",0,0
"699","KY065468",0,0
"700","KY065469",0,0
"701","KY065470",0,0
"702","KY065471",0,0
"703","KY065472",0,0
"704","KY065473",0,0
"705","KY065476",0,0
"706","KY065477",0,0
"707","KY065478",0,0
"708","KY065479",0,0
"709","KY065480",0,0
"710","KY065481",0,0
"711","KY065482",0,0
"712","KY065483",0,0
"713","KY065484",0,0
"714","KY065485",0,0
"715","KY065486",0,0
"716","KY065487",0,0
"717","KY065488",0,0
"718","KY065489",0,0
"719","KY065490",0,0
"720","KY065491",0,0
"721","KY065492",0,0
"722","KY065493",0,0
"723","KY065496",0,0
"724","KY065497",0,0
"725","KY065501",0,0
"726","KY065502",0,0
"727","KY065503",0,0
"728","KY065504",0,0
"729","KY206887",0,0
"730","KY303907",0,0
"731","KY349816",0,0
"732","KY368639",0,0
"733","KY368640",0,0
"734","KY389063",0,0
"735","KY389064",0,0
"736","KY472224",0,0
"737","KY549443",0,0
"738","KY554760",0,0
"739","KY554761",0,0
"740","KY554762",0,0
"741","KY554763",0,0
"742","KY554764",0,0
"743","KY554765",0,0
"744","KY554766",0,0
"745","KY554767",0,0
"746","KY565347",0,0
"747","KY581279",0,0
"748","KY653116",0,0
"749","KY653117",0,0
"750","KY653120",0,0
"751","KY653123",0,0
"752","KY653124",0,0
"753","KY653125",0,0
"754","KY653126",0,0
"755","KY653129",0,0
"756","KY695153",0,0
"757","KY705251",0,0
"758","KY705252",0,0
"759","KY705253",0,0
"760","KY705254",0,0
"761","KY705255",0,0
"762","KY705256",0,0
"763","KY705257",0,0
"764","KY705258",0,0
"765","KY705259",0,0
"766","KY705260",0,0
"767","KY705261",0,0
"768","KY705262",0,0
"769","KY705263",0,0
"770","KY705264",0,0
"771","KY705265",0,0
"772","KY705266",0,0
"773","KY705267",0,0
"774","KY705268",0,0
"775","KY705270",0,0
"776","KY705271",0,0
"777","KY705272",0,0
"778","KY705273",0,0
"779","KY705274",0,0
"780","KY705275",0,0
"781","KY705276",0,0
"782","KY705277",0,0
"783","KY705278",0,0
"784","KY705279",0,0
"785","KY705280",0,0
"786","KY705281",0,0
"787","KY705282",0,0
"788","KY705283",0,0
"789","KY705284",0,0
"790","KY705287",0,0
"791","KY705288",0,0
"792","KY705289",0,0
"793","KY705290",0,0
"794","KY779848",0,0
"795","KY779849",0,0
"796","KY794641",0,0
"797","KY794642",0,0
"798","KY794643",0,0
"799","KY888882",0,0
"800","KY963369",0,0
"801","KY963370",0,0
"802","KY963371",0,0
"803","L67CG",0,0
"804","LC492751",0,0
"805","LC492752",0,0
"806","LC513943",0,0
"807","LC541428",0,0
"808","LC547238",0,0
"809","LC557520",0,0
"810","LC574321",0,0
"811","LC576631",0,0
"812","LC596377",0,0
"813","LC596378",0,0
"814","LC596379",0,0
"815","LC623721",0,0
"816","LC644557",0,0
"817","LC647030",0,0
"818","LC648442",0,0
"819","LC709172",0,0
"820","LC742552",0,0
"821","LC779550",0,0
"822","LC785692",0,0
"823","LC788703",0,0
"824","LC788704",0,0
"825","LC805022",0,0
"826","LC805024",0,0
"827","LK392619",0,0
"828","LK985321",0,0
"829","LK985322",0,0
"830","LN681534",0,0
"831","LN681535",0,0
"832","LN681536",0,0
"833","LN681537",0,0
"834","LN681538",0,0
"835","LN681539",0,0
"836","LN681540",0,0
"837","LN681541",0,0
"838","LN681542",0,0
"839","LN881738",0,0
"840","LN885237",0,0
"841","LR031359",0,0
"842","LR215718",0,0
"843","LR215719",0,0
"844","LR215720",0,0
"845","LR215721",0,0
"846","LR596902",0,0
"847","LR596903",0,0
"848","LR990834",2,1
"849","LR990835",0,0
"850","LT960608",0,0
"851","LT960610",0,0
"852","LT985569",0,0
"853","LT985574",0,0
"854","LT985575",0,0
"855","LT985576",0,0
"856","LT985578",0,0
"857","LT985582",0,0
"858","LT985583",0,0
"859","LT985585",0,0
"860","LT985588",0,0
"861","LT985592",0,0
"862","LT993225",0,0
"863","LT993229",0,0
"864","LT996072",0,0
"865","LT996073",0,0
"866","LT996074",0,0
"867","LT996077",0,0
"868","LT996078",0,0
"869","LT996081",0,0
"870","LT996082",0,0
"871","MF001365",0,0
"872","MF001367",0,0
"873","MF041990",0,0
"874","MF161328",0,0
"875","MF172979",0,0
"876","MF288917",0,0
"877","MF288918",0,0
"878","MF288919",0,0
"879","MF288920",0,0
"880","MF288921",0,0
"881","MF288922",0,0
"882","MF346933",0,0
"883","MF398190",0,0
"884","MF405094",0,0
"885","MF407276",3,1
"886","MF418016",0,0
"887","MF422185",0,0
"888","MF428478",0,0
"889","MF428479",0,0
"890","MF428480",0,0
"891","MF428481",0,0
"892","MF443119",0,0
"893","MF443120",0,0
"894","MF443121",0,0
"895","MF443122",0,0
"896","MF443123",0,0
"897","MF443124",0,0
"898","MF443125",0,0
"899","MF443126",0,0
"900","MF448558",0,0
"901","MF448564",0,0
"902","MF448567",0,0
"903","MF448570",0,0
"904","MF448571",0,0
"905","MF448572",0,0
"906","MF498901",0,0
"907","MF547662",0,0
"908","MF547663",0,0
"909","MF580410",0,0
"910","MF580759",0,0
"911","MF580760",0,0
"912","MF580761",0,0
"913","MF580762",0,0
"914","MF580763",0,0
"915","MF580764",0,0
"916","MF580765",0,0
"917","MF580766",0,0
"918","MF580767",0,0
"919","MF580768",0,0
"920","MF580769",0,0
"921","MF580770",0,0
"922","MF580771",0,0
"923","MF580772",0,0
"924","MF580773",0,0
"925","MF580774",0,0
"926","MF580775",0,0
"927","MF595878",0,0
"928","MF678788",0,0
"929","MF678789",0,0
"930","MF678790",0,0
"931","MF765814",0,0
"932","MF775669",0,0
"933","MF775670",0,0
"934","MF775677",0,0
"935","MF775678",0,0
"936","MF775679",0,0
"937","MF775696",0,0
"938","MF775697",0,0
"939","MF775699",0,0
"940","MF775700",0,0
"941","MF775702",0,0
"942","MF775704",0,0
"943","MF787246",2,1
"944","MF999224",0,0
"945","MG000860",0,0
"946","MG029509",0,0
"947","MG029510",0,0
"948","MG029511",0,0
"949","MG029512",0,0
"950","MG029513",0,0
"951","MG029514",0,0
"952","MG029515",0,0
"953","MG029516",0,0
"954","MG029517",0,0
"955","MG029518",0,0
"956","MG253648",0,0
"957","MG253649",0,0
"958","MG253650",0,0
"959","MG253651",0,0
"960","MG253652",0,0
"961","MG253653",0,0
"962","MG264739",0,0
"963","MG557618",0,0
"964","MG557619",0,0
"965","MG557979",3,1
"966","MG564297",0,0
"967","MG584725",0,0
"968","MG602477",0,0
"969","MG656408",0,0
"970","MG708273",0,0
"971","MG708274",0,0
"972","MG708275",0,0
"973","MG708276",0,0
"974","MG710484",0,0
"975","MG721208",0,0
"976","MG727695",0,0
"977","MG727696",0,0
"978","MG727697",0,0
"979","MG727698",0,0
"980","MG727699",0,0
"981","MG727700",0,0
"982","MG727701",0,0
"983","MG727702",0,0
"984","MG763894",0,0
"985","MG765277",3,1
"986","MG765279",3,1
"987","MG766218",0,0
"988","MG766219",0,0
"989","MG770897",0,0
"990","MG945131",0,0
"991","MG945357",0,0
"992","MG945361",0,0
"993","MG945363",0,0
"994","MG945407",0,0
"995","MG945570",0,0
"996","MG945573",0,0
"997","MG945586",0,0
"998","MG945759",0,0
"999","MG945820",0,0
"1000","MG969427",0,0
"1001","MG983742",0,0
"1002","MH000602",0,0
"1003","MH000603",0,0
"1004","MH000604",0,0
"1005","MH028956",0,0
"1006","MH078572",0,0
"1007","MH107118",0,0
"1008","MH107769",0,0
"1009","MH136584",0,0
"1010","MH159197",0,0
"1011","MH193369",0,0
"1012","MH203383",0,0
"1013","MH203384",0,0
"1014","MH220877",0,0
"1015","MH299806",1,1
"1016","MH321490",0,0
"1017","MH321491",0,0
"1018","MH321492",0,0
"1019","MH341451",0,0
"1020","MH341452",0,0
"1021","MH341453",0,0
"1022","MH355583",0,0
"1023","MH375074",0,0
"1024","MH375593",0,0
"1025","MH375594",0,0
"1026","MH375595",0,0
"1027","MH375596",0,0
"1028","MH375597",0,0
"1029","MH375598",0,0
"1030","MH375599",0,0
"1031","MH375600",0,0
"1032","MH384259",0,0
"1033","MH384260",0,0
"1034","MH384261",0,0
"1035","MH393889",0,0
"1036","MH401414",0,0
"1037","MH401415",0,0
"1038","MH401416",0,0
"1039","MH431930",0,0
"1040","MH431931",0,0
"1041","MH431932",0,0
"1042","MH431933",0,0
"1043","MH431934",0,0
"1044","MH431935",0,0
"1045","MH431936",0,0
"1046","MH431937",0,0
"1047","MH454077",0,0
"1048","MH454078",0,0
"1049","MH454079",0,0
"1050","MH454081",0,0
"1051","MH454082",0,0
"1052","MH454083",0,0
"1053","MH454084",0,0
"1054","MH458951",0,0
"1055","MH487649",1,1
"1056","MH538193",0,0
"1057","MH542234",0,0
"1058","MH606185",0,0
"1059","MH618488",0,0
"1060","MH638309",0,0
"1061","MH638310",0,0
"1062","MH638311",0,0
"1063","MH638312",0,0
"1064","MH707426",4,1
"1065","MH707427",4,1
"1066","MH707428",2,1
"1067","MH707429",0,0
"1068","MH707431",0,0
"1069","MH707432",0,0
"1070","MH707433",0,0
"1071","MH707435",0,0
"1072","MH707436",0,0
"1073","MH729379",0,0
"1074","MH752385",0,0
"1075","MH779518",0,0
"1076","MH779519",0,0
"1077","MH779520",0,0
"1078","MH779521",0,0
"1079","MH779522",0,0
"1080","MH779523",0,0
"1081","MH779524",0,0
"1082","MH779525",0,0
"1083","MH779526",0,0
"1084","MH779527",0,0
"1085","MH791397",0,0
"1086","MH791415",0,0
"1087","MH809529",2,1
"1088","MH809530",2,1
"1089","MH809531",3,1
"1090","MH837542",0,0
"1091","MH837543",0,0
"1092","MH844528",0,0
"1093","MH844529",0,0
"1094","MH853355",0,0
"1095","MH853356",0,0
"1096","MH853358",0,0
"1097","MH880817",0,0
"1098","MH884509",0,0
"1099","MH884513",0,0
"1100","MH892350",0,0
"1101","MH892351",0,0
"1102","MH892352",0,0
"1103","MH892353",0,0
"1104","MH892354",0,0
"1105","MH892355",0,0
"1106","MH892356",0,0
"1107","MH892357",0,0
"1108","MH892358",0,0
"1109","MH892359",0,0
"1110","MH892360",0,0
"1111","MH892361",0,0
"1112","MH892362",0,0
"1113","MH892363",0,0
"1114","MH892364",0,0
"1115","MH892365",0,0
"1116","MH892367",0,0
"1117","MH892368",0,0
"1118","MH892369",0,0
"1119","MH892370",0,0
"1120","MH892371",0,0
"1121","MH892372",0,0
"1122","MH892373",0,0
"1123","MH892374",0,0
"1124","MH892375",0,0
"1125","MH892376",0,0
"1126","MH892377",0,0
"1127","MH892378",0,0
"1128","MH892379",0,0
"1129","MH892380",0,0
"1130","MH892381",0,0
"1131","MH892382",0,0
"1132","MH892383",0,0
"1133","MH892384",0,0
"1134","MH892385",0,0
"1135","MH937457",0,0
"1136","MH937458",0,0
"1137","MH937459",0,0
"1138","MH937460",0,0
"1139","MH937461",0,0
"1140","MH937462",0,0
"1141","MH937463",0,0
"1142","MH937464",0,0
"1143","MH937465",0,0
"1144","MH937466",0,0
"1145","MH937467",0,0
"1146","MH937468",0,0
"1147","MH937469",0,0
"1148","MH937470",0,0
"1149","MH937471",0,0
"1150","MH937472",0,0
"1151","MH937473",0,0
"1152","MH937474",0,0
"1153","MH937475",0,0
"1154","MH937476",0,0
"1155","MH937477",0,0
"1156","MH937478",0,0
"1157","MH937479",0,0
"1158","MH937480",0,0
"1159","MH937481",0,0
"1160","MH937482",0,0
"1161","MH937483",0,0
"1162","MH937485",0,0
"1163","MH937486",0,0
"1164","MH937487",0,0
"1165","MH937488",0,0
"1166","MH937489",0,0
"1167","MH937490",0,0
"1168","MH937491",0,0
"1169","MH937492",0,0
"1170","MH937493",0,0
"1171","MH937494",0,0
"1172","MH937495",0,0
"1173","MH937496",0,0
"1174","MH937497",0,0
"1175","MH937499",0,0
"1176","MH937500",0,0
"1177","MH937501",0,0
"1178","MH937502",0,0
"1179","MH937503",0,0
"1180","MH937504",0,0
"1181","MH937505",0,0
"1182","MH937506",0,0
"1183","MH937507",0,0
"1184","MH937508",0,0
"1185","MH937509",0,0
"1186","MH937510",0,0
"1187","MH937511",0,0
"1188","MH972260",0,0
"1189","MH973661",0,0
"1190","MH973662",0,0
"1191","MH973663",0,0
"1192","MH983004",0,0
"1193","MH999280",0,0
"1194","MK017819",0,0
"1195","MK017820",0,0
"1196","MK044829",0,0
"1197","MK075001",0,0
"1198","MK075002",0,0
"1199","MK075003",0,0
"1200","MK075004",0,0
"1201","MK075005",0,0
"1202","MK075006",0,0
"1203","MK085976",0,0
"1204","MK125140",0,0
"1205","MK202159",0,0
"1206","MK202160",0,0
"1207","MK202161",0,0
"1208","MK211557",0,0
"1209","MK215646",0,0
"1210","MK250904",0,0
"1211","MK268686",0,0
"1212","MK290764",0,0
"1213","MK301442",0,0
"1214","MK301443",0,0
"1215","MK331930",0,0
"1216","MK331931",0,0
"1217","MK348510",0,0
"1218","MK360024",0,0
"1219","MK417514",0,0
"1220","MK417515",0,0
"1221","MK417516",0,0
"1222","MK448665",0,0
"1223","MK448667",0,0
"1224","MK448671",0,0
"1225","MK448672",0,0
"1226","MK448673",0,0
"1227","MK448675",0,0
"1228","MK448676",0,0
"1229","MK448677",0,0
"1230","MK448678",0,0
"1231","MK448679",0,0
"1232","MK448680",0,0
"1233","MK448681",0,0
"1234","MK448682",0,0
"1235","MK448683",0,0
"1236","MK448684",0,0
"1237","MK448685",0,0
"1238","MK448686",0,0
"1239","MK448688",0,0
"1240","MK448689",0,0
"1241","MK448690",0,0
"1242","MK448691",0,0
"1243","MK448693",0,0
"1244","MK448694",0,0
"1245","MK448696",0,0
"1246","MK448697",0,0
"1247","MK448698",0,0
"1248","MK448699",0,0
"1249","MK448700",0,0
"1250","MK448701",0,0
"1251","MK448702",0,0
"1252","MK448704",0,0
"1253","MK448705",0,0
"1254","MK448706",0,0
"1255","MK448707",0,0
"1256","MK448708",0,0
"1257","MK448709",0,0
"1258","MK448710",0,0
"1259","MK448711",0,0
"1260","MK448712",0,0
"1261","MK448714",0,0
"1262","MK448716",0,0
"1263","MK448718",0,0
"1264","MK448720",0,0
"1265","MK448721",0,0
"1266","MK448723",0,0
"1267","MK448724",0,0
"1268","MK448727",0,0
"1269","MK448729",0,0
"1270","MK448732",0,0
"1271","MK448733",0,0
"1272","MK448734",0,0
"1273","MK448735",0,0
"1274","MK448736",0,0
"1275","MK448737",0,0
"1276","MK448738",0,0
"1277","MK448739",0,0
"1278","MK448740",0,0
"1279","MK448742",0,0
"1280","MK448743",0,0
"1281","MK448746",0,0
"1282","MK448747",0,0
"1283","MK448748",0,0
"1284","MK448749",0,0
"1285","MK448750",0,0
"1286","MK448751",0,0
"1287","MK448753",0,0
"1288","MK448754",0,0
"1289","MK448755",0,0
"1290","MK448756",0,0
"1291","MK448760",0,0
"1292","MK448761",0,0
"1293","MK448762",0,0
"1294","MK448763",0,0
"1295","MK448764",0,0
"1296","MK448765",0,0
"1297","MK448766",0,0
"1298","MK448767",0,0
"1299","MK448768",0,0
"1300","MK448769",0,0
"1301","MK448770",0,0
"1302","MK448771",0,0
"1303","MK448772",0,0
"1304","MK448773",0,0
"1305","MK448774",0,0
"1306","MK448775",0,0
"1307","MK448777",0,0
"1308","MK448778",0,0
"1309","MK448779",0,0
"1310","MK448781",0,0
"1311","MK448782",0,0
"1312","MK448783",0,0
"1313","MK448784",0,0
"1314","MK448785",0,0
"1315","MK448786",0,0
"1316","MK448788",0,0
"1317","MK448789",0,0
"1318","MK448790",0,0
"1319","MK448791",0,0
"1320","MK448792",0,0
"1321","MK448793",0,0
"1322","MK448794",0,0
"1323","MK448795",0,0
"1324","MK448796",0,0
"1325","MK448797",0,0
"1326","MK448798",0,0
"1327","MK448801",0,0
"1328","MK448803",0,0
"1329","MK448804",0,0
"1330","MK448806",1,1
"1331","MK448808",0,0
"1332","MK448812",0,0
"1333","MK448813",0,0
"1334","MK448814",0,0
"1335","MK448816",0,0
"1336","MK448817",0,0
"1337","MK448820",0,0
"1338","MK448821",0,0
"1339","MK448822",0,0
"1340","MK448823",0,0
"1341","MK448824",0,0
"1342","MK448829",0,0
"1343","MK448830",0,0
"1344","MK448831",0,0
"1345","MK448832",0,0
"1346","MK448833",0,0
"1347","MK448834",0,0
"1348","MK448837",0,0
"1349","MK448838",0,0
"1350","MK448839",0,0
"1351","MK448841",0,0
"1352","MK448842",0,0
"1353","MK448843",0,0
"1354","MK448844",0,0
"1355","MK448845",0,0
"1356","MK448848",0,0
"1357","MK448849",0,0
"1358","MK448850",0,0
"1359","MK448851",0,0
"1360","MK448852",0,0
"1361","MK448853",0,0
"1362","MK448854",0,0
"1363","MK448855",0,0
"1364","MK448856",0,0
"1365","MK448857",0,0
"1366","MK448858",0,0
"1367","MK448859",0,0
"1368","MK448860",0,0
"1369","MK448861",0,0
"1370","MK448862",0,0
"1371","MK448864",0,0
"1372","MK448865",0,0
"1373","MK448866",0,0
"1374","MK448867",0,0
"1375","MK448868",0,0
"1376","MK448869",0,0
"1377","MK448870",0,0
"1378","MK448871",0,0
"1379","MK448873",0,0
"1380","MK448874",0,0
"1381","MK448875",0,0
"1382","MK448877",0,0
"1383","MK448878",0,0
"1384","MK448879",0,0
"1385","MK448880",0,0
"1386","MK448881",0,0
"1387","MK448882",0,0
"1388","MK448884",0,0
"1389","MK448885",0,0
"1390","MK448886",0,0
"1391","MK448887",0,0
"1392","MK448889",0,0
"1393","MK448890",0,0
"1394","MK448891",0,0
"1395","MK448893",0,0
"1396","MK448895",0,0
"1397","MK448896",0,0
"1398","MK448897",0,0
"1399","MK448898",0,0
"1400","MK448899",0,0
"1401","MK448900",0,0
"1402","MK448901",0,0
"1403","MK448902",0,0
"1404","MK448903",0,0
"1405","MK448904",0,0
"1406","MK448905",0,0
"1407","MK448907",0,0
"1408","MK448908",0,0
"1409","MK448909",0,0
"1410","MK448910",0,0
"1411","MK448911",0,0
"1412","MK448912",0,0
"1413","MK448913",0,0
"1414","MK448914",0,0
"1415","MK448915",0,0
"1416","MK448916",0,0
"1417","MK448917",0,0
"1418","MK448918",0,0
"1419","MK448919",0,0
"1420","MK448921",0,0
"1421","MK448924",0,0
"1422","MK448925",0,0
"1423","MK448926",0,0
"1424","MK448927",0,0
"1425","MK448929",0,0
"1426","MK448930",0,0
"1427","MK448931",0,0
"1428","MK448933",0,0
"1429","MK448934",0,0
"1430","MK448937",0,0
"1431","MK448938",0,0
"1432","MK448941",0,0
"1433","MK448942",0,0
"1434","MK448943",0,0
"1435","MK448944",0,0
"1436","MK448945",0,0
"1437","MK448946",0,0
"1438","MK448947",0,0
"1439","MK448948",0,0
"1440","MK448949",0,0
"1441","MK448950",0,0
"1442","MK448951",0,0
"1443","MK448952",0,0
"1444","MK448953",0,0
"1445","MK448954",0,0
"1446","MK448955",0,0
"1447","MK448956",0,0
"1448","MK448957",0,0
"1449","MK448958",0,0
"1450","MK448959",0,0
"1451","MK448960",0,0
"1452","MK448961",0,0
"1453","MK448962",0,0
"1454","MK448963",0,0
"1455","MK448964",0,0
"1456","MK448965",0,0
"1457","MK448966",0,0
"1458","MK448967",0,0
"1459","MK448968",0,0
"1460","MK448969",0,0
"1461","MK448970",0,0
"1462","MK448971",0,0
"1463","MK448972",0,0
"1464","MK448973",0,0
"1465","MK448974",0,0
"1466","MK448975",0,0
"1467","MK448976",0,0
"1468","MK448977",0,0
"1469","MK448978",0,0
"1470","MK448980",0,0
"1471","MK448981",0,0
"1472","MK448982",0,0
"1473","MK448984",0,0
"1474","MK448985",0,0
"1475","MK448986",0,0
"1476","MK448987",0,0
"1477","MK448988",0,0
"1478","MK448989",0,0
"1479","MK448990",0,0
"1480","MK448993",0,0
"1481","MK448995",0,0
"1482","MK448996",0,0
"1483","MK448997",0,0
"1484","MK448998",0,0
"1485","MK449000",0,0
"1486","MK449002",0,0
"1487","MK449003",0,0
"1488","MK449004",0,0
"1489","MK449005",0,0
"1490","MK449006",0,0
"1491","MK449008",0,0
"1492","MK449009",0,0
"1493","MK449010",0,0
"1494","MK449012",0,0
"1495","MK450538",0,0
"1496","MK473382",0,0
"1497","MK504443",0,0
"1498","MK504444",2,1
"1499","MK504446",0,0
"1500","MK560763",0,0
"1501","MK570225",0,0
"1502","MK584893",0,0
"1503","MK618716",0,0
"1504","MK656892",0,0
"1505","MK658834",0,0
"1506","MK693030",0,0
"1507","MK721186",0,0
"1508","MK721187",0,0
"1509","MK721189",0,0
"1510","MK721190",0,0
"1511","MK721191",0,0
"1512","MK721192",0,0
"1513","MK721194",0,0
"1514","MK721199",0,0
"1515","MK721200",0,0
"1516","MK759918",0,0
"1517","MK764384",0,0
"1518","MK779875",0,0
"1519","MK792752",1,1
"1520","MK800154",0,0
"1521","MK801680",0,0
"1522","MK801681",0,0
"1523","MK801682",0,0
"1524","MK801683",0,0
"1525","MK843319",0,0
"1526","MK903033",0,0
"1527","MK922546",0,0
"1528","MK922547",0,0
"1529","MK922548",0,0
"1530","MK936476",0,0
"1531","MK940809",0,0
"1532","MK982307",0,0
"1533","MN013088",0,0
"1534","MN013089",1,1
"1535","MN027503",0,0
"1536","MN028536",0,0
"1537","MN038176",0,0
"1538","MN038178",0,0
"1539","MN038179",0,0
"1540","MN043729",0,0
"1541","MN043730",0,0
"1542","MN045228",0,0
"1543","MN047438",0,0
"1544","MN065183",0,0
"1545","MN082625",0,0
"1546","MN091625",0,0
"1547","MN098325",0,0
"1548","MN103542",0,0
"1549","MN114082",0,0
"1550","MN114083",0,0
"1551","MN128593",0,0
"1552","MN128594",1,1
"1553","MN150686",0,0
"1554","MN150710",0,0
"1555","MN153503",0,0
"1556","MN172529",1,1
"1557","MN176219",0,0
"1558","MN176220",0,0
"1559","MN176221",0,0
"1560","MN176228",0,0
"1561","MN176230",0,0
"1562","MN176231",0,0
"1563","MN176232",0,0
"1564","MN241318",0,0
"1565","MN270279",0,0
"1566","MN304941",0,0
"1567","MN336261",0,0
"1568","MN336262",0,0
"1569","MN336263",0,0
"1570","MN337887",0,0
"1571","MN417334",0,0
"1572","MN524845",0,0
"1573","MN528768",0,0
"1574","MN534315",0,0
"1575","MN534316",0,0
"1576","MN534317",0,0
"1577","MN534318",0,0
"1578","MN534319",0,0
"1579","MN534320",0,0
"1580","MN539736",0,0
"1581","MN539737",0,0
"1582","MN539738",0,0
"1583","MN552144",0,0
"1584","MN552149",0,0
"1585","MN552150",0,0
"1586","MN689503",0,0
"1587","MN689504",0,0
"1588","MN689505",0,0
"1589","MN689506",0,0
"1590","MN689507",0,0
"1591","MN689508",0,0
"1592","MN689509",0,0
"1593","MN689510",0,0
"1594","MN689511",0,0
"1595","MN689512",0,0
"1596","MN689513",0,0
"1597","MN689514",0,0
"1598","MN689515",0,0
"1599","MN689523",0,0
"1600","MN689526",0,0
"1601","MN689527",0,0
"1602","MN689528",0,0
"1603","MN689529",0,0
"1604","MN689531",0,0
"1605","MN689532",0,0
"1606","MN689533",0,0
"1607","MN718463",0,0
"1608","MN830254",0,0
"1609","MN830255",0,0
"1610","MN830256",0,0
"1611","MN830257",0,0
"1612","MN830258",0,0
"1613","MN830259",0,0
"1614","MN854830",0,0
"1615","MN857617",0,0
"1616","MN871443",0,0
"1617","MN882550",0,0
"1618","MN882554",0,0
"1619","MN904502",1,1
"1620","MN904510",0,0
"1621","MN935200",0,0
"1622","MN938931",0,0
"1623","MN939408",0,0
"1624","MN939539",1,1
"1625","MN939540",1,1
"1626","MN995824",0,0
"1627","MT013111",0,0
"1628","MT080582",0,0
"1629","MT080583",0,0
"1630","MT080584",0,0
"1631","MT080585",0,0
"1632","MT080586",0,0
"1633","MT080587",0,0
"1634","MT080588",0,0
"1635","MT080589",0,0
"1636","MT080590",0,0
"1637","MT080591",0,0
"1638","MT080592",0,0
"1639","MT080593",0,0
"1640","MT080594",0,0
"1641","MT080595",0,0
"1642","MT080596",0,0
"1643","MT080597",0,0
"1644","MT080598",0,0
"1645","MT080599",0,0
"1646","MT080600",0,0
"1647","MT080601",0,0
"1648","MT080602",0,0
"1649","MT080603",0,0
"1650","MT104122",0,0
"1651","MT119359",0,0
"1652","MT135293",0,0
"1653","MT136606",0,0
"1654","MT151386",0,0
"1655","MT151604",0,0
"1656","MT178766",1,1
"1657","MT178767",1,1
"1658","MT193276",0,0
"1659","MT210152",0,0
"1660","MT226657",0,0
"1661","MT325768",1,1
"1662","MT338525",0,0
"1663","MT350292",0,0
"1664","MT350293",0,0
"1665","MT366568",0,0
"1666","MT366945",0,0
"1667","MT366946",0,0
"1668","MT366947",0,0
"1669","MT366948",0,0
"1670","MT410774",0,0
"1671","MT411892",0,0
"1672","MT416612",0,0
"1673","MT422786",0,0
"1674","MT423823",0,0
"1675","MT423824",0,0
"1676","MT430910",0,0
"1677","MT438761",1,1
"1678","MT459794",6,1
"1679","MT500540",0,0
"1680","MT514532",0,0
"1681","MT520979",0,0
"1682","MT554104",0,0
"1683","MT584805",0,0
"1684","MT596497",0,0
"1685","MT596498",0,0
"1686","MT596501",0,0
"1687","MT596502",0,0
"1688","MT596503",0,0
"1689","MT596504",0,0
"1690","MT596505",0,0
"1691","MT596506",0,0
"1692","MT601270",0,0
"1693","MT601271",0,0
"1694","MT601272",0,0
"1695","MT601273",0,0
"1696","MT601274",0,0
"1697","MT627482",0,0
"1698","MT661597",0,0
"1699","MT661598",0,0
"1700","MT668623",1,1
"1701","MT668624",1,1
"1702","MT700412",0,0
"1703","MT724048",0,0
"1704","MT745954",0,0
"1705","MT745955",0,0
"1706","MT745956",0,0
"1707","MT747435",0,0
"1708","MT758689",0,0
"1709","MT786458",0,0
"1710","MT787017",0,0
"1711","MT829326",0,0
"1712","MT856905",0,0
"1713","MT857001",0,0
"1714","MT880870",0,0
"1715","MT880871",0,0
"1716","MT899504",0,0
"1717","MT900487",0,0
"1718","MT900488",0,0
"1719","MT909815",0,0
"1720","MT926124",0,0
"1721","MT939240",0,0
"1722","MT956952",0,0
"1723","MT980836",0,0
"1724","MT980837",0,0
"1725","MT980838",0,0
"1726","MT980839",0,0
"1727","MT980840",0,0
"1728","MT980841",0,0
"1729","MW001214",0,0
"1730","MW004544",0,0
"1731","MW004545",0,0
"1732","MW041632",0,0
"1733","MW041635",0,0
"1734","MW041636",0,0
"1735","MW041638",0,0
"1736","MW057920",7,1
"1737","MW147366",0,0
"1738","MW192778",0,0
"1739","MW221967",0,0
"1740","MW238767",0,0
"1741","MW281503",0,0
"1742","MW286254",0,0
"1743","MW354667",0,0
"1744","MW354668",4,1
"1745","MW354670",4,1
"1746","MW363798",0,0
"1747","MW363799",0,0
"1748","MW364971",0,0
"1749","MW364972",0,0
"1750","MW364973",0,0
"1751","MW364974",0,0
"1752","MW364975",0,0
"1753","MW392803",0,0
"1754","MW394467",0,0
"1755","MW419084",0,0
"1756","MW419085",0,0
"1757","MW419086",0,0
"1758","MW419087",0,0
"1759","MW430345",0,0
"1760","MW460250",0,0
"1761","MW476489",0,0
"1762","MW476490",0,0
"1763","MW478289",0,0
"1764","MW478290",0,0
"1765","MW478291",0,0
"1766","MW478292",0,0
"1767","MW495853",0,0
"1768","MW512570",0,0
"1769","MW512571",0,0
"1770","MW512572",0,0
"1771","MW512573",0,0
"1772","MW528836",0,0
"1773","MW546064",0,0
"1774","MW546065",0,0
"1775","MW546066",0,0
"1776","MW546067",0,0
"1777","MW546068",0,0
"1778","MW546069",0,0
"1779","MW546070",0,0
"1780","MW546071",0,0
"1781","MW546072",0,0
"1782","MW546073",0,0
"1783","MW546074",0,0
"1784","MW546075",0,0
"1785","MW546077",0,0
"1786","MW554488",0,0
"1787","MW584228",0,0
"1788","MW596414",0,0
"1789","MW627293",0,0
"1790","MW633168",0,0
"1791","MW650841",0,0
"1792","MW677132",0,0
"1793","MW749002",0,0
"1794","MW749006",0,0
"1795","MW749007",0,0
"1796","MW787012",0,0
"1797","MW815121",0,0
"1798","MW846279",0,0
"1799","MW864250",0,0
"1800","MW864251",0,0
"1801","MW864252",0,0
"1802","MW924497",0,0
"1803","MW924889",0,0
"1804","MW927511",0,0
"1805","MW927512",0,0
"1806","MW927513",0,0
"1807","MW927514",0,0
"1808","MW927515",0,0
"1809","MW927516",0,0
"1810","MW927517",0,0
"1811","MW927518",0,0
"1812","MW927519",0,0
"1813","MW927520",0,0
"1814","MW927521",0,0
"1815","MW927522",0,0
"1816","MW927523",0,0
"1817","MW927524",0,0
"1818","MW927525",0,0
"1819","MZ041098",0,0
"1820","MZ089978",0,0
"1821","MZ089979",0,0
"1822","MZ090946",0,0
"1823","MZ092003",0,0
"1824","MZ147816",0,0
"1825","MZ182246",0,0
"1826","MZ272341",0,0
"1827","MZ308445",0,0
"1828","MZ326865",0,0
"1829","MZ333456",0,0
"1830","MZ333457",0,0
"1831","MZ333458",0,0
"1832","MZ333461",0,0
"1833","MZ333462",0,0
"1834","MZ359091",0,0
"1835","MZ361825",0,0
"1836","MZ361827",0,0
"1837","MZ398135",0,0
"1838","MZ398136",0,0
"1839","MZ399596",0,0
"1840","MZ401006",0,0
"1841","MZ401008",7,1
"1842","MZ401009",7,1
"1843","MZ417315",0,0
"1844","MZ417316",0,0
"1845","MZ417317",0,0
"1846","MZ417318",0,0
"1847","MZ417319",0,0
"1848","MZ417320",0,0
"1849","MZ417321",0,0
"1850","MZ417322",0,0
"1851","MZ417323",0,0
"1852","MZ417324",0,0
"1853","MZ417325",0,0
"1854","MZ417326",0,0
"1855","MZ417327",0,0
"1856","MZ417328",0,0
"1857","MZ417329",0,0
"1858","MZ417330",0,0
"1859","MZ417331",0,0
"1860","MZ417332",0,0
"1861","MZ417333",0,0
"1862","MZ417334",0,0
"1863","MZ417335",0,0
"1864","MZ417337",0,0
"1865","MZ417340",0,0
"1866","MZ417344",0,0
"1867","MZ417345",0,0
"1868","MZ417346",0,0
"1869","MZ417347",0,0
"1870","MZ417349",0,0
"1871","MZ417350",0,0
"1872","MZ417351",0,0
"1873","MZ417352",0,0
"1874","MZ417353",0,0
"1875","MZ417354",0,0
"1876","MZ420150",0,0
"1877","MZ427930",0,0
"1878","MZ488273",0,0
"1879","MZ501260",0,0
"1880","MZ501261",0,0
"1881","MZ501262",0,0
"1882","MZ501263",0,0
"1883","MZ501264",0,0
"1884","MZ501265",0,0
"1885","MZ570582",0,0
"1886","MZ573780",0,0
"1887","MZ573923",0,0
"1888","MZ643272",0,0
"1889","MZ666130",0,0
"1890","MZ751040",0,0
"1891","MZ955869",0,0
"1892","MZ969646",0,0
"1893","MZ983385",0,0
"1894","MZ995505",0,0
"1895","OK173051",0,0
"1896","OK247671",0,0
"1897","OK283618",0,0
"1898","OK349510",0,0
"1899","OK499976",0,0
"1900","OK499977",0,0
"1901","OK499979",0,0
"1902","OK499983",0,0
"1903","OK499990",0,0
"1904","OK499999",0,0
"1905","OK500001",0,0
"1906","OK500002",0,0
"1907","OL362280",0,0
"1908","OL436245",0,0
"1909","OL436246",0,0
"1910","OL505084",0,0
"1911","OL505085",0,0
"1912","OL539449",0,0
"1913","OL547738",7,1
"1914","OL580764",0,0
"1915","OL690335",0,0
"1916","OL741057",0,0
"1917","OL774867",0,0
"1918","OL774868",0,0
"1919","OL774869",0,0
"1920","OL774870",0,0
"1921","OL774871",0,0
"1922","OL774872",0,0
"1923","OL774873",0,0
"1924","OL774875",0,0
"1925","OL774877",0,0
"1926","OL799256",0,0
"1927","OL799257",0,0
"1928","OL799258",0,0
"1929","OL799260",0,0
"1930","OL840290",0,0
"1931","OL870611",0,0
"1932","OL870612",0,0
"1933","OL960567",0,0
"1934","OL960568",0,0
"1935","OL960569",0,0
"1936","OL960570",0,0
"1937","OL963532",0,0
"1938","OL964058",0,0
"1939","OM030343",0,0
"1940","OM112209",0,0
"1941","OM112210",0,0
"1942","OM135992",1,1
"1943","OM236513",0,0
"1944","OM236514",0,0
"1945","OM236515",0,0
"1946","OM240926",4,1
"1947","OM240927",4,1
"1948","OM240928",4,1
"1949","OM240929",4,1
"1950","OM249958",4,1
"1951","OM293948",0,0
"1952","OM293949",0,0
"1953","OM304856",0,0
"1954","OM350011",0,0
"1955","OM350012",0,0
"1956","OM350013",0,0
"1957","OM373548",0,0
"1958","OM373550",0,0
"1959","OM373551",0,0
"1960","OM373552",0,0
"1961","OM373553",0,0
"1962","OM373554",0,0
"1963","OM373556",0,0
"1964","OM373557",0,0
"1965","OM373558",0,0
"1966","OM373559",0,0
"1967","OM373561",0,0
"1968","OM439662",0,0
"1969","OM439663",0,0
"1970","OM439664",0,0
"1971","OM439665",0,0
"1972","OM439666",0,0
"1973","OM439667",0,0
"1974","OM439668",0,0
"1975","OM439669",0,0
"1976","OM439670",0,0
"1977","OM439671",0,0
"1978","OM439672",0,0
"1979","OM439673",0,0
"1980","OM439674",0,0
"1981","OM439675",0,0
"1982","OM638104",0,0
"1983","OM687507",0,0
"1984","OM687508",0,0
"1985","OM687509",0,0
"1986","OM687510",0,0
"1987","OM728296",0,0
"1988","OM728298",0,0
"1989","OM728299",0,0
"1990","OM728300",0,0
"1991","OM728301",0,0
"1992","OM728302",0,0
"1993","OM728303",0,0
"1994","OM728304",0,0
"1995","OM743306",0,0
"1996","OM850391",0,0
"1997","OM850392",0,0
"1998","OM966901",0,0
"1999","OM982668",0,0
"2000","OM982669",0,0
"2001","OM982670",0,0
"2002","OM982671",0,0
"2003","OM982672",0,0
"2004","OM982673",0,0
"2005","OM982674",0,0
"2006","ON086985",0,0
"2007","ON107264",0,0
"2008","ON113167",0,0
"2009","ON113168",0,0
"2010","ON113169",0,0
"2011","ON113170",0,0
"2012","ON113171",0,0
"2013","ON113172",0,0
"2014","ON113173",0,0
"2015","ON113174",0,0
"2016","ON113175",0,0
"2017","ON113176",0,0
"2018","ON113177",0,0
"2019","ON113178",0,0
"2020","ON113179",0,0
"2021","ON113180",0,0
"2022","ON113334",0,0
"2023","ON113344",0,0
"2024","ON113345",0,0
"2025","ON125307",0,0
"2026","ON153212",0,0
"2027","ON286976",0,0
"2028","ON325435",0,0
"2029","ON366411",0,0
"2030","ON453898",0,0
"2031","ON453899",0,0
"2032","ON453900",0,0
"2033","ON453901",0,0
"2034","ON456151",0,0
"2035","ON506927",0,0
"2036","ON506928",0,0
"2037","ON513432",0,0
"2038","ON528935",0,0
"2039","ON550478",0,0
"2040","ON571632",0,0
"2041","ON699007",0,0
"2042","ON741189",0,0
"2043","ON814134",0,0
"2044","ON814135",0,0
"2045","ON814136",0,0
"2046","ON856257",0,0
"2047","ON856258",0,0
"2048","ON866946",0,0
"2049","ON911714",0,0
"2050","ON911715",0,0
"2051","ON911716",0,0
"2052","ON911717",0,0
"2053","ON911718",0,0
"2054","ON975036",0,0
"2055","ON989481",0,0
"2056","OP022426",0,0
"2057","OP038318",0,0
"2058","OP038319",0,0
"2059","OP038320",0,0
"2060","OP039102",0,0
"2061","OP066531",0,0
"2062","OP136131",0,0
"2063","OP136132",0,0
"2064","OP136133",0,0
"2065","OP136134",0,0
"2066","OP136135",0,0
"2067","OP142323",0,0
"2068","OP168678",0,0
"2069","OP172635",0,0
"2070","OP172636",0,0
"2071","OP172637",0,0
"2072","OP172752",0,0
"2073","OP172758",1,1
"2074","OP172775",0,0
"2075","OP172779",0,0
"2076","OP172780",0,0
"2077","OP172781",0,0
"2078","OP172782",0,0
"2079","OP172783",0,0
"2080","OP172797",0,0
"2081","OP172798",0,0
"2082","OP172799",0,0
"2083","OP172800",0,0
"2084","OP172801",0,0
"2085","OP172802",0,0
"2086","OP172803",0,0
"2087","OP172804",0,0
"2088","OP172805",0,0
"2089","OP172806",0,0
"2090","OP172807",0,0
"2091","OP235318",0,0
"2092","OP254195",0,0
"2093","OP256049",1,1
"2094","OP263967",0,0
"2095","OP263968",0,0
"2096","OP263969",0,0
"2097","OP297178",0,0
"2098","OP323059",0,0
"2099","OP323071",0,0
"2100","OP323072",0,0
"2101","OP323073",0,0
"2102","OP323074",0,0
"2103","OP323075",0,0
"2104","OP323076",0,0
"2105","OP323077",0,0
"2106","OP328420",0,0
"2107","OP328421",0,0
"2108","OP328422",0,0
"2109","OP328423",0,0
"2110","OP341623",0,0
"2111","OP341624",0,0
"2112","OP341625",0,0
"2113","OP341626",0,0
"2114","OP341627",0,0
"2115","OP341628",0,0
"2116","OP341629",0,0
"2117","OP341630",0,0
"2118","OP352121",0,0
"2119","OP352122",0,0
"2120","OP352123",0,0
"2121","OP352124",0,0
"2122","OP352125",0,0
"2123","OP374154",0,0
"2124","OP374155",0,0
"2125","OP374156",0,0
"2126","OP381444",0,0
"2127","OP432864",0,0
"2128","OP451909",0,0
"2129","OP451910",0,0
"2130","OP451911",0,0
"2131","OP451912",0,0
"2132","OP451913",0,0
"2133","OP451914",0,0
"2134","OP451915",0,0
"2135","OP451916",0,0
"2136","OP451917",0,0
"2137","OP451918",0,0
"2138","OP451919",0,0
"2139","OP451920",0,0
"2140","OP451921",0,0
"2141","OP451922",0,0
"2142","OP451924",0,0
"2143","OP451926",0,0
"2144","OP451927",0,0
"2145","OP451929",0,0
"2146","OP451930",0,0
"2147","OP451932",0,0
"2148","OP451933",0,0
"2149","OP451934",0,0
"2150","OP451935",0,0
"2151","OP451936",0,0
"2152","OP451937",0,0
"2153","OP451938",0,0
"2154","OP451939",0,0
"2155","OP451940",0,0
"2156","OP451941",0,0
"2157","OP451942",0,0
"2158","OP451943",0,0
"2159","OP451944",0,0
"2160","OP451945",0,0
"2161","OP451946",0,0
"2162","OP451947",0,0
"2163","OP451948",0,0
"2164","OP451949",0,0
"2165","OP451950",0,0
"2166","OP451951",0,0
"2167","OP451952",0,0
"2168","OP451953",0,0
"2169","OP451954",0,0
"2170","OP451955",0,0
"2171","OP451957",0,0
"2172","OP451958",0,0
"2173","OP451959",0,0
"2174","OP451960",0,0
"2175","OP451961",0,0
"2176","OP451962",0,0
"2177","OP455936",0,0
"2178","OP455937",0,0
"2179","OP455938",0,0
"2180","OP455939",0,0
"2181","OP455940",0,0
"2182","OP493557",0,0
"2183","OP493558",0,0
"2184","OP494865",0,0
"2185","OP503543",0,0
"2186","OP503968",0,0
"2187","OP503969",0,0
"2188","OP503970",0,0
"2189","OP503971",0,0
"2190","OP503972",0,0
"2191","OP503973",0,0
"2192","OP503974",0,0
"2193","OP503975",0,0
"2194","OP503976",0,0
"2195","OP503977",0,0
"2196","OP503978",0,0
"2197","OP503979",0,0
"2198","OP503980",0,0
"2199","OP503981",0,0
"2200","OP503982",0,0
"2201","OP503983",0,0
"2202","OP503984",0,0
"2203","OP503985",0,0
"2204","OP503986",0,0
"2205","OP503987",0,0
"2206","OP503988",0,0
"2207","OP503989",0,0
"2208","OP503990",0,0
"2209","OP503991",0,0
"2210","OP503992",0,0
"2211","OP503993",0,0
"2212","OP503994",0,0
"2213","OP503995",0,0
"2214","OP559177",0,0
"2215","OP559178",0,0
"2216","OP559179",0,0
"2217","OP584903",0,0
"2218","OP584904",0,0
"2219","OP594307",0,0
"2220","OP628075",0,0
"2221","OP628076",0,0
"2222","OP646176",0,0
"2223","OP651044",0,0
"2224","OP661216",0,0
"2225","OP661217",0,0
"2226","OP676228",0,0
"2227","OP745419",0,0
"2228","OP745420",0,0
"2229","OP750331",0,0
"2230","OP753449",0,0
"2231","OP753450",0,0
"2232","OP753451",0,0
"2233","OP753452",0,0
"2234","OP753453",0,0
"2235","OP779214",0,0
"2236","OP797801",0,0
"2237","OP807341",0,0
"2238","OP807344",0,0
"2239","OP807346",0,0
"2240","OP831581",0,0
"2241","OP856857",0,0
"2242","OP869843",0,0
"2243","OP869846",0,0
"2244","OP869848",0,0
"2245","OP869849",0,0
"2246","OP869851",0,0
"2247","OP869853",0,0
"2248","OP869854",0,0
"2249","OP869855",0,0
"2250","OP889240",0,0
"2251","OP894077",0,0
"2252","OP902294",0,0
"2253","OP913462",0,0
"2254","OP913463",0,0
"2255","OP913464",0,0
"2256","OP913465",0,0
"2257","OP918669",0,0
"2258","OP926971",0,0
"2259","OP926972",0,0
"2260","OP940114",0,0
"2261","OP947204",0,0
"2262","OP961718",0,0
"2263","OQ025229",0,0
"2264","OQ025230",0,0
"2265","OQ031494",0,0
"2266","OQ031496",0,0
"2267","OQ094961",0,0
"2268","OQ129425",0,0
"2269","OQ129426",0,0
"2270","OQ240252",0,0
"2271","OQ240253",0,0
"2272","OQ240254",0,0
"2273","OQ240255",0,0
"2274","OQ240256",0,0
"2275","OQ240257",0,0
"2276","OQ240258",0,0
"2277","OQ240259",0,0
"2278","OQ240260",0,0
"2279","OQ259508",0,0
"2280","OQ259509",0,0
"2281","OQ269649",0,0
"2282","OQ297175",0,0
"2283","OQ302592",0,0
"2284","OQ302593",0,0
"2285","OQ317942",0,0
"2286","OQ319049",0,0
"2287","OQ338183",0,0
"2288","OQ338184",0,0
"2289","OQ355699",0,0
"2290","OQ355700",0,0
"2291","OQ355702",0,0
"2292","OQ355703",0,0
"2293","OQ355704",0,0
"2294","OQ420427",0,0
"2295","OQ428188",0,0
"2296","OQ434248",0,0
"2297","OQ448193",0,0
"2298","OQ448194",0,0
"2299","OQ448195",0,0
"2300","OQ557157",0,0
"2301","OQ578993",0,0
"2302","OQ578994",0,0
"2303","OQ578995",0,0
"2304","OQ588745",0,0
"2305","OQ594774",0,0
"2306","OQ623132",0,0
"2307","OQ623150",0,0
"2308","OQ627164",0,0
"2309","OQ627802",0,0
"2310","OQ627803",0,0
"2311","OQ627804",0,0
"2312","OQ627805",0,0
"2313","OQ627806",0,0
"2314","OQ627808",0,0
"2315","OQ633473",0,0
"2316","OQ653963",0,0
"2317","OQ658779",0,0
"2318","OQ686909",0,0
"2319","OQ687052",0,0
"2320","OQ703261",0,0
"2321","OQ717002",0,0
"2322","OQ737697",0,0
"2323","OQ819458",0,0
"2324","OQ819459",0,0
"2325","OQ828659",0,0
"2326","OQ831052",0,0
"2327","OQ851348",0,0
"2328","OQ863044",0,0
"2329","OQ863045",0,0
"2330","OQ866599",0,0
"2331","OQ870554",1,1
"2332","OQ876859",0,0
"2333","OQ884029",0,0
"2334","OQ884030",0,0
"2335","OQ915374",0,0
"2336","OQ921336",0,0
"2337","OQ921337",0,0
"2338","OQ921338",0,0
"2339","OQ921339",0,0
"2340","OQ921340",0,0
"2341","OQ921341",0,0
"2342","OQ921342",0,0
"2343","OQ921343",0,0
"2344","OQ921344",0,0
"2345","OQ921345",0,0
"2346","OQ921346",0,0
"2347","OQ921347",0,0
"2348","OQ921348",0,0
"2349","OQ981145",0,0
"2350","OQ985161",0,0
"2351","OQ985162",0,0
"2352","OQ985163",0,0
"2353","OQ985164",0,0
"2354","OQ985165",0,0
"2355","OQ985166",0,0
"2356","OQ985167",0,0
"2357","OQ985168",0,0
"2358","OQ985169",0,0
"2359","OQ985170",0,0
"2360","OQ999172",0,0
"2361","OR062948",0,0
"2362","OR062949",0,0
"2363","OR062950",0,0
"2364","OR088597",1,1
"2365","OR096218",0,0
"2366","OR113389",0,0
"2367","OR113390",0,0
"2368","OR125582",1,1
"2369","OR125583",1,1
"2370","OR125584",1,1
"2371","OR125585",1,1
"2372","OR125586",1,1
"2373","OR125587",1,1
"2374","OR125588",1,1
"2375","OR148992",0,0
"2376","OR157981",0,0
"2377","OR199843",0,0
"2378","OR199844",0,0
"2379","OR206057",0,0
"2380","OR234009",0,0
"2381","OR234010",0,0
"2382","OR234014",0,0
"2383","OR237563",0,0
"2384","OR237564",0,0
"2385","OR237565",0,0
"2386","OR238371",0,0
"2387","OR259390",0,0
"2388","OR295560",0,0
"2389","OR327749",0,0
"2390","OR338916",0,0
"2391","OR354820",0,0
"2392","OR354821",0,0
"2393","OR354822",0,0
"2394","OR354823",0,0
"2395","OR354841",0,0
"2396","OR354842",0,0
"2397","OR354843",0,0
"2398","OR354844",0,0
"2399","OR354845",0,0
"2400","OR354846",0,0
"2401","OR354847",0,0
"2402","OR354848",0,0
"2403","OR354849",0,0
"2404","OR354850",0,0
"2405","OR360270",0,0
"2406","OR371505",0,0
"2407","OR387861",1,1
"2408","OR397123",0,0
"2409","OR397124",0,0
"2410","OR428172",0,0
"2411","OR453397",0,0
"2412","OR453398",0,0
"2413","OR453399",0,0
"2414","OR474483",0,0
"2415","OR479082",0,0
"2416","OR480986",0,0
"2417","OR480987",0,0
"2418","OR480988",0,0
"2419","OR487170",0,0
"2420","OR495699",0,0
"2421","OR495700",0,0
"2422","OR495701",0,0
"2423","OR506460",0,0
"2424","OR509662",0,0
"2425","OR509663",0,0
"2426","OR513903",0,0
"2427","OR513904",0,0
"2428","OR513905",0,0
"2429","OR513906",0,0
"2430","OR573959",0,0
"2431","OR574845",0,0
"2432","OR602701",0,0
"2433","OR602702",0,0
"2434","OR602703",0,0
"2435","OR611155",0,0
"2436","OR640346",0,0
"2437","OR640347",0,0
"2438","OR640348",0,0
"2439","OR640349",0,0
"2440","OR640350",0,0
"2441","OR670591",0,0
"2442","OR683639",0,0
"2443","OR725122",0,0
"2444","OR762047",0,0
"2445","OR767211",0,0
"2446","OR777946",0,0
"2447","OR780021",0,0
"2448","OR786094",0,0
"2449","OR786095",0,0
"2450","OR797478",0,0
"2451","OR820920",0,0
"2452","OR844942",0,0
"2453","OR844943",0,0
"2454","OR844989",1,1
"2455","OR844990",0,0
"2456","OR844991",0,0
"2457","OR844992",0,0
"2458","OR844993",0,0
"2459","OR844994",0,0
"2460","OR844995",0,0
"2461","OR844996",0,0
"2462","OR844997",0,0
"2463","OR844998",0,0
"2464","OR844999",0,0
"2465","OR845001",0,0
"2466","OR845002",0,0
"2467","OR845003",0,0
"2468","OR845004",0,0
"2469","OR845005",0,0
"2470","OR845006",0,0
"2471","OR846587",0,0
"2472","OR846588",1,1
"2473","OR846589",0,0
"2474","OR846590",0,0
"2475","OR846591",0,0
"2476","OR846592",0,0
"2477","OR846594",0,0
"2478","OR846595",0,0
"2479","OR846596",0,0
"2480","OR846597",0,0
"2481","OR846598",0,0
"2482","OR846599",0,0
"2483","OR846600",1,1
"2484","OR846601",0,0
"2485","OR846602",0,0
"2486","OR846603",3,1
"2487","OR846604",0,0
"2488","OR846605",0,0
"2489","OR846606",0,0
"2490","OR846607",0,0
"2491","OR846617",0,0
"2492","OR846716",6,1
"2493","OR846717",0,0
"2494","OR846718",0,0
"2495","OR846719",0,0
"2496","OR846720",0,0
"2497","OR846721",0,0
"2498","OR846722",5,1
"2499","OR846723",0,0
"2500","OR846724",0,0
"2501","OR846725",0,0
"2502","OR846726",0,0
"2503","OR846730",0,0
"2504","OR846732",0,0
"2505","OR846733",0,0
"2506","OR846737",0,0
"2507","OR846740",0,0
"2508","OR848098",0,0
"2509","OR848100",0,0
"2510","OR866204",0,0
"2511","OR885926",0,0
"2512","OR901656",0,0
"2513","OR944503",0,0
"2514","OR947472",5,1
"2515","OX463805",0,0
"2516","PP003747",0,0
"2517","PP028463",0,0
"2518","PP034388",0,0
"2519","PP034390",0,0
"2520","PP063007",0,0
"2521","PP063008",0,0
"2522","PP063009",0,0
"2523","PP063010",0,0
"2524","PP063011",0,0
"2525","PP063012",0,0
"2526","PP063013",0,0
"2527","PP092045",0,0
"2528","PP098621",0,0
"2529","PP098622",0,0
"2530","PP098623",0,0
"2531","PP098624",0,0
"2532","PP098625",0,0
"2533","PP101685",1,1
"2534","PP101686",1,1
"2535","PP140390",0,0
"2536","PP197244",0,0
"2537","PP197245",0,0
"2538","PP197246",0,0
"2539","PP197247",0,0
"2540","PP197248",0,0
"2541","PP197657",0,0
"2542","PP213047",0,0
"2543","PP271740",0,0
"2544","PP357935",0,0
"2545","PP437584",2,1
"2546","PP438801",0,0
"2547","PP453647",0,0
"2548","PP453648",0,0
"2549","PP453649",0,0
"2550","PP453650",0,0
"2551","PP468604",0,0
"2552","PP468605",0,0
"2553","PP471608",0,0
"2554","PP485038",0,0
"2555","PP504779",1,1
"2556","PP511381",0,0
"2557","PP511394",0,0
"2558","PP511550",0,0
"2559","PP511793",0,0
"2560","PP511814",0,0
"2561","PP526178",0,0
"2562","PP526179",0,0
"2563","PP541615",0,0
"2564","PP544178",0,0
"2565","PP554657",0,0
"2566","PP579742",0,0
"2567","PP579743",0,0
"2568","PP579744",0,0
"2569","PP579745",0,0
"2570","PP582178",0,0
"2571","PP582179",0,0
"2572","PP582180",0,0
"2573","PP582181",0,0
"2574","PP582182",0,0
"2575","PP582183",0,0
"2576","PP582184",0,0
"2577","PP582186",0,0
"2578","PP582187",0,0
"2579","PP582188",0,0
"2580","PP583004",0,0
"2581","PP601405",0,0
"2582","PP626411",0,0
"2583","PP661519",0,0
"2584","PP723060",0,0
"2585","PP729051",0,0
"2586","PP729052",0,0
"2587","PP747318",0,0
"2588","PP758848",0,0
"2589","PP758850",0,0
"2590","PP758851",0,0
"2591","PP758852",0,0
"2592","PP758853",0,0
"2593","PP758854",0,0
"2594","PP758856",0,0
"2595","PP758857",0,0
"2596","PP766230",0,0
"2597","PP766231",0,0
"2598","PP766232",0,0
"2599","PP766234",0,0
"2600","PP766236",0,0
"2601","PP766238",0,0
"2602","PP766239",0,0
"2603","PP766242",0,0
"2604","PP767789",0,0
"2605","PP819608",0,0
"2606","PP848496",0,0
"2607","PP858851",0,0
"2608","PP858896",0,0
"2609","PP869283",0,0
"2610","PP883967",0,0
"2611","PP906165",0,0
"2612","PP906166",0,0
"2613","PP906167",0,0
"2614","PP906169",0,0
"2615","PP906170",0,0
"2616","PP910832",0,0
"2617","PP931174",0,0
"2618","PP938272",0,0
"2619","PP944851",0,0
"2620","PP952070",0,0
"2621","PP971698",0,0
"2622","PP973485",0,0
"2623","PP974560",0,0
"2624","PP995776",0,0
"2625","PQ046923",0,0
"2626","PQ046924",0,0
"2627","PQ046925",0,0
"2628","PQ062249",0,0
"2629","PQ062250",0,0
"2630","PQ069209",0,0
"2631","PQ069210",0,0
"2632","PQ110032",0,0
"2633","PQ154629",0,0
"2634","PQ156939",0,0
"2635","PQ217616",0,0
"2636","PQ217617",0,0
"2637","PQ220375",0,0
"2638","PQ241118",6,1
"2639","PQ281812",0,0
"2640","PQ283533",0,0
"2641","PQ287842",0,0
"2642","PQ311674",0,0
"2643","PQ349084",1,1
"2644","PQ425460",0,0
"2645","PQ425461",0,0
"2646","PQ433352",0,0
"2647","PQ433353",0,0
"2648","PQ433354",0,0
"2649","PQ516279",0,0
"2650","PQ516280",0,0
"2651","PQ567070",0,0
"2652","PQ571286",0,0
"2653","PQ571287",0,0
"2654","PQ571292",0,0
"2655","PQ571301",0,0
"2656","PQ571303",0,0
"2657","PQ571305",0,0
"2658","PQ582088",0,0
"2659","PQ594011",0,0
"2660","PQ594012",0,0
"2661","PQ594013",0,0
"2662","PQ594014",0,0
"2663","PQ594015",0,0
"2664","PQ594016",0,0
"2665","PQ594017",0,0
"2666","PQ594018",0,0
"2667","PQ594019",0,0
"2668","PQ594020",0,0
"2669","PQ594021",0,0
"2670","PQ626786",0,0
"2671","PQ673863",0,0
"2672","PQ720432",0,0
"2673","PQ758588",0,0
"2674","PQ799575",0,0
"2675","PQ801475",0,0
"2676","PQ815173",0,0
"2677","PQ819472",0,0
"2678","PQ819473",0,0
"2679","PQ819474",0,0
"2680","PQ819873",0,0
"2681","PQ821647",0,0
"2682","PQ826494",0,0
"2683","PQ843100",0,0
"2684","PQ849840",0,0
"2685","PQ869677",0,0
"2686","PV007823",0,0
"2687","PV017447",0,0
"2688","PV017448",0,0
"2689","PV020493",0,0
"2690","PV036460",0,0
"2691","PV036961",0,0
"2692","PV037055",0,0
"2693","PV037056",0,0
"2694","PV069679",0,0
"2695","PV069680",0,0
"2696","PV069681",0,0
"2697","PV069682",0,0
"2698","PV126492",0,0
"2699","PV173148",0,0
"2700","PV173766",0,0
"2701","PV250207",0,0
"2702","PV261948",0,0
"2703","PZACG",3,1
"2704","U88974",0,0
"2705","UHGV-0000019",0,0
"2706","UHGV-0000027",0,0
"2707","UHGV-0000150",0,0
"2708","UHGV-0000224",0,0
"2709","UHGV-0000315",0,0
"2710","UHGV-0000431",0,0
"2711","UHGV-0000582",0,0
"2712","UHGV-0000584",0,0
"2713","UHGV-0000644",0,0
"2714","UHGV-0000847",0,0
"2715","UHGV-0000978",0,0
"2716","UHGV-0001096",0,0
"2717","UHGV-0001261",0,0
"2718","UHGV-0001303",0,0
"2719","UHGV-0001423",0,0
"2720","UHGV-0001472",0,0
"2721","UHGV-0001504",0,0
"2722","UHGV-0001552",0,0
"2723","UHGV-0001721",0,0
"2724","UHGV-0001824",0,0
"2725","UHGV-0001835",0,0
"2726","UHGV-0002003",0,0
"2727","UHGV-0002274",0,0
"2728","UHGV-0002398",0,0
"2729","UHGV-0002412",0,0
"2730","UHGV-0002442",0,0
"2731","UHGV-0002911",0,0
"2732","UHGV-0002924",0,0
"2733","UHGV-0003006",0,0
"2734","UHGV-0003101",0,0
"2735","UHGV-0003444",0,0
"2736","UHGV-0003554",0,0
"2737","UHGV-0003607",0,0
"2738","UHGV-0003652",0,0
"2739","UHGV-0003698",0,0
"2740","UHGV-0003745",0,0
"2741","UHGV-0003877",0,0
"2742","UHGV-0003879",0,0
"2743","UHGV-0003900",0,0
"2744","UHGV-0003978",0,0
"2745","UHGV-0003986",0,0
"2746","UHGV-0004066",0,0
"2747","UHGV-0004294",0,0
"2748","UHGV-0004371",0,0
"2749","UHGV-0004555",0,0
"2750","UHGV-0004605",0,0
"2751","UHGV-0004634",0,0
"2752","UHGV-0004764",0,0
"2753","UHGV-0005052",0,0
"2754","UHGV-0005128",0,0
"2755","UHGV-0005284",0,0
"2756","UHGV-0005351",0,0
"2757","UHGV-0005367",0,0
"2758","UHGV-0005398",0,0
"2759","UHGV-0005502",0,0
"2760","UHGV-0005975",0,0
"2761","UHGV-0006025",0,0
"2762","UHGV-0006132",0,0
"2763","UHGV-0006163",0,0
"2764","UHGV-0006165",0,0
"2765","UHGV-0006191",0,0
"2766","UHGV-0006234",0,0
"2767","UHGV-0006270",0,0
"2768","UHGV-0006491",0,0
"2769","UHGV-0006496",0,0
"2770","UHGV-0006809",0,0
"2771","UHGV-0007155",0,0
"2772","UHGV-0007387",0,0
"2773","UHGV-0007626",0,0
"2774","UHGV-0007652",0,0
"2775","UHGV-0007764",0,0
"2776","UHGV-0007874",0,0
"2777","UHGV-0007963",0,0
"2778","UHGV-0008080",0,0
"2779","UHGV-0008116",0,0
"2780","UHGV-0008120",0,0
"2781","UHGV-0008388",0,0
"2782","UHGV-0008531",0,0
"2783","UHGV-0008587",0,0
"2784","UHGV-0008867",0,0
"2785","UHGV-0008922",0,0
"2786","UHGV-0009172",0,0
"2787","UHGV-0009196",0,0
"2788","UHGV-0009382",0,0
"2789","UHGV-0009392",0,0
"2790","UHGV-0009394",0,0
"2791","UHGV-0009469",0,0
"2792","UHGV-0009514",0,0
"2793","UHGV-0009674",0,0
"2794","UHGV-0009820",0,0
"2795","UHGV-0009884",0,0
"2796","UHGV-0010086",0,0
"2797","UHGV-0010216",0,0
"2798","UHGV-0010322",0,0
"2799","UHGV-0010444",0,0
"2800","UHGV-0010478",0,0
"2801","UHGV-0010481",0,0
"2802","UHGV-0010525",0,0
"2803","UHGV-0010753",0,0
"2804","UHGV-0010897",0,0
"2805","UHGV-0010899",0,0
"2806","UHGV-0011078",0,0
"2807","UHGV-0011082",0,0
"2808","UHGV-0011257",0,0
"2809","UHGV-0011286",0,0
"2810","UHGV-0011307",0,0
"2811","UHGV-0011393",0,0
"2812","UHGV-0011529",0,0
"2813","UHGV-0011778",0,0
"2814","UHGV-0011820",0,0
"2815","UHGV-0011873",0,0
"2816","UHGV-0012204",0,0
"2817","UHGV-0012777",0,0
"2818","UHGV-0012885",0,0
"2819","UHGV-0012914",0,0
"2820","UHGV-0012929",0,0
"2821","UHGV-0012934",0,0
"2822","UHGV-0013089",0,0
"2823","UHGV-0013204",0,0
"2824","UHGV-0013300",0,0
"2825","UHGV-0013369",0,0
"2826","UHGV-0013614",0,0
"2827","UHGV-0013968",0,0
"2828","UHGV-0014051",0,0
"2829","UHGV-0014124",0,0
"2830","UHGV-0014334",0,0
"2831","UHGV-0014356",0,0
"2832","UHGV-0014365",0,0
"2833","UHGV-0014573",0,0
"2834","UHGV-0014626",0,0
"2835","UHGV-0014746",0,0
"2836","UHGV-0014776",0,0
"2837","UHGV-0015052",0,0
"2838","UHGV-0015063",0,0
"2839","UHGV-0015102",0,0
"2840","UHGV-0015197",0,0
"2841","UHGV-0015474",0,0
"2842","UHGV-0015736",0,0
"2843","UHGV-0016065",0,0
"2844","UHGV-0016202",0,0
"2845","UHGV-0016379",0,0
"2846","UHGV-0016469",0,0
"2847","UHGV-0016485",0,0
"2848","UHGV-0016561",0,0
"2849","UHGV-0016622",0,0
"2850","UHGV-0016735",2,1
"2851","UHGV-0016756",0,0
"2852","UHGV-0017063",0,0
"2853","UHGV-0017323",0,0
"2854","UHGV-0017364",0,0
"2855","UHGV-0017370",0,0
"2856","UHGV-0017445",0,0
"2857","UHGV-0017701",0,0
"2858","UHGV-0017897",5,1
"2859","UHGV-0017940",1,1
"2860","UHGV-0018063",0,0
"2861","UHGV-0018203",0,0
"2862","UHGV-0018262",0,0
"2863","UHGV-0018373",0,0
"2864","UHGV-0018612",0,0
"2865","UHGV-0018691",2,1
"2866","UHGV-0018801",0,0
"2867","UHGV-0018944",0,0
"2868","UHGV-0019088",0,0
"2869","UHGV-0019200",0,0
"2870","UHGV-0019285",0,0
"2871","UHGV-0019357",0,0
"2872","UHGV-0019396",0,0
"2873","UHGV-0019413",0,0
"2874","UHGV-0019902",0,0
"2875","UHGV-0019931",0,0
"2876","UHGV-0020313",0,0
"2877","UHGV-0020410",0,0
"2878","UHGV-0021235",0,0
"2879","UHGV-0021281",0,0
"2880","UHGV-0021290",0,0
"2881","UHGV-0021516",0,0
"2882","UHGV-0021877",0,0
"2883","UHGV-0022099",0,0
"2884","UHGV-0022350",0,0
"2885","UHGV-0022502",0,0
"2886","UHGV-0022568",0,0
"2887","UHGV-0022678",0,0
"2888","UHGV-0022731",0,0
"2889","UHGV-0022881",0,0
"2890","UHGV-0022882",0,0
"2891","UHGV-0022986",0,0
"2892","UHGV-0023069",0,0
"2893","UHGV-0023170",0,0
"2894","UHGV-0023253",0,0
"2895","UHGV-0023268",0,0
"2896","UHGV-0023277",0,0
"2897","UHGV-0023328",0,0
"2898","UHGV-0023336",0,0
"2899","UHGV-0023337",0,0
"2900","UHGV-0023464",0,0
"2901","UHGV-0023471",0,0
"2902","UHGV-0023585",0,0
"2903","UHGV-0023933",0,0
"2904","UHGV-0023964",0,0
"2905","UHGV-0023972",0,0
"2906","UHGV-0024008",0,0
"2907","UHGV-0024226",0,0
"2908","UHGV-0024303",0,0
"2909","UHGV-0024370",0,0
"2910","UHGV-0024393",0,0
"2911","UHGV-0024404",0,0
"2912","UHGV-0024447",0,0
"2913","UHGV-0024488",0,0
"2914","UHGV-0024619",0,0
"2915","UHGV-0024738",0,0
"2916","UHGV-0025111",0,0
"2917","UHGV-0025125",0,0
"2918","UHGV-0025206",0,0
"2919","UHGV-0025335",0,0
"2920","UHGV-0025597",0,0
"2921","UHGV-0025727",0,0
"2922","UHGV-0025831",0,0
"2923","UHGV-0025844",0,0
"2924","UHGV-0025848",0,0
"2925","UHGV-0025880",0,0
"2926","UHGV-0026076",0,0
"2927","UHGV-0026163",0,0
"2928","UHGV-0026383",0,0
"2929","UHGV-0026386",0,0
"2930","UHGV-0026421",0,0
"2931","UHGV-0026544",0,0
"2932","UHGV-0026588",0,0
"2933","UHGV-0026808",0,0
"2934","UHGV-0026979",0,0
"2935","UHGV-0027010",0,0
"2936","UHGV-0027349",0,0
"2937","UHGV-0027679",0,0
"2938","UHGV-0027781",0,0
"2939","UHGV-0027827",0,0
"2940","UHGV-0027868",0,0
"2941","UHGV-0027891",0,0
"2942","UHGV-0027920",0,0
"2943","UHGV-0028179",0,0
"2944","UHGV-0028251",0,0
"2945","UHGV-0028460",0,0
"2946","UHGV-0028518",0,0
"2947","UHGV-0028591",0,0
"2948","UHGV-0029008",0,0
"2949","UHGV-0029075",0,0
"2950","UHGV-0029152",0,0
"2951","UHGV-0029609",0,0
"2952","UHGV-0029610",0,0
"2953","UHGV-0029731",0,0
"2954","UHGV-0030118",0,0
"2955","UHGV-0030119",0,0
"2956","UHGV-0030571",0,0
"2957","UHGV-0030718",0,0
"2958","UHGV-0030936",0,0
"2959","UHGV-0030939",0,0
"2960","UHGV-0030977",0,0
"2961","UHGV-0031298",0,0
"2962","UHGV-0031659",0,0
"2963","UHGV-0031688",0,0
"2964","UHGV-0031858",0,0
"2965","UHGV-0032043",0,0
"2966","UHGV-0032088",0,0
"2967","UHGV-0032105",0,0
"2968","UHGV-0032124",4,1
"2969","UHGV-0032144",0,0
"2970","UHGV-0032203",0,0
"2971","UHGV-0032745",0,0
"2972","UHGV-0032818",0,0
"2973","UHGV-0032929",0,0
"2974","UHGV-0033004",0,0
"2975","UHGV-0033011",0,0
"2976","UHGV-0033104",0,0
"2977","UHGV-0033161",0,0
"2978","UHGV-0033378",0,0
"2979","UHGV-0033592",0,0
"2980","UHGV-0033687",0,0
"2981","UHGV-0033984",0,0
"2982","UHGV-0034050",0,0
"2983","UHGV-0034116",0,0
"2984","UHGV-0034150",0,0
"2985","UHGV-0034312",0,0
"2986","UHGV-0034348",0,0
"2987","UHGV-0034464",0,0
"2988","UHGV-0034552",0,0
"2989","UHGV-0034569",0,0
"2990","UHGV-0034572",0,0
"2991","UHGV-0034595",0,0
"2992","UHGV-0034652",0,0
"2993","UHGV-0034831",0,0
"2994","UHGV-0034898",0,0
"2995","UHGV-0034954",0,0
"2996","UHGV-0034959",0,0
"2997","UHGV-0035008",0,0
"2998","UHGV-0035009",0,0
"2999","UHGV-0035198",0,0
"3000","UHGV-0035237",0,0
"3001","UHGV-0035246",0,0
"3002","UHGV-0035350",0,0
"3003","UHGV-0035352",0,0
"3004","UHGV-0035363",0,0
"3005","UHGV-0035380",0,0
"3006","UHGV-0035551",0,0
"3007","UHGV-0035553",0,0
"3008","UHGV-0035554",0,0
"3009","UHGV-0035590",0,0
"3010","UHGV-0035625",0,0
"3011","UHGV-0035715",0,0
"3012","UHGV-0035801",0,0
"3013","UHGV-0035845",0,0
"3014","UHGV-0035937",0,0
"3015","UHGV-0035953",0,0
"3016","UHGV-0035991",0,0
"3017","UHGV-0035992",0,0
"3018","UHGV-0036004",0,0
"3019","UHGV-0036012",0,0
"3020","UHGV-0036017",0,0
"3021","UHGV-0036163",0,0
"3022","UHGV-0036317",0,0
"3023","UHGV-0036379",0,0
"3024","UHGV-0036458",0,0
"3025","UHGV-0036460",0,0
"3026","UHGV-0036486",0,0
"3027","UHGV-0036572",0,0
"3028","UHGV-0036594",0,0
"3029","UHGV-0036677",0,0
"3030","UHGV-0036727",0,0
"3031","UHGV-0036736",0,0
"3032","UHGV-0036745",0,0
"3033","UHGV-0036820",0,0
"3034","UHGV-0036843",0,0
"3035","UHGV-0036951",0,0
"3036","UHGV-0037043",0,0
"3037","UHGV-0037052",0,0
"3038","UHGV-0037143",0,0
"3039","UHGV-0037205",0,0
"3040","UHGV-0037383",0,0
"3041","UHGV-0037385",0,0
"3042","UHGV-0037614",0,0
"3043","UHGV-0037665",0,0
"3044","UHGV-0037698",0,0
"3045","UHGV-0037704",0,0
"3046","UHGV-0037770",0,0
"3047","UHGV-0037860",0,0
"3048","UHGV-0037892",0,0
"3049","UHGV-0037899",0,0
"3050","UHGV-0037960",0,0
"3051","UHGV-0037963",0,0
"3052","UHGV-0037974",0,0
"3053","UHGV-0038014",0,0
"3054","UHGV-0038054",0,0
"3055","UHGV-0038097",0,0
"3056","UHGV-0038118",0,0
"3057","UHGV-0038436",0,0
"3058","UHGV-0038593",0,0
"3059","UHGV-0038653",0,0
"3060","UHGV-0038862",0,0
"3061","UHGV-0038916",0,0
"3062","UHGV-0038919",0,0
"3063","UHGV-0038921",0,0
"3064","UHGV-0038985",0,0
"3065","UHGV-0039058",0,0
"3066","UHGV-0039186",0,0
"3067","UHGV-0039231",0,0
"3068","UHGV-0039303",0,0
"3069","UHGV-0039311",0,0
"3070","UHGV-0039335",0,0
"3071","UHGV-0039359",0,0
"3072","UHGV-0039503",0,0
"3073","UHGV-0039514",0,0
"3074","UHGV-0039669",0,0
"3075","UHGV-0039676",0,0
"3076","UHGV-0039715",0,0
"3077","UHGV-0039753",0,0
"3078","UHGV-0039754",0,0
"3079","UHGV-0040229",0,0
"3080","UHGV-0040245",0,0
"3081","UHGV-0040303",0,0
"3082","UHGV-0040553",0,0
"3083","UHGV-0040585",0,0
"3084","UHGV-0040615",0,0
"3085","UHGV-0040634",0,0
"3086","UHGV-0040689",0,0
"3087","UHGV-0040690",0,0
"3088","UHGV-0040722",0,0
"3089","UHGV-0040783",0,0
"3090","UHGV-0040896",0,0
"3091","UHGV-0040942",0,0
"3092","UHGV-0041061",0,0
"3093","UHGV-0041114",0,0
"3094","UHGV-0041123",0,0
"3095","UHGV-0041133",0,0
"3096","UHGV-0041160",0,0
"3097","UHGV-0041260",0,0
"3098","UHGV-0041263",0,0
"3099","UHGV-0041269",0,0
"3100","UHGV-0041338",0,0
"3101","UHGV-0041367",0,0
"3102","UHGV-0041452",0,0
"3103","UHGV-0041496",0,0
"3104","UHGV-0041811",0,0
"3105","UHGV-0041929",0,0
"3106","UHGV-0042195",0,0
"3107","UHGV-0042246",0,0
"3108","UHGV-0042327",0,0
"3109","UHGV-0042383",0,0
"3110","UHGV-0042418",0,0
"3111","UHGV-0042457",0,0
"3112","UHGV-0042489",0,0
"3113","UHGV-0042531",0,0
"3114","UHGV-0042544",0,0
"3115","UHGV-0042686",0,0
"3116","UHGV-0042793",0,0
"3117","UHGV-0042795",0,0
"3118","UHGV-0042803",0,0
"3119","UHGV-0042969",0,0
"3120","UHGV-0042974",0,0
"3121","UHGV-0043155",0,0
"3122","UHGV-0043198",0,0
"3123","UHGV-0043243",0,0
"3124","UHGV-0043300",0,0
"3125","UHGV-0043376",0,0
"3126","UHGV-0043390",0,0
"3127","UHGV-0043461",0,0
"3128","UHGV-0043578",0,0
"3129","UHGV-0043735",0,0
"3130","UHGV-0043775",0,0
"3131","UHGV-0043898",0,0
"3132","UHGV-0044172",0,0
"3133","UHGV-0044203",0,0
"3134","UHGV-0044211",0,0
"3135","UHGV-0044374",0,0
"3136","UHGV-0044434",0,0
"3137","UHGV-0044485",0,0
"3138","UHGV-0044561",0,0
"3139","UHGV-0044636",0,0
"3140","UHGV-0044682",0,0
"3141","UHGV-0044685",1,1
"3142","UHGV-0044694",0,0
"3143","UHGV-0044872",0,0
"3144","UHGV-0044873",0,0
"3145","UHGV-0044875",0,0
"3146","UHGV-0044987",0,0
"3147","UHGV-0045076",0,0
"3148","UHGV-0045226",0,0
"3149","UHGV-0045228",0,0
"3150","UHGV-0045373",0,0
"3151","UHGV-0045473",0,0
"3152","UHGV-0045518",0,0
"3153","UHGV-0045528",0,0
"3154","UHGV-0045544",0,0
"3155","UHGV-0045811",0,0
"3156","UHGV-0045859",0,0
"3157","UHGV-0045868",0,0
"3158","UHGV-0045936",0,0
"3159","UHGV-0046137",0,0
"3160","UHGV-0046200",0,0
"3161","UHGV-0046247",0,0
"3162","UHGV-0046442",0,0
"3163","UHGV-0046459",0,0
"3164","UHGV-0046484",0,0
"3165","UHGV-0046540",0,0
"3166","UHGV-0046542",0,0
"3167","UHGV-0046543",0,0
"3168","UHGV-0046557",0,0
"3169","UHGV-0046600",0,0
"3170","UHGV-0046661",0,0
"3171","UHGV-0046913",0,0
"3172","UHGV-0046941",0,0
"3173","UHGV-0047016",0,0
"3174","UHGV-0047080",0,0
"3175","UHGV-0047215",0,0
"3176","UHGV-0047260",0,0
"3177","UHGV-0047422",0,0
"3178","UHGV-0047482",0,0
"3179","UHGV-0047542",0,0
"3180","UHGV-0047700",0,0
"3181","UHGV-0047715",0,0
"3182","UHGV-0047718",0,0
"3183","UHGV-0047782",0,0
"3184","UHGV-0047857",0,0
"3185","UHGV-0047860",0,0
"3186","UHGV-0047917",0,0
"3187","UHGV-0047918",0,0
"3188","UHGV-0048017",0,0
"3189","UHGV-0048018",0,0
"3190","UHGV-0048051",0,0
"3191","UHGV-0048092",0,0
"3192","UHGV-0048238",0,0
"3193","UHGV-0048239",0,0
"3194","UHGV-0048308",0,0
"3195","UHGV-0048350",0,0
"3196","UHGV-0048520",0,0
"3197","UHGV-0048521",0,0
"3198","UHGV-0048523",0,0
"3199","UHGV-0048525",0,0
"3200","UHGV-0048527",0,0
"3201","UHGV-0048577",0,0
"3202","UHGV-0048580",0,0
"3203","UHGV-0048582",0,0
"3204","UHGV-0048601",0,0
"3205","UHGV-0048946",0,0
"3206","UHGV-0048947",0,0
"3207","UHGV-0049283",0,0
"3208","UHGV-0049579",0,0
"3209","UHGV-0049627",0,0
"3210","UHGV-0049718",0,0
"3211","UHGV-0049817",0,0
"3212","UHGV-0050419",0,0
"3213","UHGV-0050469",0,0
"3214","UHGV-0050585",0,0
"3215","UHGV-0050662",0,0
"3216","UHGV-0050896",0,0
"3217","UHGV-0051253",0,0
"3218","UHGV-0051415",6,1
"3219","UHGV-0051529",0,0
"3220","UHGV-0051881",0,0
"3221","UHGV-0052093",0,0
"3222","UHGV-0052144",0,0
"3223","UHGV-0052366",0,0
"3224","UHGV-0053180",0,0
"3225","UHGV-0053191",0,0
"3226","UHGV-0053397",0,0
"3227","UHGV-0053444",0,0
"3228","UHGV-0053508",0,0
"3229","UHGV-0054058",0,0
"3230","UHGV-0054140",0,0
"3231","UHGV-0054492",0,0
"3232","UHGV-0054744",0,0
"3233","UHGV-0055088",0,0
"3234","UHGV-0056240",0,0
"3235","UHGV-0056546",0,0
"3236","UHGV-0056955",0,0
"3237","UHGV-0057007",0,0
"3238","UHGV-0057142",0,0
"3239","UHGV-0057279",0,0
"3240","UHGV-0058285",0,0
"3241","UHGV-0058551",0,0
"3242","UHGV-0058597",0,0
"3243","UHGV-0058982",0,0
"3244","UHGV-0059018",0,0
"3245","UHGV-0059335",0,0
"3246","UHGV-0059445",0,0
"3247","UHGV-0059499",0,0
"3248","UHGV-0059508",0,0
"3249","UHGV-0059656",0,0
"3250","UHGV-0059669",0,0
"3251","UHGV-0059817",0,0
"3252","UHGV-0059854",0,0
"3253","UHGV-0059893",0,0
"3254","UHGV-0060280",0,0
"3255","UHGV-0060290",0,0
"3256","UHGV-0060532",0,0
"3257","UHGV-0060669",0,0
"3258","UHGV-0060837",0,0
"3259","UHGV-0061059",0,0
"3260","UHGV-0061160",0,0
"3261","UHGV-0061228",0,0
"3262","UHGV-0061357",0,0
"3263","UHGV-0061847",0,0
"3264","UHGV-0062260",0,0
"3265","UHGV-0062320",0,0
"3266","UHGV-0062579",0,0
"3267","UHGV-0062640",0,0
"3268","UHGV-0062727",0,0
"3269","UHGV-0062936",0,0
"3270","UHGV-0062980",0,0
"3271","UHGV-0062988",0,0
"3272","UHGV-0062990",0,0
"3273","UHGV-0063095",0,0
"3274","UHGV-0063249",0,0
"3275","UHGV-0063314",0,0
"3276","UHGV-0063908",0,0
"3277","UHGV-0064041",0,0
"3278","UHGV-0064074",0,0
"3279","UHGV-0064279",0,0
"3280","UHGV-0064854",0,0
"3281","UHGV-0064975",0,0
"3282","UHGV-0064980",0,0
"3283","UHGV-0065235",0,0
"3284","UHGV-0065294",0,0
"3285","UHGV-0065347",0,0
"3286","UHGV-0065492",0,0
"3287","UHGV-0066092",0,0
"3288","UHGV-0066137",0,0
"3289","UHGV-0066188",0,0
"3290","UHGV-0066389",0,0
"3291","UHGV-0066650",0,0
"3292","UHGV-0066695",0,0
"3293","UHGV-0066878",0,0
"3294","UHGV-0067030",0,0
"3295","UHGV-0067083",0,0
"3296","UHGV-0067195",0,0
"3297","UHGV-0067203",0,0
"3298","UHGV-0067518",0,0
"3299","UHGV-0067651",0,0
"3300","UHGV-0067848",0,0
"3301","UHGV-0067873",0,0
"3302","UHGV-0068135",0,0
"3303","UHGV-0068160",0,0
"3304","UHGV-0068548",0,0
"3305","UHGV-0068606",0,0
"3306","UHGV-0068670",0,0
"3307","UHGV-0068902",0,0
"3308","UHGV-0068943",0,0
"3309","UHGV-0069025",0,0
"3310","UHGV-0069300",0,0
"3311","UHGV-0069305",0,0
"3312","UHGV-0069803",0,0
"3313","UHGV-0070373",0,0
"3314","UHGV-0070577",0,0
"3315","UHGV-0070646",0,0
"3316","UHGV-0070652",0,0
"3317","UHGV-0070718",0,0
"3318","UHGV-0070764",0,0
"3319","UHGV-0070785",0,0
"3320","UHGV-0070792",0,0
"3321","UHGV-0070874",0,0
"3322","UHGV-0070875",0,0
"3323","UHGV-0071170",0,0
"3324","UHGV-0071361",0,0
"3325","UHGV-0071580",0,0
"3326","UHGV-0071638",0,0
"3327","UHGV-0071656",0,0
"3328","UHGV-0071750",0,0
"3329","UHGV-0071795",0,0
"3330","UHGV-0071901",0,0
"3331","UHGV-0072006",0,0
"3332","UHGV-0072323",0,0
"3333","UHGV-0072332",0,0
"3334","UHGV-0072600",0,0
"3335","UHGV-0072703",0,0
"3336","UHGV-0072728",0,0
"3337","UHGV-0072956",0,0
"3338","UHGV-0073074",0,0
"3339","UHGV-0073136",0,0
"3340","UHGV-0073147",0,0
"3341","UHGV-0073156",0,0
"3342","UHGV-0073184",0,0
"3343","UHGV-0073374",0,0
"3344","UHGV-0073485",0,0
"3345","UHGV-0073739",0,0
"3346","UHGV-0073772",0,0
"3347","UHGV-0073864",0,0
"3348","UHGV-0073865",0,0
"3349","UHGV-0073880",0,0
"3350","UHGV-0073934",0,0
"3351","UHGV-0073944",0,0
"3352","UHGV-0074093",0,0
"3353","UHGV-0074144",0,0
"3354","UHGV-0074486",0,0
"3355","UHGV-0074618",0,0
"3356","UHGV-0074734",0,0
"3357","UHGV-0074810",0,0
"3358","UHGV-0074966",0,0
"3359","UHGV-0075027",0,0
"3360","UHGV-0075315",0,0
"3361","UHGV-0075452",0,0
"3362","UHGV-0075500",0,0
"3363","UHGV-0075558",0,0
"3364","UHGV-0075621",0,0
"3365","UHGV-0075822",0,0
"3366","UHGV-0075829",0,0
"3367","UHGV-0075835",0,0
"3368","UHGV-0075888",0,0
"3369","UHGV-0075935",0,0
"3370","UHGV-0076093",0,0
"3371","UHGV-0076122",0,0
"3372","UHGV-0076208",0,0
"3373","UHGV-0076323",0,0
"3374","UHGV-0076377",0,0
"3375","UHGV-0076419",0,0
"3376","UHGV-0076474",0,0
"3377","UHGV-0076485",0,0
"3378","UHGV-0076692",0,0
"3379","UHGV-0076948",0,0
"3380","UHGV-0077026",0,0
"3381","UHGV-0077029",0,0
"3382","UHGV-0077041",0,0
"3383","UHGV-0077224",0,0
"3384","UHGV-0077271",0,0
"3385","UHGV-0077396",0,0
"3386","UHGV-0077401",0,0
"3387","UHGV-0077499",0,0
"3388","UHGV-0077571",0,0
"3389","UHGV-0077581",0,0
"3390","UHGV-0077664",0,0
"3391","UHGV-0077835",0,0
"3392","UHGV-0077958",0,0
"3393","UHGV-0078002",0,0
"3394","UHGV-0078004",0,0
"3395","UHGV-0078010",0,0
"3396","UHGV-0078118",0,0
"3397","UHGV-0078178",0,0
"3398","UHGV-0078209",0,0
"3399","UHGV-0078273",0,0
"3400","UHGV-0078303",0,0
"3401","UHGV-0078316",0,0
"3402","UHGV-0078381",0,0
"3403","UHGV-0078498",0,0
"3404","UHGV-0078537",0,0
"3405","UHGV-0078553",0,0
"3406","UHGV-0078653",0,0
"3407","UHGV-0078684",0,0
"3408","UHGV-0078813",0,0
"3409","UHGV-0078994",0,0
"3410","UHGV-0079371",0,0
"3411","UHGV-0079396",0,0
"3412","UHGV-0079579",0,0
"3413","UHGV-0079714",0,0
"3414","UHGV-0079963",0,0
"3415","UHGV-0080017",0,0
"3416","UHGV-0080074",0,0
"3417","UHGV-0080205",0,0
"3418","UHGV-0080282",0,0
"3419","UHGV-0080603",0,0
"3420","UHGV-0080670",0,0
"3421","UHGV-0080788",0,0
"3422","UHGV-0080821",0,0
"3423","UHGV-0080853",0,0
"3424","UHGV-0080908",0,0
"3425","UHGV-0081291",0,0
"3426","UHGV-0081407",0,0
"3427","UHGV-0082090",0,0
"3428","UHGV-0082192",0,0
"3429","UHGV-0082417",0,0
"3430","UHGV-0082555",0,0
"3431","UHGV-0082584",0,0
"3432","UHGV-0082659",0,0
"3433","UHGV-0082665",0,0
"3434","UHGV-0082790",0,0
"3435","UHGV-0083030",0,0
"3436","UHGV-0083041",0,0
"3437","UHGV-0083102",0,0
"3438","UHGV-0083191",0,0
"3439","UHGV-0083231",0,0
"3440","UHGV-0083236",0,0
"3441","UHGV-0083241",0,0
"3442","UHGV-0083269",0,0
"3443","UHGV-0083346",0,0
"3444","UHGV-0083364",0,0
"3445","UHGV-0083433",0,0
"3446","UHGV-0083728",0,0
"3447","UHGV-0083792",0,0
"3448","UHGV-0083970",0,0
"3449","UHGV-0084068",0,0
"3450","UHGV-0084180",0,0
"3451","UHGV-0084340",0,0
"3452","UHGV-0084363",0,0
"3453","UHGV-0084417",0,0
"3454","UHGV-0084431",0,0
"3455","UHGV-0084521",0,0
"3456","UHGV-0084614",0,0
"3457","UHGV-0084710",0,0
"3458","UHGV-0084813",0,0
"3459","UHGV-0084908",0,0
"3460","UHGV-0085084",0,0
"3461","UHGV-0085114",0,0
"3462","UHGV-0085229",0,0
"3463","UHGV-0085235",0,0
"3464","UHGV-0085356",0,0
"3465","UHGV-0085713",0,0
"3466","UHGV-0085863",0,0
"3467","UHGV-0085879",0,0
"3468","UHGV-0085899",0,0
"3469","UHGV-0086154",0,0
"3470","UHGV-0086258",0,0
"3471","UHGV-0086433",0,0
"3472","UHGV-0086525",0,0
"3473","UHGV-0086587",0,0
"3474","UHGV-0086800",0,0
"3475","UHGV-0087039",0,0
"3476","UHGV-0087102",0,0
"3477","UHGV-0087138",0,0
"3478","UHGV-0087397",0,0
"3479","UHGV-0087699",0,0
"3480","UHGV-0088031",0,0
"3481","UHGV-0088225",0,0
"3482","UHGV-0088385",0,0
"3483","UHGV-0088540",0,0
"3484","UHGV-0088604",0,0
"3485","UHGV-0088644",0,0
"3486","UHGV-0088763",0,0
"3487","UHGV-0088916",0,0
"3488","UHGV-0089044",0,0
"3489","UHGV-0089077",0,0
"3490","UHGV-0089180",0,0
"3491","UHGV-0089515",0,0
"3492","UHGV-0089587",0,0
"3493","UHGV-0089758",0,0
"3494","UHGV-0089787",0,0
"3495","UHGV-0090030",0,0
"3496","UHGV-0090291",0,0
"3497","UHGV-0090318",0,0
"3498","UHGV-0090520",0,0
"3499","UHGV-0090530",0,0
"3500","UHGV-0090689",0,0
"3501","UHGV-0090947",0,0
"3502","UHGV-0090962",0,0
"3503","UHGV-0090964",0,0
"3504","UHGV-0091007",0,0
"3505","UHGV-0091235",0,0
"3506","UHGV-0091253",0,0
"3507","UHGV-0091480",0,0
"3508","UHGV-0091648",0,0
"3509","UHGV-0091683",0,0
"3510","UHGV-0091707",0,0
"3511","UHGV-0091864",0,0
"3512","UHGV-0091865",0,0
"3513","UHGV-0092107",0,0
"3514","UHGV-0092169",0,0
"3515","UHGV-0092357",0,0
"3516","UHGV-0092396",0,0
"3517","UHGV-0092409",0,0
"3518","UHGV-0092466",0,0
"3519","UHGV-0092502",0,0
"3520","UHGV-0092640",0,0
"3521","UHGV-0092641",0,0
"3522","UHGV-0092700",0,0
"3523","UHGV-0092805",0,0
"3524","UHGV-0092900",0,0
"3525","UHGV-0093259",0,0
"3526","UHGV-0093262",0,0
"3527","UHGV-0093367",0,0
"3528","UHGV-0093503",0,0
"3529","UHGV-0093584",0,0
"3530","UHGV-0093596",0,0
"3531","UHGV-0093647",0,0
"3532","UHGV-0093684",0,0
"3533","UHGV-0093743",0,0
"3534","UHGV-0093782",0,0
"3535","UHGV-0093951",0,0
"3536","UHGV-0094365",0,0
"3537","UHGV-0094759",0,0
"3538","UHGV-0094810",0,0
"3539","UHGV-0095045",0,0
"3540","UHGV-0095146",1,1
"3541","UHGV-0095294",0,0
"3542","UHGV-0095418",0,0
"3543","UHGV-0095447",0,0
"3544","UHGV-0095524",0,0
"3545","UHGV-0095577",0,0
"3546","UHGV-0095833",0,0
"3547","UHGV-0095988",0,0
"3548","UHGV-0096270",0,0
"3549","UHGV-0096507",0,0
"3550","UHGV-0096517",0,0
"3551","UHGV-0096630",0,0
"3552","UHGV-0096702",0,0
"3553","UHGV-0096758",0,0
"3554","UHGV-0096793",0,0
"3555","UHGV-0096856",0,0
"3556","UHGV-0097055",0,0
"3557","UHGV-0097097",0,0
"3558","UHGV-0097310",0,0
"3559","UHGV-0097398",0,0
"3560","UHGV-0097589",0,0
"3561","UHGV-0097781",0,0
"3562","UHGV-0097831",0,0
"3563","UHGV-0098117",0,0
"3564","UHGV-0098153",0,0
"3565","UHGV-0098333",0,0
"3566","UHGV-0098336",0,0
"3567","UHGV-0098429",0,0
"3568","UHGV-0098516",0,0
"3569","UHGV-0098518",0,0
"3570","UHGV-0098519",0,0
"3571","UHGV-0098531",0,0
"3572","UHGV-0098571",0,0
"3573","UHGV-0098664",0,0
"3574","UHGV-0098703",0,0
"3575","UHGV-0098811",0,0
"3576","UHGV-0098849",0,0
"3577","UHGV-0098977",0,0
"3578","UHGV-0098990",0,0
"3579","UHGV-0099133",0,0
"3580","UHGV-0099164",0,0
"3581","UHGV-0099170",0,0
"3582","UHGV-0099228",0,0
"3583","UHGV-0099350",0,0
"3584","UHGV-0099361",0,0
"3585","UHGV-0099447",0,0
"3586","UHGV-0099532",0,0
"3587","UHGV-0099545",0,0
"3588","UHGV-0099815",0,0
"3589","UHGV-0100027",0,0
"3590","UHGV-0100181",0,0
"3591","UHGV-0100616",0,0
"3592","UHGV-0100928",0,0
"3593","UHGV-0101103",0,0
"3594","UHGV-0101169",0,0
"3595","UHGV-0101236",0,0
"3596","UHGV-0101251",0,0
"3597","UHGV-0101252",0,0
"3598","UHGV-0101383",0,0
"3599","UHGV-0101537",0,0
"3600","UHGV-0101761",0,0
"3601","UHGV-0101897",0,0
"3602","UHGV-0102019",0,0
"3603","UHGV-0102021",0,0
"3604","UHGV-0102233",0,0
"3605","UHGV-0102453",0,0
"3606","UHGV-0102496",0,0
"3607","UHGV-0102658",0,0
"3608","UHGV-0102696",0,0
"3609","UHGV-0102759",0,0
"3610","UHGV-0103033",0,0
"3611","UHGV-0103041",0,0
"3612","UHGV-0103101",0,0
"3613","UHGV-0103154",0,0
"3614","UHGV-0103202",0,0
"3615","UHGV-0103256",0,0
"3616","UHGV-0103313",0,0
"3617","UHGV-0103329",0,0
"3618","UHGV-0103338",0,0
"3619","UHGV-0103445",0,0
"3620","UHGV-0103448",0,0
"3621","UHGV-0103638",0,0
"3622","UHGV-0103747",0,0
"3623","UHGV-0103878",0,0
"3624","UHGV-0104242",0,0
"3625","UHGV-0104304",0,0
"3626","UHGV-0104520",0,0
"3627","UHGV-0104522",0,0
"3628","UHGV-0104523",0,0
"3629","UHGV-0104615",0,0
"3630","UHGV-0104665",0,0
"3631","UHGV-0104755",0,0
"3632","UHGV-0104806",0,0
"3633","UHGV-0104809",0,0
"3634","UHGV-0104847",0,0
"3635","UHGV-0104878",0,0
"3636","UHGV-0104900",0,0
"3637","UHGV-0104910",0,0
"3638","UHGV-0104950",0,0
"3639","UHGV-0105094",0,0
"3640","UHGV-0105106",0,0
"3641","UHGV-0105157",0,0
"3642","UHGV-0105217",0,0
"3643","UHGV-0105326",0,0
"3644","UHGV-0105417",0,0
"3645","UHGV-0105512",0,0
"3646","UHGV-0105528",0,0
"3647","UHGV-0105542",0,0
"3648","UHGV-0105664",0,0
"3649","UHGV-0105692",0,0
"3650","UHGV-0105826",0,0
"3651","UHGV-0106102",0,0
"3652","UHGV-0106529",0,0
"3653","UHGV-0106555",0,0
"3654","UHGV-0106644",0,0
"3655","UHGV-0106910",0,0
"3656","UHGV-0106911",0,0
"3657","UHGV-0107069",0,0
"3658","UHGV-0107130",0,0
"3659","UHGV-0107240",0,0
"3660","UHGV-0107420",0,0
"3661","UHGV-0107568",0,0
"3662","UHGV-0107624",0,0
"3663","UHGV-0107627",0,0
"3664","UHGV-0107628",0,0
"3665","UHGV-0107808",0,0
"3666","UHGV-0107874",0,0
"3667","UHGV-0107936",0,0
"3668","UHGV-0107968",0,0
"3669","UHGV-0107994",0,0
"3670","UHGV-0108095",0,0
"3671","UHGV-0108135",0,0
"3672","UHGV-0108247",0,0
"3673","UHGV-0108261",0,0
"3674","UHGV-0108365",0,0
"3675","UHGV-0108386",0,0
"3676","UHGV-0108579",0,0
"3677","UHGV-0108696",0,0
"3678","UHGV-0108712",0,0
"3679","UHGV-0108731",0,0
"3680","UHGV-0108752",0,0
"3681","UHGV-0108783",0,0
"3682","UHGV-0108819",0,0
"3683","UHGV-0108876",0,0
"3684","UHGV-0108899",0,0
"3685","UHGV-0109054",0,0
"3686","UHGV-0109085",0,0
"3687","UHGV-0109132",0,0
"3688","UHGV-0109369",0,0
"3689","UHGV-0109382",0,0
"3690","UHGV-0109388",0,0
"3691","UHGV-0109449",0,0
"3692","UHGV-0109522",0,0
"3693","UHGV-0109531",0,0
"3694","UHGV-0109537",0,0
"3695","UHGV-0109558",0,0
"3696","UHGV-0109606",0,0
"3697","UHGV-0109609",0,0
"3698","UHGV-0109613",0,0
"3699","UHGV-0109658",0,0
"3700","UHGV-0109710",0,0
"3701","UHGV-0109713",0,0
"3702","UHGV-0109752",0,0
"3703","UHGV-0109761",0,0
"3704","UHGV-0109849",0,0
"3705","UHGV-0109923",0,0
"3706","UHGV-0109981",0,0
"3707","UHGV-0109985",0,0
"3708","UHGV-0110270",0,0
"3709","UHGV-0110486",0,0
"3710","UHGV-0110519",0,0
"3711","UHGV-0110646",0,0
"3712","UHGV-0110859",1,1
"3713","UHGV-0110870",0,0
"3714","UHGV-0110982",0,0
"3715","UHGV-0111007",0,0
"3716","UHGV-0111052",0,0
"3717","UHGV-0111075",0,0
"3718","UHGV-0111082",0,0
"3719","UHGV-0111095",0,0
"3720","UHGV-0111113",0,0
"3721","UHGV-0111147",0,0
"3722","UHGV-0111353",0,0
"3723","UHGV-0111362",0,0
"3724","UHGV-0111364",0,0
"3725","UHGV-0111429",0,0
"3726","UHGV-0111432",0,0
"3727","UHGV-0111456",0,0
"3728","UHGV-0111591",0,0
"3729","UHGV-0111707",0,0
"3730","UHGV-0111755",0,0
"3731","UHGV-0111795",0,0
"3732","UHGV-0111828",0,0
"3733","UHGV-0112121",0,0
"3734","UHGV-0112206",0,0
"3735","UHGV-0112285",0,0
"3736","UHGV-0112402",0,0
"3737","UHGV-0112431",0,0
"3738","UHGV-0112492",0,0
"3739","UHGV-0112556",0,0
"3740","UHGV-0112560",0,0
"3741","UHGV-0112617",0,0
"3742","UHGV-0112637",0,0
"3743","UHGV-0112663",0,0
"3744","UHGV-0112820",0,0
"3745","UHGV-0112827",0,0
"3746","UHGV-0112830",0,0
"3747","UHGV-0112917",0,0
"3748","UHGV-0113147",0,0
"3749","UHGV-0113355",0,0
"3750","UHGV-0113450",0,0
"3751","UHGV-0113455",0,0
"3752","UHGV-0113534",0,0
"3753","UHGV-0113635",0,0
"3754","UHGV-0113824",0,0
"3755","UHGV-0114019",0,0
"3756","UHGV-0114052",0,0
"3757","UHGV-0114109",0,0
"3758","UHGV-0114225",0,0
"3759","UHGV-0114366",0,0
"3760","UHGV-0114397",0,0
"3761","UHGV-0114450",0,0
"3762","UHGV-0114537",0,0
"3763","UHGV-0114636",0,0
"3764","UHGV-0114669",0,0
"3765","UHGV-0114734",0,0
"3766","UHGV-0114753",0,0
"3767","UHGV-0114763",0,0
"3768","UHGV-0114796",0,0
"3769","UHGV-0114874",0,0
"3770","UHGV-0114971",0,0
"3771","UHGV-0115052",0,0
"3772","UHGV-0115110",0,0
"3773","UHGV-0115111",0,0
"3774","UHGV-0115132",0,0
"3775","UHGV-0115143",0,0
"3776","UHGV-0115208",0,0
"3777","UHGV-0115211",0,0
"3778","UHGV-0115312",0,0
"3779","UHGV-0115328",0,0
"3780","UHGV-0115394",0,0
"3781","UHGV-0115460",0,0
"3782","UHGV-0115499",0,0
"3783","UHGV-0115543",0,0
"3784","UHGV-0115569",0,0
"3785","UHGV-0115631",0,0
"3786","UHGV-0115733",0,0
"3787","UHGV-0115803",0,0
"3788","UHGV-0115810",0,0
"3789","UHGV-0115911",0,0
"3790","UHGV-0115915",0,0
"3791","UHGV-0115923",0,0
"3792","UHGV-0115940",0,0
"3793","UHGV-0115942",0,0
"3794","UHGV-0115962",0,0
"3795","UHGV-0116003",0,0
"3796","UHGV-0116025",0,0
"3797","UHGV-0116041",0,0
"3798","UHGV-0116068",0,0
"3799","UHGV-0116092",0,0
"3800","UHGV-0116214",0,0
"3801","UHGV-0116249",0,0
"3802","UHGV-0116431",0,0
"3803","UHGV-0116453",0,0
"3804","UHGV-0116488",0,0
"3805","UHGV-0116493",0,0
"3806","UHGV-0116568",0,0
"3807","UHGV-0116644",0,0
"3808","UHGV-0116711",0,0
"3809","UHGV-0116725",0,0
"3810","UHGV-0116749",0,0
"3811","UHGV-0117023",0,0
"3812","UHGV-0117024",0,0
"3813","UHGV-0117335",0,0
"3814","UHGV-0117360",0,0
"3815","UHGV-0117563",0,0
"3816","UHGV-0117614",0,0
"3817","UHGV-0117853",0,0
"3818","UHGV-0117958",0,0
"3819","UHGV-0117966",0,0
"3820","UHGV-0117986",0,0
"3821","UHGV-0118071",0,0
"3822","UHGV-0118174",0,0
"3823","UHGV-0118190",0,0
"3824","UHGV-0118261",0,0
"3825","UHGV-0118326",0,0
"3826","UHGV-0118374",0,0
"3827","UHGV-0118469",0,0
"3828","UHGV-0118501",0,0
"3829","UHGV-0118663",0,0
"3830","UHGV-0118693",0,0
"3831","UHGV-0118723",0,0
"3832","UHGV-0118836",0,0
"3833","UHGV-0118975",0,0
"3834","UHGV-0119020",0,0
"3835","UHGV-0119116",0,0
"3836","UHGV-0119135",0,0
"3837","UHGV-0119215",0,0
"3838","UHGV-0119231",0,0
"3839","UHGV-0119339",0,0
"3840","UHGV-0119352",0,0
"3841","UHGV-0119360",0,0
"3842","UHGV-0119390",0,0
"3843","UHGV-0119394",0,0
"3844","UHGV-0119438",0,0
"3845","UHGV-0119495",0,0
"3846","UHGV-0119576",0,0
"3847","UHGV-0119678",0,0
"3848","UHGV-0120000",0,0
"3849","UHGV-0120149",0,0
"3850","UHGV-0120270",0,0
"3851","UHGV-0120410",0,0
"3852","UHGV-0120502",0,0
"3853","UHGV-0120570",0,0
"3854","UHGV-0120663",0,0
"3855","UHGV-0120767",0,0
"3856","UHGV-0120776",0,0
"3857","UHGV-0120878",0,0
"3858","UHGV-0121025",0,0
"3859","UHGV-0121071",0,0
"3860","UHGV-0121129",0,0
"3861","UHGV-0121295",0,0
"3862","UHGV-0121334",0,0
"3863","UHGV-0121497",0,0
"3864","UHGV-0121700",0,0
"3865","UHGV-0121994",0,0
"3866","UHGV-0122007",0,0
"3867","UHGV-0122043",0,0
"3868","UHGV-0122127",0,0
"3869","UHGV-0122158",0,0
"3870","UHGV-0122226",0,0
"3871","UHGV-0122239",0,0
"3872","UHGV-0122309",0,0
"3873","UHGV-0122387",0,0
"3874","UHGV-0122390",0,0
"3875","UHGV-0122393",0,0
"3876","UHGV-0122438",0,0
"3877","UHGV-0122635",0,0
"3878","UHGV-0122855",0,0
"3879","UHGV-0123010",0,0
"3880","UHGV-0123013",0,0
"3881","UHGV-0123047",0,0
"3882","UHGV-0123087",0,0
"3883","UHGV-0123132",0,0
"3884","UHGV-0123326",0,0
"3885","UHGV-0123347",0,0
"3886","UHGV-0123785",0,0
"3887","UHGV-0123904",0,0
"3888","UHGV-0123935",0,0
"3889","UHGV-0124410",0,0
"3890","UHGV-0124457",0,0
"3891","UHGV-0124460",0,0
"3892","UHGV-0124475",0,0
"3893","UHGV-0124476",0,0
"3894","UHGV-0124501",0,0
"3895","UHGV-0124514",0,0
"3896","UHGV-0124568",0,0
"3897","UHGV-0124733",0,0
"3898","UHGV-0124757",0,0
"3899","UHGV-0124764",0,0
"3900","UHGV-0124851",0,0
"3901","UHGV-0125140",0,0
"3902","UHGV-0125199",0,0
"3903","UHGV-0125347",0,0
"3904","UHGV-0125488",0,0
"3905","UHGV-0125528",0,0
"3906","UHGV-0125534",0,0
"3907","UHGV-0125979",0,0
"3908","UHGV-0126000",0,0
"3909","UHGV-0126077",0,0
"3910","UHGV-0126242",0,0
"3911","UHGV-0126628",0,0
"3912","UHGV-0126997",0,0
"3913","UHGV-0127363",0,0
"3914","UHGV-0127373",0,0
"3915","UHGV-0127909",0,0
"3916","UHGV-0128104",0,0
"3917","UHGV-0128189",0,0
"3918","UHGV-0128259",0,0
"3919","UHGV-0128307",0,0
"3920","UHGV-0128617",0,0
"3921","UHGV-0128703",0,0
"3922","UHGV-0128713",0,0
"3923","UHGV-0128826",0,0
"3924","UHGV-0128989",0,0
"3925","UHGV-0129091",1,1
"3926","UHGV-0129118",0,0
"3927","UHGV-0129163",0,0
"3928","UHGV-0129356",0,0
"3929","UHGV-0129498",0,0
"3930","UHGV-0129670",0,0
"3931","UHGV-0129766",0,0
"3932","UHGV-0129991",0,0
"3933","UHGV-0130027",0,0
"3934","UHGV-0130292",0,0
"3935","UHGV-0130492",1,1
"3936","UHGV-0130777",0,0
"3937","UHGV-0131329",0,0
"3938","UHGV-0131366",0,0
"3939","UHGV-0131726",0,0
"3940","UHGV-0131897",0,0
"3941","UHGV-0131916",0,0
"3942","UHGV-0131923",0,0
"3943","UHGV-0132002",0,0
"3944","UHGV-0132597",0,0
"3945","UHGV-0133281",0,0
"3946","UHGV-0133699",0,0
"3947","UHGV-0133792",0,0
"3948","UHGV-0133820",0,0
"3949","UHGV-0133822",0,0
"3950","UHGV-0134124",0,0
"3951","UHGV-0134919",0,0
"3952","UHGV-0135100",0,0
"3953","UHGV-0135179",0,0
"3954","UHGV-0135203",0,0
"3955","UHGV-0135307",0,0
"3956","UHGV-0135461",0,0
"3957","UHGV-0135462",0,0
"3958","UHGV-0135464",0,0
"3959","UHGV-0135481",0,0
"3960","UHGV-0135544",0,0
"3961","UHGV-0135693",0,0
"3962","UHGV-0136026",0,0
"3963","UHGV-0136041",0,0
"3964","UHGV-0136208",0,0
"3965","UHGV-0136291",0,0
"3966","UHGV-0136363",0,0
"3967","UHGV-0136684",0,0
"3968","UHGV-0136834",0,0
"3969","UHGV-0136903",0,0
"3970","UHGV-0137058",0,0
"3971","UHGV-0137175",0,0
"3972","UHGV-0137202",0,0
"3973","UHGV-0137207",0,0
"3974","UHGV-0137398",0,0
"3975","UHGV-0137558",0,0
"3976","UHGV-0137928",0,0
"3977","UHGV-0138054",0,0
"3978","UHGV-0138162",0,0
"3979","UHGV-0138466",0,0
"3980","UHGV-0138781",0,0
"3981","UHGV-0138925",0,0
"3982","UHGV-0138962",0,0
"3983","UHGV-0139112",0,0
"3984","UHGV-0139285",0,0
"3985","UHGV-0139296",0,0
"3986","UHGV-0139440",0,0
"3987","UHGV-0139555",0,0
"3988","UHGV-0139703",0,0
"3989","UHGV-0139758",0,0
"3990","UHGV-0139789",0,0
"3991","UHGV-0139906",0,0
"3992","UHGV-0139969",0,0
"3993","UHGV-0140065",0,0
"3994","UHGV-0140321",0,0
"3995","UHGV-0140326",0,0
"3996","UHGV-0140334",0,0
"3997","UHGV-0140342",0,0
"3998","UHGV-0140384",0,0
"3999","UHGV-0140397",0,0
"4000","UHGV-0140457",0,0
"4001","UHGV-0140501",0,0
"4002","UHGV-0140779",0,0
"4003","UHGV-0141023",0,0
"4004","UHGV-0141150",0,0
"4005","UHGV-0141212",0,0
"4006","UHGV-0141344",0,0
"4007","UHGV-0141475",0,0
"4008","UHGV-0141537",0,0
"4009","UHGV-0141566",0,0
"4010","UHGV-0141608",0,0
"4011","UHGV-0141612",0,0
"4012","UHGV-0141711",0,0
"4013","UHGV-0141947",0,0
"4014","UHGV-0142029",0,0
"4015","UHGV-0142280",0,0
"4016","UHGV-0142317",0,0
"4017","UHGV-0142327",0,0
"4018","UHGV-0142329",0,0
"4019","UHGV-0142391",0,0
"4020","UHGV-0142488",0,0
"4021","UHGV-0142572",0,0
"4022","UHGV-0142602",0,0
"4023","UHGV-0142604",0,0
"4024","UHGV-0142636",0,0
"4025","UHGV-0142713",0,0
"4026","UHGV-0142763",0,0
"4027","UHGV-0142831",0,0
"4028","UHGV-0142975",0,0
"4029","UHGV-0143243",0,0
"4030","UHGV-0143291",0,0
"4031","UHGV-0143507",0,0
"4032","UHGV-0143592",0,0
"4033","UHGV-0143710",0,0
"4034","UHGV-0144109",0,0
"4035","UHGV-0144223",0,0
"4036","UHGV-0144225",0,0
"4037","UHGV-0144318",0,0
"4038","UHGV-0144458",0,0
"4039","UHGV-0144484",0,0
"4040","UHGV-0144746",0,0
"4041","UHGV-0145022",0,0
"4042","UHGV-0145023",0,0
"4043","UHGV-0145062",0,0
"4044","UHGV-0145095",0,0
"4045","UHGV-0145192",0,0
"4046","UHGV-0145307",0,0
"4047","UHGV-0145369",0,0
"4048","UHGV-0145664",0,0
"4049","UHGV-0145707",0,0
"4050","UHGV-0145853",0,0
"4051","UHGV-0145898",0,0
"4052","UHGV-0146095",0,0
"4053","UHGV-0146342",0,0
"4054","UHGV-0146350",0,0
"4055","UHGV-0146358",0,0
"4056","UHGV-0146647",0,0
"4057","UHGV-0146648",0,0
"4058","UHGV-0146813",0,0
"4059","UHGV-0146902",0,0
"4060","UHGV-0147019",0,0
"4061","UHGV-0147062",0,0
"4062","UHGV-0147550",0,0
"4063","UHGV-0147595",0,0
"4064","UHGV-0147627",0,0
"4065","UHGV-0148034",0,0
"4066","UHGV-0148062",0,0
"4067","UHGV-0148103",0,0
"4068","UHGV-0148107",0,0
"4069","UHGV-0148125",0,0
"4070","UHGV-0148346",0,0
"4071","UHGV-0148349",0,0
"4072","UHGV-0148391",0,0
"4073","UHGV-0148455",0,0
"4074","UHGV-0148879",0,0
"4075","UHGV-0149030",0,0
"4076","UHGV-0149073",0,0
"4077","UHGV-0149119",0,0
"4078","UHGV-0149133",0,0
"4079","UHGV-0149321",0,0
"4080","UHGV-0149552",0,0
"4081","UHGV-0149616",0,0
"4082","UHGV-0149794",0,0
"4083","UHGV-0149801",0,0
"4084","UHGV-0149807",0,0
"4085","UHGV-0150210",0,0
"4086","UHGV-0150281",0,0
"4087","UHGV-0150413",0,0
"4088","UHGV-0150679",0,0
"4089","UHGV-0150680",0,0
"4090","UHGV-0150862",0,0
"4091","UHGV-0150886",0,0
"4092","UHGV-0151122",0,0
"4093","UHGV-0151232",0,0
"4094","UHGV-0151246",0,0
"4095","UHGV-0151291",0,0
"4096","UHGV-0151352",0,0
"4097","UHGV-0151758",0,0
"4098","UHGV-0152002",0,0
"4099","UHGV-0152055",0,0
"4100","UHGV-0152061",0,0
"4101","UHGV-0152213",0,0
"4102","UHGV-0152251",0,0
"4103","UHGV-0152283",0,0
"4104","UHGV-0152485",0,0
"4105","UHGV-0152632",0,0
"4106","UHGV-0152676",0,0
"4107","UHGV-0152698",0,0
"4108","UHGV-0152765",0,0
"4109","UHGV-0152908",0,0
"4110","UHGV-0152926",0,0
"4111","UHGV-0152970",0,0
"4112","UHGV-0153086",0,0
"4113","UHGV-0153162",0,0
"4114","UHGV-0153318",0,0
"4115","UHGV-0153343",0,0
"4116","UHGV-0153644",0,0
"4117","UHGV-0153652",0,0
"4118","UHGV-0153798",0,0
"4119","UHGV-0153843",0,0
"4120","UHGV-0153860",0,0
"4121","UHGV-0153934",0,0
"4122","UHGV-0154140",0,0
"4123","UHGV-0154356",0,0
"4124","UHGV-0154449",0,0
"4125","UHGV-0154538",0,0
"4126","UHGV-0154626",0,0
"4127","UHGV-0154766",0,0
"4128","UHGV-0154844",0,0
"4129","UHGV-0154970",0,0
"4130","UHGV-0155172",0,0
"4131","UHGV-0155334",0,0
"4132","UHGV-0155438",0,0
"4133","UHGV-0155539",0,0
"4134","UHGV-0155575",0,0
"4135","UHGV-0155680",0,0
"4136","UHGV-0155708",0,0
"4137","UHGV-0155918",0,0
"4138","UHGV-0156012",0,0
"4139","UHGV-0156201",0,0
"4140","UHGV-0156231",0,0
"4141","UHGV-0156335",0,0
"4142","UHGV-0156465",0,0
"4143","UHGV-0156610",0,0
"4144","UHGV-0156653",0,0
"4145","UHGV-0156818",0,0
"4146","UHGV-0157151",0,0
"4147","UHGV-0157225",0,0
"4148","UHGV-0157284",0,0
"4149","UHGV-0157297",0,0
"4150","UHGV-0157300",0,0
"4151","UHGV-0157337",0,0
"4152","UHGV-0157403",0,0
"4153","UHGV-0157633",0,0
"4154","UHGV-0157721",0,0
"4155","UHGV-0157757",0,0
"4156","UHGV-0158125",0,0
"4157","UHGV-0158220",0,0
"4158","UHGV-0158415",0,0
"4159","UHGV-0158475",0,0
"4160","UHGV-0158538",0,0
"4161","UHGV-0158589",0,0
"4162","UHGV-0158631",0,0
"4163","UHGV-0158693",0,0
"4164","UHGV-0158743",0,0
"4165","UHGV-0158829",0,0
"4166","UHGV-0158835",0,0
"4167","UHGV-0159232",0,0
"4168","UHGV-0159417",0,0
"4169","UHGV-0159444",0,0
"4170","UHGV-0159518",0,0
"4171","UHGV-0159666",0,0
"4172","UHGV-0159830",0,0
"4173","UHGV-0159848",0,0
"4174","UHGV-0160105",0,0
"4175","UHGV-0160126",0,0
"4176","UHGV-0160184",0,0
"4177","UHGV-0160553",0,0
"4178","UHGV-0160621",0,0
"4179","UHGV-0160948",0,0
"4180","UHGV-0161266",0,0
"4181","UHGV-0161313",0,0
"4182","UHGV-0161339",0,0
"4183","UHGV-0161386",0,0
"4184","UHGV-0161483",0,0
"4185","UHGV-0161517",0,0
"4186","UHGV-0161549",0,0
"4187","UHGV-0161572",0,0
"4188","UHGV-0161723",0,0
"4189","UHGV-0161880",0,0
"4190","UHGV-0162226",0,0
"4191","UHGV-0162227",0,0
"4192","UHGV-0162322",0,0
"4193","UHGV-0162502",0,0
"4194","UHGV-0162596",0,0
"4195","UHGV-0162601",0,0
"4196","UHGV-0163077",0,0
"4197","UHGV-0163214",0,0
"4198","UHGV-0163422",0,0
"4199","UHGV-0163556",0,0
"4200","UHGV-0163892",0,0
"4201","UHGV-0164341",0,0
"4202","UHGV-0164356",0,0
"4203","UHGV-0164434",0,0
"4204","UHGV-0164570",0,0
"4205","UHGV-0164731",0,0
"4206","UHGV-0164732",0,0
"4207","UHGV-0164761",0,0
"4208","UHGV-0165037",0,0
"4209","UHGV-0165754",0,0
"4210","UHGV-0166076",0,0
"4211","UHGV-0166372",0,0
"4212","UHGV-0166493",0,0
"4213","UHGV-0166551",0,0
"4214","UHGV-0166731",0,0
"4215","UHGV-0166760",0,0
"4216","UHGV-0167113",0,0
"4217","UHGV-0167187",0,0
"4218","UHGV-0167689",0,0
"4219","UHGV-0167729",0,0
"4220","UHGV-0167738",0,0
"4221","UHGV-0167805",0,0
"4222","UHGV-0167831",0,0
"4223","UHGV-0168329",0,0
"4224","UHGV-0168593",0,0
"4225","UHGV-0168697",0,0
"4226","UHGV-0169089",0,0
"4227","UHGV-0169250",0,0
"4228","UHGV-0169299",0,0
"4229","UHGV-0169508",0,0
"4230","UHGV-0170009",0,0
"4231","UHGV-0170538",0,0
"4232","UHGV-0170647",0,0
"4233","UHGV-0170758",0,0
"4234","UHGV-0170971",0,0
"4235","UHGV-0170979",0,0
"4236","UHGV-0171097",0,0
"4237","UHGV-0171205",0,0
"4238","UHGV-0171488",0,0
"4239","UHGV-0171547",0,0
"4240","UHGV-0171653",0,0
"4241","UHGV-0171689",0,0
"4242","UHGV-0171692",0,0
"4243","UHGV-0171699",0,0
"4244","UHGV-0171708",0,0
"4245","UHGV-0171766",0,0
"4246","UHGV-0172103",0,0
"4247","UHGV-0172370",0,0
"4248","UHGV-0172432",0,0
"4249","UHGV-0172435",0,0
"4250","UHGV-0172519",0,0
"4251","UHGV-0172612",0,0
"4252","UHGV-0172894",0,0
"4253","UHGV-0172984",0,0
"4254","UHGV-0173008",0,0
"4255","UHGV-0173012",0,0
"4256","UHGV-0173219",0,0
"4257","UHGV-0173366",0,0
"4258","UHGV-0173368",0,0
"4259","UHGV-0173436",0,0
"4260","UHGV-0173468",0,0
"4261","UHGV-0173530",0,0
"4262","UHGV-0173728",0,0
"4263","UHGV-0173848",0,0
"4264","UHGV-0173985",0,0
"4265","UHGV-0174163",0,0
"4266","UHGV-0174273",0,0
"4267","UHGV-0174412",0,0
"4268","UHGV-0174428",0,0
"4269","UHGV-0174429",0,0
"4270","UHGV-0174476",0,0
"4271","UHGV-0174487",0,0
"4272","UHGV-0174586",0,0
"4273","UHGV-0174616",0,0
"4274","UHGV-0174629",0,0
"4275","UHGV-0174774",0,0
"4276","UHGV-0174866",0,0
"4277","UHGV-0174932",0,0
"4278","UHGV-0174934",0,0
"4279","UHGV-0174935",0,0
"4280","UHGV-0174938",0,0
"4281","UHGV-0174974",0,0
"4282","UHGV-0174996",0,0
"4283","UHGV-0175052",0,0
"4284","UHGV-0175055",0,0
"4285","UHGV-0175070",0,0
"4286","UHGV-0175084",0,0
"4287","UHGV-0175100",0,0
"4288","UHGV-0175141",0,0
"4289","UHGV-0175207",0,0
"4290","UHGV-0175216",0,0
"4291","UHGV-0175245",0,0
"4292","UHGV-0175270",0,0
"4293","UHGV-0175326",0,0
"4294","UHGV-0175437",0,0
"4295","UHGV-0175498",0,0
"4296","UHGV-0175867",0,0
"4297","UHGV-0175936",0,0
"4298","UHGV-0176114",0,0
"4299","UHGV-0176186",0,0
"4300","UHGV-0176227",0,0
"4301","UHGV-0176381",0,0
"4302","UHGV-0176544",0,0
"4303","UHGV-0176580",0,0
"4304","UHGV-0176589",0,0
"4305","UHGV-0176636",0,0
"4306","UHGV-0176719",0,0
"4307","UHGV-0176726",0,0
"4308","UHGV-0176729",0,0
"4309","UHGV-0176771",0,0
"4310","UHGV-0176857",0,0
"4311","UHGV-0176879",0,0
"4312","UHGV-0177017",0,0
"4313","UHGV-0177023",0,0
"4314","UHGV-0177187",0,0
"4315","UHGV-0177193",0,0
"4316","UHGV-0177227",0,0
"4317","UHGV-0177320",0,0
"4318","UHGV-0177407",0,0
"4319","UHGV-0177499",0,0
"4320","UHGV-0177500",0,0
"4321","UHGV-0177584",0,0
"4322","UHGV-0177650",0,0
"4323","UHGV-0177790",0,0
"4324","UHGV-0177796",0,0
"4325","UHGV-0177890",0,0
"4326","UHGV-0177905",0,0
"4327","UHGV-0177963",0,0
"4328","UHGV-0178136",0,0
"4329","UHGV-0178400",0,0
"4330","UHGV-0178692",0,0
"4331","UHGV-0178740",0,0
"4332","UHGV-0178741",0,0
"4333","UHGV-0179008",0,0
"4334","UHGV-0179235",0,0
"4335","UHGV-0179269",0,0
"4336","UHGV-0179323",0,0
"4337","UHGV-0179328",0,0
"4338","UHGV-0179362",0,0
"4339","UHGV-0179571",0,0
"4340","UHGV-0179582",0,0
"4341","UHGV-0179738",0,0
"4342","UHGV-0179779",0,0
"4343","UHGV-0179881",0,0
"4344","UHGV-0180084",0,0
"4345","UHGV-0180230",0,0
"4346","UHGV-0180338",0,0
"4347","UHGV-0180362",0,0
"4348","UHGV-0180381",0,0
"4349","UHGV-0180464",0,0
"4350","UHGV-0180494",0,0
"4351","UHGV-0180611",0,0
"4352","UHGV-0180763",0,0
"4353","UHGV-0180859",0,0
"4354","UHGV-0180922",0,0
"4355","UHGV-0180942",1,1
"4356","UHGV-0181008",0,0
"4357","UHGV-0181358",0,0
"4358","UHGV-0181432",0,0
"4359","UHGV-0181523",0,0
"4360","UHGV-0181555",0,0
"4361","UHGV-0181747",0,0
"4362","UHGV-0181832",0,0
"4363","UHGV-0181920",0,0
"4364","UHGV-0182224",0,0
"4365","UHGV-0182267",0,0
"4366","UHGV-0182287",0,0
"4367","UHGV-0182402",0,0
"4368","UHGV-0182567",0,0
"4369","UHGV-0182602",0,0
"4370","UHGV-0182698",0,0
"4371","UHGV-0182804",0,0
"4372","UHGV-0182966",0,0
"4373","UHGV-0182973",0,0
"4374","UHGV-0183072",0,0
"4375","UHGV-0183214",0,0
"4376","UHGV-0183215",0,0
"4377","UHGV-0183318",0,0
"4378","UHGV-0183468",0,0
"4379","UHGV-0184176",0,0
"4380","UHGV-0184340",0,0
"4381","UHGV-0184513",0,0
"4382","UHGV-0184611",0,0
"4383","UHGV-0184612",0,0
"4384","UHGV-0184654",0,0
"4385","UHGV-0184687",0,0
"4386","UHGV-0184693",0,0
"4387","UHGV-0185184",0,0
"4388","UHGV-0185185",0,0
"4389","UHGV-0185215",0,0
"4390","UHGV-0185298",0,0
"4391","UHGV-0185502",0,0
"4392","UHGV-0185650",0,0
"4393","UHGV-0185696",0,0
"4394","UHGV-0185836",0,0
"4395","UHGV-0185880",0,0
"4396","UHGV-0186014",0,0
"4397","UHGV-0186063",0,0
"4398","UHGV-0186185",0,0
"4399","UHGV-0186232",0,0
"4400","UHGV-0186321",0,0
"4401","UHGV-0186327",0,0
"4402","UHGV-0186569",0,0
"4403","UHGV-0186647",0,0
"4404","UHGV-0186801",0,0
"4405","UHGV-0186804",0,0
"4406","UHGV-0187065",0,0
"4407","UHGV-0187176",0,0
"4408","UHGV-0187282",0,0
"4409","UHGV-0187289",0,0
"4410","UHGV-0187352",0,0
"4411","UHGV-0187357",0,0
"4412","UHGV-0187364",0,0
"4413","UHGV-0187502",0,0
"4414","UHGV-0187859",0,0
"4415","UHGV-0187860",0,0
"4416","UHGV-0187918",0,0
"4417","UHGV-0187930",0,0
"4418","UHGV-0187970",0,0
"4419","UHGV-0188056",0,0
"4420","UHGV-0188097",0,0
"4421","UHGV-0188103",0,0
"4422","UHGV-0188280",0,0
"4423","UHGV-0188426",0,0
"4424","UHGV-0188719",0,0
"4425","UHGV-0188720",0,0
"4426","UHGV-0188780",0,0
"4427","UHGV-0188809",0,0
"4428","UHGV-0188896",0,0
"4429","UHGV-0188975",0,0
"4430","UHGV-0189082",0,0
"4431","UHGV-0189161",0,0
"4432","UHGV-0189216",0,0
"4433","UHGV-0189282",0,0
"4434","UHGV-0189346",0,0
"4435","UHGV-0189370",0,0
"4436","UHGV-0189455",0,0
"4437","UHGV-0189594",0,0
"4438","UHGV-0189763",0,0
"4439","UHGV-0189828",0,0
"4440","UHGV-0190048",0,0
"4441","UHGV-0190124",0,0
"4442","UHGV-0190331",0,0
"4443","UHGV-0190335",0,0
"4444","UHGV-0190536",0,0
"4445","UHGV-0190554",0,0
"4446","UHGV-0190641",0,0
"4447","UHGV-0190761",0,0
"4448","UHGV-0190771",0,0
"4449","UHGV-0190855",0,0
"4450","UHGV-0190965",0,0
"4451","UHGV-0191433",0,0
"4452","UHGV-0191533",0,0
"4453","UHGV-0191608",0,0
"4454","UHGV-0191696",0,0
"4455","UHGV-0191885",0,0
"4456","UHGV-0192079",0,0
"4457","UHGV-0192248",0,0
"4458","UHGV-0192311",0,0
"4459","UHGV-0192366",0,0
"4460","UHGV-0192377",0,0
"4461","UHGV-0192442",0,0
"4462","UHGV-0192450",0,0
"4463","UHGV-0192727",0,0
"4464","UHGV-0192757",0,0
"4465","UHGV-0193110",0,0
"4466","UHGV-0193119",0,0
"4467","UHGV-0193196",0,0
"4468","UHGV-0193230",0,0
"4469","UHGV-0193373",0,0
"4470","UHGV-0193384",0,0
"4471","UHGV-0193537",0,0
"4472","UHGV-0193623",0,0
"4473","UHGV-0193937",0,0
"4474","UHGV-0194106",0,0
"4475","UHGV-0194194",0,0
"4476","UHGV-0194688",0,0
"4477","UHGV-0194737",0,0
"4478","UHGV-0195102",0,0
"4479","UHGV-0195405",0,0
"4480","UHGV-0195568",0,0
"4481","UHGV-0195598",0,0
"4482","UHGV-0195600",0,0
"4483","UHGV-0195759",0,0
"4484","UHGV-0195903",0,0
"4485","UHGV-0196026",0,0
"4486","UHGV-0196160",0,0
"4487","UHGV-0196185",1,1
"4488","UHGV-0196409",0,0
"4489","UHGV-0196443",0,0
"4490","UHGV-0196857",0,0
"4491","UHGV-0196880",0,0
"4492","UHGV-0196975",0,0
"4493","UHGV-0197141",0,0
"4494","UHGV-0197183",0,0
"4495","UHGV-0197243",0,0
"4496","UHGV-0197501",0,0
"4497","UHGV-0197534",0,0
"4498","UHGV-0197604",0,0
"4499","UHGV-0197714",0,0
"4500","UHGV-0197748",0,0
"4501","UHGV-0197782",0,0
"4502","UHGV-0197973",0,0
"4503","UHGV-0198028",0,0
"4504","UHGV-0198145",0,0
"4505","UHGV-0198191",0,0
"4506","UHGV-0198406",0,0
"4507","UHGV-0198527",0,0
"4508","UHGV-0198557",0,0
"4509","UHGV-0199112",0,0
"4510","UHGV-0199303",0,0
"4511","UHGV-0199318",0,0
"4512","UHGV-0199352",0,0
"4513","UHGV-0199582",0,0
"4514","UHGV-0199796",0,0
"4515","UHGV-0199816",0,0
"4516","UHGV-0200004",0,0
"4517","UHGV-0200013",0,0
"4518","UHGV-0200033",0,0
"4519","UHGV-0200061",0,0
"4520","UHGV-0200076",0,0
"4521","UHGV-0200079",0,0
"4522","UHGV-0200211",0,0
"4523","UHGV-0200402",0,0
"4524","UHGV-0200437",0,0
"4525","UHGV-0200643",0,0
"4526","UHGV-0200692",0,0
"4527","UHGV-0200711",0,0
"4528","UHGV-0200721",1,1
"4529","UHGV-0200844",0,0
"4530","UHGV-0201052",0,0
"4531","UHGV-0201431",0,0
"4532","UHGV-0201617",0,0
"4533","UHGV-0201915",0,0
"4534","UHGV-0202005",0,0
"4535","UHGV-0202054",0,0
"4536","UHGV-0202246",2,1
"4537","UHGV-0202314",0,0
"4538","UHGV-0202515",0,0
"4539","UHGV-0202607",0,0
"4540","UHGV-0202764",0,0
"4541","UHGV-0202906",0,0
"4542","UHGV-0202973",0,0
"4543","UHGV-0202983",0,0
"4544","UHGV-0203205",0,0
"4545","UHGV-0203265",0,0
"4546","UHGV-0203328",0,0
"4547","UHGV-0203377",0,0
"4548","UHGV-0203433",0,0
"4549","UHGV-0203456",0,0
"4550","UHGV-0203464",0,0
"4551","UHGV-0203482",0,0
"4552","UHGV-0203500",0,0
"4553","UHGV-0203649",0,0
"4554","UHGV-0203692",0,0
"4555","UHGV-0203833",0,0
"4556","UHGV-0203959",0,0
"4557","UHGV-0204003",0,0
"4558","UHGV-0204068",0,0
"4559","UHGV-0204071",0,0
"4560","UHGV-0204074",0,0
"4561","UHGV-0204113",0,0
"4562","UHGV-0204202",0,0
"4563","UHGV-0204283",0,0
"4564","UHGV-0204295",0,0
"4565","UHGV-0204336",0,0
"4566","UHGV-0204463",0,0
"4567","UHGV-0204554",0,0
"4568","UHGV-0204589",0,0
"4569","UHGV-0204953",0,0
"4570","UHGV-0205021",0,0
"4571","UHGV-0205030",0,0
"4572","UHGV-0205033",0,0
"4573","UHGV-0205093",0,0
"4574","UHGV-0205108",0,0
"4575","UHGV-0205141",0,0
"4576","UHGV-0205251",0,0
"4577","UHGV-0205272",0,0
"4578","UHGV-0205279",0,0
"4579","UHGV-0205280",0,0
"4580","UHGV-0205356",0,0
"4581","UHGV-0205380",0,0
"4582","UHGV-0205391",0,0
"4583","UHGV-0205579",0,0
"4584","UHGV-0205580",1,1
"4585","UHGV-0205585",0,0
"4586","UHGV-0205610",0,0
"4587","UHGV-0205685",0,0
"4588","UHGV-0205759",0,0
"4589","UHGV-0205794",0,0
"4590","UHGV-0205907",0,0
"4591","UHGV-0206006",0,0
"4592","UHGV-0206013",0,0
"4593","UHGV-0206044",0,0
"4594","UHGV-0206118",0,0
"4595","UHGV-0206207",0,0
"4596","UHGV-0206297",0,0
"4597","UHGV-0206448",0,0
"4598","UHGV-0206574",0,0
"4599","UHGV-0206656",0,0
"4600","UHGV-0206885",0,0
"4601","UHGV-0206947",0,0
"4602","UHGV-0206948",0,0
"4603","UHGV-0206955",0,0
"4604","UHGV-0207000",0,0
"4605","UHGV-0207026",0,0
"4606","UHGV-0207030",0,0
"4607","UHGV-0207069",0,0
"4608","UHGV-0207123",1,1
"4609","UHGV-0207166",0,0
"4610","UHGV-0207173",0,0
"4611","UHGV-0207174",0,0
"4612","UHGV-0207175",0,0
"4613","UHGV-0207477",0,0
"4614","UHGV-0207590",0,0
"4615","UHGV-0207688",0,0
"4616","UHGV-0207752",0,0
"4617","UHGV-0207801",0,0
"4618","UHGV-0207966",0,0
"4619","UHGV-0208078",0,0
"4620","UHGV-0208090",0,0
"4621","UHGV-0208095",0,0
"4622","UHGV-0208102",0,0
"4623","UHGV-0208163",0,0
"4624","UHGV-0208210",0,0
"4625","UHGV-0208219",0,0
"4626","UHGV-0208242",0,0
"4627","UHGV-0208249",0,0
"4628","UHGV-0208298",0,0
"4629","UHGV-0208331",0,0
"4630","UHGV-0208416",0,0
"4631","UHGV-0208439",0,0
"4632","UHGV-0208551",0,0
"4633","UHGV-0208715",0,0
"4634","UHGV-0208719",0,0
"4635","UHGV-0208832",0,0
"4636","UHGV-0208842",0,0
"4637","UHGV-0208864",0,0
"4638","UHGV-0208866",0,0
"4639","UHGV-0208867",0,0
"4640","UHGV-0208870",0,0
"4641","UHGV-0209090",0,0
"4642","UHGV-0209139",0,0
"4643","UHGV-0209168",0,0
"4644","UHGV-0209290",0,0
"4645","UHGV-0209291",0,0
"4646","UHGV-0209423",0,0
"4647","UHGV-0209455",0,0
"4648","UHGV-0209574",0,0
"4649","UHGV-0209634",0,0
"4650","UHGV-0209653",0,0
"4651","UHGV-0209670",0,0
"4652","UHGV-0209680",0,0
"4653","UHGV-0209747",0,0
"4654","UHGV-0209787",0,0
"4655","UHGV-0209859",0,0
"4656","UHGV-0210059",0,0
"4657","UHGV-0210130",0,0
"4658","UHGV-0210224",0,0
"4659","UHGV-0210263",0,0
"4660","UHGV-0210300",0,0
"4661","UHGV-0210493",0,0
"4662","UHGV-0210678",0,0
"4663","UHGV-0210681",0,0
"4664","UHGV-0210685",0,0
"4665","UHGV-0210737",0,0
"4666","UHGV-0210765",0,0
"4667","UHGV-0210820",0,0
"4668","UHGV-0211072",0,0
"4669","UHGV-0211091",0,0
"4670","UHGV-0211195",0,0
"4671","UHGV-0211200",0,0
"4672","UHGV-0211285",0,0
"4673","UHGV-0211286",0,0
"4674","UHGV-0211315",0,0
"4675","UHGV-0211490",0,0
"4676","UHGV-0211562",0,0
"4677","UHGV-0211726",0,0
"4678","UHGV-0211785",0,0
"4679","UHGV-0211811",0,0
"4680","UHGV-0211833",0,0
"4681","UHGV-0211850",0,0
"4682","UHGV-0211923",0,0
"4683","UHGV-0211978",0,0
"4684","UHGV-0212162",0,0
"4685","UHGV-0212314",0,0
"4686","UHGV-0212518",0,0
"4687","UHGV-0212536",0,0
"4688","UHGV-0212641",0,0
"4689","UHGV-0212642",0,0
"4690","UHGV-0212694",0,0
"4691","UHGV-0212743",0,0
"4692","UHGV-0212748",0,0
"4693","UHGV-0212766",0,0
"4694","UHGV-0212798",0,0
"4695","UHGV-0212887",0,0
"4696","UHGV-0212926",0,0
"4697","UHGV-0212968",0,0
"4698","UHGV-0213006",0,0
"4699","UHGV-0213028",0,0
"4700","UHGV-0213078",0,0
"4701","UHGV-0213100",0,0
"4702","UHGV-0213167",0,0
"4703","UHGV-0213208",0,0
"4704","UHGV-0213290",0,0
"4705","UHGV-0213320",0,0
"4706","UHGV-0213323",0,0
"4707","UHGV-0213324",0,0
"4708","UHGV-0213327",0,0
"4709","UHGV-0213389",0,0
"4710","UHGV-0213512",0,0
"4711","UHGV-0213749",0,0
"4712","UHGV-0213992",0,0
"4713","UHGV-0214202",0,0
"4714","UHGV-0214203",0,0
"4715","UHGV-0214439",0,0
"4716","UHGV-0214457",0,0
"4717","UHGV-0214636",0,0
"4718","UHGV-0214914",0,0
"4719","UHGV-0215154",0,0
"4720","UHGV-0215233",0,0
"4721","UHGV-0215255",1,1
"4722","UHGV-0215521",0,0
"4723","UHGV-0216082",0,0
"4724","UHGV-0216146",0,0
"4725","UHGV-0216161",0,0
"4726","UHGV-0216401",0,0
"4727","UHGV-0216473",0,0
"4728","UHGV-0216533",0,0
"4729","UHGV-0216714",0,0
"4730","UHGV-0216864",0,0
"4731","UHGV-0217162",0,0
"4732","UHGV-0217350",0,0
"4733","UHGV-0217460",0,0
"4734","UHGV-0218009",0,0
"4735","UHGV-0218061",0,0
"4736","UHGV-0218247",0,0
"4737","UHGV-0218555",0,0
"4738","UHGV-0218580",0,0
"4739","UHGV-0219368",0,0
"4740","UHGV-0219725",0,0
"4741","UHGV-0220280",1,1
"4742","UHGV-0220318",0,0
"4743","UHGV-0220911",0,0
"4744","UHGV-0221020",0,0
"4745","UHGV-0221127",0,0
"4746","UHGV-0221300",0,0
"4747","UHGV-0221891",0,0
"4748","UHGV-0221952",0,0
"4749","UHGV-0222321",0,0
"4750","UHGV-0222554",0,0
"4751","UHGV-0223497",0,0
"4752","UHGV-0223529",0,0
"4753","UHGV-0223946",0,0
"4754","UHGV-0223967",0,0
"4755","UHGV-0223997",0,0
"4756","UHGV-0224370",0,0
"4757","UHGV-0224474",0,0
"4758","UHGV-0224797",0,0
"4759","UHGV-0224850",0,0
"4760","UHGV-0225418",0,0
"4761","UHGV-0225562",0,0
"4762","UHGV-0225608",0,0
"4763","UHGV-0226153",0,0
"4764","UHGV-0226305",0,0
"4765","UHGV-0226755",0,0
"4766","UHGV-0227582",0,0
"4767","UHGV-0228363",0,0
"4768","UHGV-0228560",0,0
"4769","UHGV-0229247",0,0
"4770","UHGV-0229413",0,0
"4771","UHGV-0229416",0,0
"4772","UHGV-0229793",0,0
"4773","UHGV-0230044",0,0
"4774","UHGV-0230108",0,0
"4775","UHGV-0230328",0,0
"4776","UHGV-0232182",0,0
"4777","UHGV-0233349",0,0
"4778","UHGV-0233555",0,0
"4779","UHGV-0233556",0,0
"4780","UHGV-0234072",0,0
"4781","UHGV-0234091",0,0
"4782","UHGV-0234887",0,0
"4783","UHGV-0234913",0,0
"4784","UHGV-0235225",0,0
"4785","UHGV-0235716",0,0
"4786","UHGV-0235758",0,0
"4787","UHGV-0235795",0,0
"4788","UHGV-0236228",0,0
"4789","UHGV-0236277",0,0
"4790","UHGV-0236936",0,0
"4791","UHGV-0236982",0,0
"4792","UHGV-0237348",0,0
"4793","UHGV-0237535",0,0
"4794","UHGV-0237655",0,0
"4795","UHGV-0238152",0,0
"4796","UHGV-0238221",0,0
"4797","UHGV-0238335",0,0
"4798","UHGV-0238896",0,0
"4799","UHGV-0239249",0,0
"4800","UHGV-0239277",0,0
"4801","UHGV-0239550",0,0
"4802","UHGV-0239956",0,0
"4803","UHGV-0240448",0,0
"4804","UHGV-0240513",0,0
"4805","UHGV-0240552",0,0
"4806","UHGV-0240622",0,0
"4807","UHGV-0240908",0,0
"4808","UHGV-0241167",0,0
"4809","UHGV-0241498",1,1
"4810","UHGV-0241592",0,0
"4811","UHGV-0241778",0,0
"4812","UHGV-0242099",0,0
"4813","UHGV-0242548",0,0
"4814","UHGV-0243075",0,0
"4815","UHGV-0243146",0,0
"4816","UHGV-0243256",0,0
"4817","UHGV-0243463",0,0
"4818","UHGV-0243862",0,0
"4819","UHGV-0244207",0,0
"4820","UHGV-0244282",0,0
"4821","UHGV-0244496",0,0
"4822","UHGV-0244580",0,0
"4823","UHGV-0244814",0,0
"4824","UHGV-0245021",0,0
"4825","UHGV-0245711",0,0
"4826","UHGV-0246087",0,0
"4827","UHGV-0246331",0,0
"4828","UHGV-0247051",0,0
"4829","UHGV-0247265",0,0
"4830","UHGV-0247404",0,0
"4831","UHGV-0247454",0,0
"4832","UHGV-0247501",0,0
"4833","UHGV-0247608",0,0
"4834","UHGV-0247803",0,0
"4835","UHGV-0248017",0,0
"4836","UHGV-0249255",0,0
"4837","UHGV-0249365",0,0
"4838","UHGV-0250347",0,0
"4839","UHGV-0250613",0,0
"4840","UHGV-0251563",0,0
"4841","UHGV-0252048",0,0
"4842","UHGV-0252439",0,0
"4843","UHGV-0252483",0,0
"4844","UHGV-0252874",0,0
"4845","UHGV-0253218",0,0
"4846","UHGV-0253325",0,0
"4847","UHGV-0253335",0,0
"4848","UHGV-0253557",0,0
"4849","UHGV-0253637",0,0
"4850","UHGV-0253981",0,0
"4851","UHGV-0254628",0,0
"4852","UHGV-0254760",0,0
"4853","UHGV-0255373",0,0
"4854","UHGV-0255961",0,0
"4855","UHGV-0256557",0,0
"4856","UHGV-0256969",0,0
"4857","UHGV-0257226",0,0
"4858","UHGV-0257336",0,0
"4859","UHGV-0257417",0,0
"4860","UHGV-0257550",0,0
"4861","UHGV-0257689",0,0
"4862","UHGV-0257889",0,0
"4863","UHGV-0258441",0,0
"4864","UHGV-0258852",0,0
"4865","UHGV-0258903",0,0
"4866","UHGV-0259168",0,0
"4867","UHGV-0259488",0,0
"4868","UHGV-0259702",0,0
"4869","UHGV-0260001",0,0
"4870","UHGV-0260002",0,0
"4871","UHGV-0260256",0,0
"4872","UHGV-0260560",0,0
"4873","UHGV-0260596",0,0
"4874","UHGV-0260730",0,0
"4875","UHGV-0260938",0,0
"4876","UHGV-0261976",0,0
"4877","UHGV-0261981",0,0
"4878","UHGV-0262253",0,0
"4879","UHGV-0262310",0,0
"4880","UHGV-0262705",0,0
"4881","UHGV-0263179",0,0
"4882","UHGV-0263555",0,0
"4883","UHGV-0263641",0,0
"4884","UHGV-0263880",0,0
"4885","UHGV-0264500",0,0
"4886","UHGV-0264875",0,0
"4887","UHGV-0265171",0,0
"4888","UHGV-0265556",0,0
"4889","UHGV-0265660",0,0
"4890","UHGV-0266436",0,0
"4891","UHGV-0266468",0,0
"4892","UHGV-0266884",0,0
"4893","UHGV-0267290",0,0
"4894","UHGV-0267471",0,0
"4895","UHGV-0268593",0,0
"4896","UHGV-0269303",0,0
"4897","UHGV-0269442",0,0
"4898","UHGV-0269499",0,0
"4899","UHGV-0270069",0,0
"4900","UHGV-0270077",0,0
"4901","UHGV-0270171",0,0
"4902","UHGV-0270490",0,0
"4903","UHGV-0270957",0,0
"4904","UHGV-0271022",0,0
"4905","UHGV-0271369",0,0
"4906","UHGV-0271690",0,0
"4907","UHGV-0272830",0,0
"4908","UHGV-0273068",0,0
"4909","UHGV-0273664",0,0
"4910","UHGV-0273960",0,0
"4911","UHGV-0274080",0,0
"4912","UHGV-0274286",0,0
"4913","UHGV-0274605",0,0
"4914","UHGV-0275160",0,0
"4915","UHGV-0275261",0,0
"4916","UHGV-0275679",0,0
"4917","UHGV-0275892",0,0
"4918","UHGV-0276203",0,0
"4919","UHGV-0276568",0,0
"4920","UHGV-0276897",0,0
"4921","UHGV-0277463",0,0
"4922","UHGV-0277633",0,0
"4923","UHGV-0277939",0,0
"4924","UHGV-0278109",0,0
"4925","UHGV-0278352",0,0
"4926","UHGV-0278360",0,0
"4927","UHGV-0278742",0,0
"4928","UHGV-0279203",0,0
"4929","UHGV-0279257",0,0
"4930","UHGV-0279374",0,0
"4931","UHGV-0279981",0,0
"4932","UHGV-0280285",0,0
"4933","UHGV-0280807",0,0
"4934","UHGV-0280963",0,0
"4935","UHGV-0281105",0,0
"4936","UHGV-0281176",1,1
"4937","UHGV-0281630",0,0
"4938","UHGV-0281980",0,0
"4939","UHGV-0282697",0,0
"4940","UHGV-0282741",0,0
"4941","UHGV-0282762",0,0
"4942","UHGV-0283528",0,0
"4943","UHGV-0283541",0,0
"4944","UHGV-0283821",0,0
"4945","UHGV-0283953",0,0
"4946","UHGV-0284070",0,0
"4947","UHGV-0285540",0,0
"4948","UHGV-0285609",0,0
"4949","UHGV-0285844",0,0
"4950","UHGV-0286948",0,0
"4951","UHGV-0287480",0,0
"4952","UHGV-0287659",0,0
"4953","UHGV-0287755",0,0
"4954","UHGV-0287867",0,0
"4955","UHGV-0288843",0,0
"4956","UHGV-0289280",0,0
"4957","UHGV-0289831",0,0
"4958","UHGV-0289845",0,0
"4959","UHGV-0290521",0,0
"4960","UHGV-0291864",0,0
"4961","UHGV-0292242",0,0
"4962","UHGV-0292267",0,0
"4963","UHGV-0292777",0,0
"4964","UHGV-0293095",0,0
"4965","UHGV-0293419",0,0
"4966","UHGV-0293484",0,0
"4967","UHGV-0293745",0,0
"4968","UHGV-0294027",0,0
"4969","UHGV-0294170",0,0
"4970","UHGV-0294559",0,0
"4971","UHGV-0294806",0,0
"4972","UHGV-0294919",0,0
"4973","UHGV-0295206",0,0
"4974","UHGV-0295228",0,0
"4975","UHGV-0295505",0,0
"4976","UHGV-0295635",0,0
"4977","UHGV-0295649",0,0
"4978","UHGV-0295771",0,0
"4979","UHGV-0295944",0,0
"4980","UHGV-0296288",0,0
"4981","UHGV-0296418",0,0
"4982","UHGV-0296445",0,0
"4983","UHGV-0296501",0,0
"4984","UHGV-0296593",0,0
"4985","UHGV-0297114",0,0
"4986","UHGV-0297408",0,0
"4987","UHGV-0297779",0,0
"4988","UHGV-0297780",0,0
"4989","UHGV-0298055",0,0
"4990","UHGV-0298056",0,0
"4991","UHGV-0298271",0,0
"4992","UHGV-0298572",0,0
"4993","UHGV-0298606",0,0
"4994","UHGV-0298740",0,0
"4995","UHGV-0298991",0,0
"4996","UHGV-0299416",0,0
"4997","UHGV-0299512",0,0
"4998","UHGV-0301076",0,0
"4999","UHGV-0301234",0,0
"5000","UHGV-0301243",0,0
"5001","UHGV-0301404",0,0
"5002","UHGV-0302057",0,0
"5003","UHGV-0302312",0,0
"5004","UHGV-0303123",0,0
"5005","UHGV-0303159",0,0
"5006","UHGV-0303304",0,0
"5007","UHGV-0303468",0,0
"5008","UHGV-0303471",0,0
"5009","UHGV-0303737",0,0
"5010","UHGV-0303832",0,0
"5011","UHGV-0303920",0,0
"5012","UHGV-0304096",0,0
"5013","UHGV-0304606",0,0
"5014","UHGV-0305410",0,0
"5015","UHGV-0305807",0,0
"5016","UHGV-0306190",0,0
"5017","UHGV-0306507",0,0
"5018","UHGV-0307675",0,0
"5019","UHGV-0308454",0,0
"5020","UHGV-0308591",0,0
"5021","UHGV-0309226",0,0
"5022","UHGV-0309409",0,0
"5023","UHGV-0310066",0,0
"5024","UHGV-0310098",0,0
"5025","UHGV-0310369",0,0
"5026","UHGV-0310651",0,0
"5027","UHGV-0310754",0,0
"5028","UHGV-0310839",0,0
"5029","UHGV-0310928",0,0
"5030","UHGV-0311734",0,0
"5031","UHGV-0311767",0,0
"5032","UHGV-0312353",0,0
"5033","UHGV-0312481",0,0
"5034","UHGV-0312767",0,0
"5035","UHGV-0313785",0,0
"5036","UHGV-0313802",0,0
"5037","UHGV-0314081",0,0
"5038","UHGV-0314619",0,0
"5039","UHGV-0314937",0,0
"5040","UHGV-0315221",0,0
"5041","UHGV-0315909",0,0
"5042","UHGV-0315912",0,0
"5043","UHGV-0316643",0,0
"5044","UHGV-0317317",0,0
"5045","UHGV-0317772",0,0
"5046","UHGV-0318488",0,0
"5047","UHGV-0318570",0,0
"5048","UHGV-0319047",0,0
"5049","UHGV-0319116",0,0
"5050","UHGV-0319352",0,0
"5051","UHGV-0319544",0,0
"5052","UHGV-0319641",0,0
"5053","UHGV-0319773",0,0
"5054","UHGV-0320175",0,0
"5055","UHGV-0320428",0,0
"5056","UHGV-0321132",0,0
"5057","UHGV-0321294",0,0
"5058","UHGV-0321771",0,0
"5059","UHGV-0321922",0,0
"5060","UHGV-0321981",0,0
"5061","UHGV-0322037",0,0
"5062","UHGV-0322966",0,0
"5063","UHGV-0323018",0,0
"5064","UHGV-0323305",0,0
"5065","UHGV-0324058",0,0
"5066","UHGV-0324568",0,0
"5067","UHGV-0325301",0,0
"5068","UHGV-0325514",0,0
"5069","UHGV-0325795",0,0
"5070","UHGV-0326693",0,0
"5071","UHGV-0326700",0,0
"5072","UHGV-0327060",0,0
"5073","UHGV-0327320",0,0
"5074","UHGV-0327455",0,0
"5075","UHGV-0327519",0,0
"5076","UHGV-0327629",0,0
"5077","UHGV-0327631",0,0
"5078","UHGV-0327933",0,0
"5079","UHGV-0328306",0,0
"5080","UHGV-0328309",0,0
"5081","UHGV-0328628",0,0
"5082","UHGV-0329168",0,0
"5083","UHGV-0329333",0,0
"5084","UHGV-0329346",0,0
"5085","UHGV-0329697",0,0
"5086","UHGV-0330044",0,0
"5087","UHGV-0330293",0,0
"5088","UHGV-0330813",0,0
"5089","UHGV-0331685",0,0
"5090","UHGV-0331766",0,0
"5091","UHGV-0332331",0,0
"5092","UHGV-0332418",0,0
"5093","UHGV-0332479",0,0
"5094","UHGV-0332503",0,0
"5095","UHGV-0332720",0,0
"5096","UHGV-0332934",0,0
"5097","UHGV-0333182",0,0
"5098","UHGV-0333289",0,0
"5099","UHGV-0333567",0,0
"5100","UHGV-0334662",0,0
"5101","UHGV-0334881",1,1
"5102","UHGV-0334928",0,0
"5103","UHGV-0335424",0,0
"5104","UHGV-0335451",0,0
"5105","UHGV-0335613",0,0
"5106","UHGV-0335617",0,0
"5107","UHGV-0336181",0,0
"5108","UHGV-0336834",0,0
"5109","UHGV-0337506",0,0
"5110","UHGV-0337766",1,1
"5111","UHGV-0337889",0,0
"5112","UHGV-0338311",0,0
"5113","UHGV-0338488",3,1
"5114","UHGV-0338568",0,0
"5115","UHGV-0339228",0,0
"5116","UHGV-0339268",0,0
"5117","UHGV-0339602",0,0
"5118","UHGV-0340010",0,0
"5119","UHGV-0340101",0,0
"5120","UHGV-0340847",0,0
"5121","UHGV-0341805",0,0
"5122","UHGV-0342005",0,0
"5123","UHGV-0342564",0,0
"5124","UHGV-0343304",0,0
"5125","UHGV-0343416",0,0
"5126","UHGV-0343454",0,0
"5127","UHGV-0343669",0,0
"5128","UHGV-0344094",0,0
"5129","UHGV-0344112",0,0
"5130","UHGV-0345219",0,0
"5131","UHGV-0346009",0,0
"5132","UHGV-0346325",0,0
"5133","UHGV-0346500",0,0
"5134","UHGV-0346531",0,0
"5135","UHGV-0346634",0,0
"5136","UHGV-0346865",0,0
"5137","UHGV-0347715",0,0
"5138","UHGV-0347730",0,0
"5139","UHGV-0347739",0,0
"5140","UHGV-0348386",0,0
"5141","UHGV-0348600",0,0
"5142","UHGV-0349123",0,0
"5143","UHGV-0349201",0,0
"5144","UHGV-0349415",0,0
"5145","UHGV-0349692",0,0
"5146","UHGV-0349775",0,0
"5147","UHGV-0349878",0,0
"5148","UHGV-0350448",0,0
"5149","UHGV-0350536",0,0
"5150","UHGV-0350659",0,0
"5151","UHGV-0350792",0,0
"5152","UHGV-0351433",0,0
"5153","UHGV-0351789",0,0
"5154","UHGV-0351972",0,0
"5155","UHGV-0352251",0,0
"5156","UHGV-0352396",0,0
"5157","UHGV-0352475",0,0
"5158","UHGV-0352872",0,0
"5159","UHGV-0353148",0,0
"5160","UHGV-0353336",0,0
"5161","UHGV-0354738",0,0
"5162","UHGV-0354821",0,0
"5163","UHGV-0355138",0,0
"5164","UHGV-0355143",0,0
"5165","UHGV-0355391",0,0
"5166","UHGV-0355719",0,0
"5167","UHGV-0356068",0,0
"5168","UHGV-0356183",0,0
"5169","UHGV-0356656",0,0
"5170","UHGV-0357024",0,0
"5171","UHGV-0357214",0,0
"5172","UHGV-0357505",0,0
"5173","UHGV-0357723",0,0
"5174","UHGV-0357851",0,0
"5175","UHGV-0358074",0,0
"5176","UHGV-0358332",0,0
"5177","UHGV-0358485",0,0
"5178","UHGV-0358576",0,0
"5179","UHGV-0358589",0,0
"5180","UHGV-0358594",0,0
"5181","UHGV-0358651",0,0
"5182","UHGV-0358827",0,0
"5183","UHGV-0359068",0,0
"5184","UHGV-0360578",0,0
"5185","UHGV-0360699",0,0
"5186","UHGV-0360751",0,0
"5187","UHGV-0361766",0,0
"5188","UHGV-0362045",0,0
"5189","UHGV-0362182",0,0
"5190","UHGV-0362573",0,0
"5191","UHGV-0362609",0,0
"5192","UHGV-0362614",0,0
"5193","UHGV-0362629",0,0
"5194","UHGV-0362804",0,0
"5195","UHGV-0362978",0,0
"5196","UHGV-0363116",0,0
"5197","UHGV-0363429",0,0
"5198","UHGV-0363500",0,0
"5199","UHGV-0363506",0,0
"5200","UHGV-0364213",0,0
"5201","UHGV-0364505",0,0
"5202","UHGV-0364525",0,0
"5203","UHGV-0364646",0,0
"5204","UHGV-0365306",0,0
"5205","UHGV-0365475",0,0
"5206","UHGV-0365798",0,0
"5207","UHGV-0366349",0,0
"5208","UHGV-0366711",0,0
"5209","UHGV-0366735",0,0
"5210","UHGV-0366907",0,0
"5211","UHGV-0367010",0,0
"5212","UHGV-0367098",0,0
"5213","UHGV-0367170",0,0
"5214","UHGV-0367328",0,0
"5215","UHGV-0368182",0,0
"5216","UHGV-0368393",0,0
"5217","UHGV-0368904",0,0
"5218","UHGV-0369400",0,0
"5219","UHGV-0369550",0,0
"5220","UHGV-0369930",0,0
"5221","UHGV-0370408",0,0
"5222","UHGV-0370709",0,0
"5223","UHGV-0370837",0,0
"5224","UHGV-0370987",0,0
"5225","UHGV-0371082",0,0
"5226","UHGV-0371587",0,0
"5227","UHGV-0371805",0,0
"5228","UHGV-0372165",0,0
"5229","UHGV-0372266",0,0
"5230","UHGV-0372275",0,0
"5231","UHGV-0372601",0,0
"5232","UHGV-0372697",0,0
"5233","UHGV-0372807",0,0
"5234","UHGV-0373854",1,1
"5235","UHGV-0374611",0,0
"5236","UHGV-0374777",0,0
"5237","UHGV-0374831",0,0
"5238","UHGV-0375134",0,0
"5239","UHGV-0375153",0,0
"5240","UHGV-0375193",0,0
"5241","UHGV-0375419",0,0
"5242","UHGV-0375708",0,0
"5243","UHGV-0375795",0,0
"5244","UHGV-0376004",0,0
"5245","UHGV-0376042",0,0
"5246","UHGV-0376251",0,0
"5247","UHGV-0376444",0,0
"5248","UHGV-0376797",0,0
"5249","UHGV-0376839",0,0
"5250","UHGV-0377100",0,0
"5251","UHGV-0378192",0,0
"5252","UHGV-0378685",0,0
"5253","UHGV-0378822",0,0
"5254","UHGV-0379011",0,0
"5255","UHGV-0379290",0,0
"5256","UHGV-0379745",0,0
"5257","UHGV-0379800",0,0
"5258","UHGV-0380027",0,0
"5259","UHGV-0380222",0,0
"5260","UHGV-0380268",0,0
"5261","UHGV-0381394",0,0
"5262","UHGV-0381508",0,0
"5263","UHGV-0382240",1,1
"5264","UHGV-0382265",0,0
"5265","UHGV-0382272",0,0
"5266","UHGV-0382299",0,0
"5267","UHGV-0382302",0,0
"5268","UHGV-0382312",0,0
"5269","UHGV-0382366",0,0
"5270","UHGV-0382417",0,0
"5271","UHGV-0382482",0,0
"5272","UHGV-0382585",1,1
"5273","UHGV-0382630",0,0
"5274","UHGV-0382633",0,0
"5275","UHGV-0382647",0,0
"5276","UHGV-0382657",0,0
"5277","UHGV-0382688",0,0
"5278","UHGV-0382737",0,0
"5279","UHGV-0382772",0,0
"5280","UHGV-0382789",0,0
"5281","UHGV-0382863",0,0
"5282","UHGV-0382968",0,0
"5283","UHGV-0383138",0,0
"5284","UHGV-0383143",0,0
"5285","UHGV-0383223",0,0
"5286","UHGV-0383295",0,0
"5287","UHGV-0383339",0,0
"5288","UHGV-0383382",0,0
"5289","UHGV-0383417",1,1
"5290","UHGV-0383466",0,0
"5291","UHGV-0383596",0,0
"5292","UHGV-0383622",0,0
"5293","UHGV-0383639",0,0
"5294","UHGV-0383655",0,0
"5295","UHGV-0383722",0,0
"5296","UHGV-0383738",0,0
"5297","UHGV-0383798",0,0
"5298","UHGV-0383844",0,0
"5299","UHGV-0383892",0,0
"5300","UHGV-0383917",0,0
"5301","UHGV-0383939",0,0
"5302","UHGV-0384055",0,0
"5303","UHGV-0384074",0,0
"5304","UHGV-0384085",0,0
"5305","UHGV-0384088",0,0
"5306","UHGV-0384220",0,0
"5307","UHGV-0384247",0,0
"5308","UHGV-0384251",0,0
"5309","UHGV-0384324",0,0
"5310","UHGV-0384372",0,0
"5311","UHGV-0384423",0,0
"5312","UHGV-0384439",0,0
"5313","UHGV-0384460",0,0
"5314","UHGV-0384533",0,0
"5315","UHGV-0384535",0,0
"5316","UHGV-0384558",0,0
"5317","UHGV-0384622",0,0
"5318","UHGV-0384680",0,0
"5319","UHGV-0384758",0,0
"5320","UHGV-0384828",0,0
"5321","UHGV-0384871",0,0
"5322","UHGV-0384901",0,0
"5323","UHGV-0384933",0,0
"5324","UHGV-0385010",0,0
"5325","UHGV-0385016",0,0
"5326","UHGV-0385114",0,0
"5327","UHGV-0385135",0,0
"5328","UHGV-0385249",0,0
"5329","UHGV-0385253",0,0
"5330","UHGV-0385310",0,0
"5331","UHGV-0385313",0,0
"5332","UHGV-0385344",0,0
"5333","UHGV-0385368",0,0
"5334","UHGV-0385381",0,0
"5335","UHGV-0385425",0,0
"5336","UHGV-0385453",0,0
"5337","UHGV-0385458",0,0
"5338","UHGV-0385549",0,0
"5339","UHGV-0385584",0,0
"5340","UHGV-0385598",0,0
"5341","UHGV-0385600",0,0
"5342","UHGV-0385649",0,0
"5343","UHGV-0385654",0,0
"5344","UHGV-0385690",0,0
"5345","UHGV-0385719",0,0
"5346","UHGV-0385761",0,0
"5347","UHGV-0385790",0,0
"5348","UHGV-0385798",0,0
"5349","UHGV-0385892",0,0
"5350","UHGV-0385894",0,0
"5351","UHGV-0385930",0,0
"5352","UHGV-0385940",0,0
"5353","UHGV-0385955",0,0
"5354","UHGV-0385965",0,0
"5355","UHGV-0386019",0,0
"5356","UHGV-0386036",0,0
"5357","UHGV-0386096",0,0
"5358","UHGV-0386166",0,0
"5359","UHGV-0386249",0,0
"5360","UHGV-0386292",0,0
"5361","UHGV-0386307",0,0
"5362","UHGV-0386310",0,0
"5363","UHGV-0386356",0,0
"5364","UHGV-0386359",0,0
"5365","UHGV-0386365",0,0
"5366","UHGV-0386512",0,0
"5367","UHGV-0386754",0,0
"5368","UHGV-0386856",0,0
"5369","UHGV-0386867",0,0
"5370","UHGV-0386895",0,0
"5371","UHGV-0386904",0,0
"5372","UHGV-0386933",0,0
"5373","UHGV-0386944",0,0
"5374","UHGV-0386972",0,0
"5375","UHGV-0387013",0,0
"5376","UHGV-0387033",0,0
"5377","UHGV-0387262",0,0
"5378","UHGV-0387305",0,0
"5379","UHGV-0387330",0,0
"5380","UHGV-0387375",0,0
"5381","UHGV-0387427",0,0
"5382","UHGV-0387448",0,0
"5383","UHGV-0387474",0,0
"5384","UHGV-0387517",0,0
"5385","UHGV-0387538",0,0
"5386","UHGV-0387556",0,0
"5387","UHGV-0387612",1,1
"5388","UHGV-0387641",0,0
"5389","UHGV-0387651",0,0
"5390","UHGV-0387669",0,0
"5391","UHGV-0387923",0,0
"5392","UHGV-0387925",0,0
"5393","UHGV-0387966",0,0
"5394","UHGV-0388027",0,0
"5395","UHGV-0388045",0,0
"5396","UHGV-0388050",0,0
"5397","UHGV-0388053",0,0
"5398","UHGV-0388212",0,0
"5399","UHGV-0388459",0,0
"5400","UHGV-0388530",0,0
"5401","UHGV-0388636",0,0
"5402","UHGV-0388674",0,0
"5403","UHGV-0388723",0,0
"5404","UHGV-0388773",0,0
"5405","UHGV-0388784",0,0
"5406","UHGV-0388796",0,0
"5407","UHGV-0388813",0,0
"5408","UHGV-0388821",0,0
"5409","UHGV-0388849",0,0
"5410","UHGV-0388898",0,0
"5411","UHGV-0388954",0,0
"5412","UHGV-0388985",0,0
"5413","UHGV-0388993",0,0
"5414","UHGV-0389041",0,0
"5415","UHGV-0389081",0,0
"5416","UHGV-0389096",0,0
"5417","UHGV-0389214",0,0
"5418","UHGV-0389272",0,0
"5419","UHGV-0389313",0,0
"5420","UHGV-0389329",0,0
"5421","UHGV-0389432",0,0
"5422","UHGV-0389469",0,0
"5423","UHGV-0389508",0,0
"5424","UHGV-0389515",0,0
"5425","UHGV-0389561",0,0
"5426","UHGV-0389583",0,0
"5427","UHGV-0389654",0,0
"5428","UHGV-0389708",0,0
"5429","UHGV-0389734",0,0
"5430","UHGV-0389740",0,0
"5431","UHGV-0389850",0,0
"5432","UHGV-0389854",0,0
"5433","UHGV-0389911",0,0
"5434","UHGV-0389943",0,0
"5435","UHGV-0390002",0,0
"5436","UHGV-0390038",0,0
"5437","UHGV-0390088",0,0
"5438","UHGV-0390144",0,0
"5439","UHGV-0390172",0,0
"5440","UHGV-0390239",0,0
"5441","UHGV-0390274",0,0
"5442","UHGV-0390349",0,0
"5443","UHGV-0390428",0,0
"5444","UHGV-0390450",0,0
"5445","UHGV-0390542",0,0
"5446","UHGV-0390596",0,0
"5447","UHGV-0390623",0,0
"5448","UHGV-0390692",0,0
"5449","UHGV-0390701",0,0
"5450","UHGV-0390710",0,0
"5451","UHGV-0390714",0,0
"5452","UHGV-0390721",0,0
"5453","UHGV-0390778",0,0
"5454","UHGV-0390851",0,0
"5455","UHGV-0390852",0,0
"5456","UHGV-0390922",0,0
"5457","UHGV-0390950",0,0
"5458","UHGV-0390985",0,0
"5459","UHGV-0391015",0,0
"5460","UHGV-0391017",0,0
"5461","UHGV-0391050",0,0
"5462","UHGV-0391096",0,0
"5463","UHGV-0391109",0,0
"5464","UHGV-0391138",0,0
"5465","UHGV-0391210",0,0
"5466","UHGV-0391294",1,1
"5467","UHGV-0391303",0,0
"5468","UHGV-0391308",0,0
"5469","UHGV-0391322",0,0
"5470","UHGV-0391345",0,0
"5471","UHGV-0391359",0,0
"5472","UHGV-0391363",0,0
"5473","UHGV-0391413",0,0
"5474","UHGV-0391429",0,0
"5475","UHGV-0391499",0,0
"5476","UHGV-0391610",0,0
"5477","UHGV-0391754",0,0
"5478","UHGV-0391780",0,0
"5479","UHGV-0391786",0,0
"5480","UHGV-0391794",0,0
"5481","UHGV-0391884",0,0
"5482","UHGV-0391940",0,0
"5483","UHGV-0391962",0,0
"5484","UHGV-0391978",0,0
"5485","UHGV-0391998",0,0
"5486","UHGV-0392172",0,0
"5487","UHGV-0392203",0,0
"5488","UHGV-0392219",0,0
"5489","UHGV-0392255",0,0
"5490","UHGV-0392273",0,0
"5491","UHGV-0392280",0,0
"5492","UHGV-0392331",0,0
"5493","UHGV-0392338",0,0
"5494","UHGV-0392343",0,0
"5495","UHGV-0392398",0,0
"5496","UHGV-0392402",0,0
"5497","UHGV-0392419",0,0
"5498","UHGV-0392442",0,0
"5499","UHGV-0392461",0,0
"5500","UHGV-0392472",0,0
"5501","UHGV-0392534",0,0
"5502","UHGV-0392564",0,0
"5503","UHGV-0392586",0,0
"5504","UHGV-0392596",0,0
"5505","UHGV-0392608",0,0
"5506","UHGV-0392616",0,0
"5507","UHGV-0392631",0,0
"5508","UHGV-0392649",0,0
"5509","UHGV-0392653",0,0
"5510","UHGV-0392904",0,0
"5511","UHGV-0392908",0,0
"5512","UHGV-0393014",0,0
"5513","UHGV-0393069",0,0
"5514","UHGV-0393077",0,0
"5515","UHGV-0393368",0,0
"5516","UHGV-0394371",0,0
"5517","UHGV-0395489",0,0
"5518","UHGV-0397188",0,0
"5519","UHGV-0397212",0,0
"5520","UHGV-0397747",0,0
"5521","UHGV-0398824",0,0
"5522","UHGV-0399187",0,0
"5523","UHGV-0399969",0,0
"5524","UHGV-0401711",0,0
"5525","UHGV-0402165",0,0
"5526","UHGV-0404000",0,0
"5527","UHGV-0404561",0,0
"5528","UHGV-0406931",0,0
"5529","UHGV-0407003",0,0
"5530","UHGV-0407990",0,0
"5531","UHGV-0408818",0,0
"5532","UHGV-0408822",0,0
"5533","UHGV-0408823",0,0
"5534","UHGV-0408824",0,0
"5535","UHGV-0408827",0,0
"5536","UHGV-0408933",0,0
"5537","UHGV-0411294",0,0
"5538","UHGV-0412798",0,0
"5539","UHGV-0412800",0,0
"5540","UHGV-0412804",0,0
"5541","UHGV-0412805",0,0
"5542","UHGV-0413993",0,0
"5543","UHGV-0415030",0,0
"5544","UHGV-0415032",0,0
"5545","UHGV-0417929",0,0
"5546","UHGV-0420863",0,0
"5547","UHGV-0420895",1,1
"5548","UHGV-0422416",0,0
"5549","UHGV-0422490",0,0
"5550","UHGV-0425469",0,0
"5551","UHGV-0427101",0,0
"5552","UHGV-0428293",0,0
"5553","UHGV-0428974",0,0
"5554","UHGV-0433602",0,0
"5555","UHGV-0433688",0,0
"5556","UHGV-0435695",0,0
"5557","UHGV-0437485",0,0
"5558","UHGV-0438226",0,0
"5559","UHGV-0440099",0,0
"5560","UHGV-0441959",0,0
"5561","UHGV-0442913",0,0
"5562","UHGV-0444105",0,0
"5563","UHGV-0444318",0,0
"5564","UHGV-0444371",0,0
"5565","UHGV-0446651",0,0
"5566","UHGV-0446658",0,0
"5567","UHGV-0448429",0,0
"5568","UHGV-0449702",0,0
"5569","UHGV-0449711",0,0
"5570","UHGV-0450240",0,0
"5571","UHGV-0450776",0,0
"5572","UHGV-0452405",0,0
"5573","UHGV-0453375",0,0
"5574","UHGV-0456599",0,0
"5575","UHGV-0459627",0,0
"5576","UHGV-0461111",0,0
"5577","UHGV-0465658",0,0
"5578","UHGV-0466841",0,0
"5579","UHGV-0467327",0,0
"5580","UHGV-0467344",0,0
"5581","UHGV-0468967",0,0
"5582","UHGV-0469571",0,0
"5583","UHGV-0470014",0,0
"5584","UHGV-0470540",0,0
"5585","UHGV-0470784",0,0
"5586","UHGV-0473925",0,0
"5587","UHGV-0476761",0,0
"5588","UHGV-0477453",0,0
"5589","UHGV-0478827",0,0
"5590","UHGV-0479438",0,0
"5591","UHGV-0479984",0,0
"5592","UHGV-0480022",0,0
"5593","UHGV-0480616",0,0
"5594","UHGV-0485664",0,0
"5595","UHGV-0535930",0,0
"5596","UHGV-0586639",0,0
"5597","UHGV-0586661",0,0
"5598","UHGV-0586912",0,0
"5599","UHGV-0716718",0,0
"5600","UHGV-0738696",7,1
"5601","UHGV-0750512",0,0
"5602","UHGV-0754611",0,0
"5603","UHGV-0782678",0,0
"5604","UHGV-0790011",0,0
"5605","UHGV-0793950",0,0
"5606","UHGV-0795201",0,0
"5607","UHGV-0798075",0,0
"5608","UHGV-0806656",0,0
"5609","UHGV-0817008",0,0
"5610","UHGV-0833403",0,0
"5611","UHGV-0833468",0,0
"5612","UHGV-0848101",1,1
"5613","UHGV-0854866",0,0
"5614","UHGV-0855589",0,0
"5615","UHGV-0856555",0,0
"5616","UHGV-0864444",0,0
"5617","UHGV-0865949",0,0
"5618","UHGV-0868109",0,0
"5619","UHGV-0877392",0,0
"5620","UHGV-0973636",0,0
"5621","UHGV-0994740",0,0
"5622","UHGV-1009316",0,0
"5623","UHGV-1024688",0,0
"5624","UHGV-1040839",0,0
"5625","UHGV-1135954",0,0
"5626","UHGV-1203750",0,0
"5627","UHGV-1267047",0,0
"5628","UHGV-1267050",0,0
"5629","UHGV-1268176",0,0
"5630","UHGV-1269212",0,0
"5631","UHGV-1282282",0,0
"5632","UHGV-1284688",0,0
"5633","UHGV-1286992",0,0
"5634","UHGV-1287044",0,0
"5635","UHGV-1289959",0,0
"5636","UHGV-1291554",0,0
"5637","UHGV-1292398",0,0
"5638","UHGV-1300767",0,0
"5639","UHGV-1301864",0,0
"5640","UHGV-1301878",0,0
"5641","UHGV-1302398",0,0
"5642","UHGV-1305042",0,0
"5643","UHGV-1306368",0,0
"5644","UHGV-1307032",0,0
"5645","UHGV-1311040",0,0
"5646","UHGV-1311495",0,0
"5647","UHGV-1314838",0,0
"5648","UHGV-1316613",0,0
"5649","UHGV-1319964",0,0
"5650","UHGV-1320844",0,0
"5651","UHGV-1322197",0,0
"5652","UHGV-1322338",0,0
"5653","UHGV-1325039",0,0
"5654","UHGV-1325811",0,0
"5655","UHGV-1328633",0,0
"5656","UHGV-1331342",0,0
"5657","UHGV-1332184",0,0
"5658","UHGV-1332254",0,0
"5659","UHGV-1332463",0,0
"5660","UHGV-1332736",0,0
"5661","UHGV-1333049",0,0
"5662","UHGV-1333312",0,0
"5663","UHGV-1333331",0,0
"5664","UHGV-1333711",0,0
"5665","UHGV-1333890",0,0
"5666","UHGV-1334001",0,0
"5667","UHGV-1334121",0,0
"5668","UHGV-1334327",0,0
"5669","UHGV-1334919",0,0
"5670","UHGV-1335635",0,0
"5671","UHGV-1335843",0,0
"5672","UHGV-1336106",0,0
"5673","UHGV-1336612",0,0
"5674","UHGV-1337764",0,0
"5675","UHGV-1337783",0,0
"5676","UHGV-1338003",0,0
"5677","UHGV-1338045",0,0
"5678","UHGV-1338377",0,0
"5679","UHGV-1339016",0,0
"5680","UHGV-1339214",0,0
"5681","UHGV-1339573",0,0
"5682","UHGV-1340035",0,0
"5683","UHGV-1340088",0,0
"5684","UHGV-1340458",0,0
"5685","UHGV-1340461",0,0
"5686","UHGV-1340730",0,0
"5687","UHGV-1340731",0,0
"5688","UHGV-1340966",0,0
"5689","UHGV-1340985",0,0
"5690","UHGV-1341387",0,0
"5691","UHGV-1341873",0,0
"5692","UHGV-1342003",0,0
"5693","UHGV-1342226",0,0
"5694","UHGV-1342292",0,0
"5695","UHGV-1342511",0,0
"5696","UHGV-1343146",0,0
"5697","UHGV-1343342",0,0
"5698","UHGV-1343376",0,0
"5699","UHGV-1343960",0,0
"5700","UHGV-1344058",0,0
"5701","UHGV-1344086",0,0
"5702","UHGV-1344547",0,0
"5703","UHGV-1344610",0,0
"5704","UHGV-1344680",0,0
"5705","UHGV-1344830",0,0
"5706","UHGV-1345050",0,0
"5707","UHGV-1345326",0,0
"5708","UHGV-1346045",0,0
"5709","UHGV-1346124",0,0
"5710","UHGV-1346131",0,0
"5711","UHGV-1346265",0,0
"5712","UHGV-1346365",0,0
"5713","UHGV-1346447",0,0
"5714","UHGV-1346711",0,0
"5715","UHGV-1346713",0,0
"5716","UHGV-1347701",0,0
"5717","UHGV-1347851",0,0
"5718","UHGV-1347902",0,0
"5719","UHGV-1348158",0,0
"5720","UHGV-1349096",0,0
"5721","UHGV-1349356",0,0
"5722","UHGV-1349395",0,0
"5723","UHGV-1349507",0,0
"5724","UHGV-1349675",0,0
"5725","UHGV-1350000",0,0
"5726","UHGV-1350085",0,0
"5727","UHGV-1350256",0,0
"5728","UHGV-1350642",0,0
"5729","UHGV-1350663",0,0
"5730","UHGV-1350737",0,0
"5731","UHGV-1350770",0,0
"5732","UHGV-1350919",0,0
"5733","UHGV-1351139",0,0
"5734","UHGV-1351355",1,1
"5735","UHGV-1351689",0,0
"5736","UHGV-1351864",0,0
"5737","UHGV-1351940",0,0
"5738","UHGV-1352141",0,0
"5739","UHGV-1352248",0,0
"5740","UHGV-1352420",0,0
"5741","UHGV-1352649",0,0
"5742","UHGV-1352700",0,0
"5743","UHGV-1352904",0,0
"5744","UHGV-1353000",0,0
"5745","UHGV-1353075",0,0
"5746","UHGV-1353176",0,0
"5747","UHGV-1353267",0,0
"5748","UHGV-1353374",0,0
"5749","UHGV-1353411",0,0
"5750","UHGV-1353509",0,0
"5751","UHGV-1353539",0,0
"5752","UHGV-1353726",0,0
"5753","UHGV-1353845",0,0
"5754","UHGV-1354157",0,0
"5755","UHGV-1354373",0,0
"5756","UHGV-1354519",0,0
"5757","UHGV-1354596",0,0
"5758","UHGV-1354632",0,0
"5759","UHGV-1354651",0,0
"5760","UHGV-1354882",0,0
"5761","UHGV-1355030",0,0
"5762","UHGV-1355106",0,0
"5763","UHGV-1355214",0,0
"5764","UHGV-1355291",0,0
"5765","UHGV-1355294",0,0
"5766","UHGV-1355374",0,0
"5767","UHGV-1355377",0,0
"5768","UHGV-1355456",0,0
"5769","UHGV-1355592",0,0
"5770","UHGV-1355622",0,0
"5771","UHGV-1355651",0,0
"5772","UHGV-1355834",0,0
"5773","UHGV-1355895",0,0
"5774","UHGV-1356101",0,0
"5775","UHGV-1356150",0,0
"5776","UHGV-1356255",1,1
"5777","UHGV-1356291",0,0
"5778","UHGV-1356408",0,0
"5779","UHGV-1356441",0,0
"5780","UHGV-1356563",0,0
"5781","UHGV-1356717",0,0
"5782","UHGV-1356873",0,0
"5783","UHGV-1356891",0,0
"5784","UHGV-1356966",0,0
"5785","UHGV-1356985",0,0
"5786","UHGV-1356992",0,0
"5787","UHGV-1357020",0,0
"5788","UHGV-1357135",0,0
"5789","UHGV-1357302",0,0
"5790","UHGV-1357402",0,0
"5791","UHGV-1357447",0,0
"5792","UHGV-1357478",0,0
"5793","UHGV-1357541",0,0
"5794","UHGV-1357599",0,0
"5795","UHGV-1357648",0,0
"5796","UHGV-1357689",0,0
"5797","UHGV-1357749",1,1
"5798","UHGV-1358149",0,0
"5799","UHGV-1358521",0,0
"5800","UHGV-1358598",0,0
"5801","UHGV-1358601",0,0
"5802","UHGV-1358657",0,0
"5803","UHGV-1358678",0,0
"5804","UHGV-1358727",0,0
"5805","UHGV-1358857",0,0
"5806","UHGV-1359164",0,0
"5807","UHGV-1359279",0,0
"5808","UHGV-1359360",0,0
"5809","UHGV-1359633",0,0
"5810","UHGV-1359638",0,0
"5811","UHGV-1359808",0,0
"5812","UHGV-1359956",0,0
"5813","UHGV-1359959",1,1
"5814","UHGV-1360029",0,0
"5815","UHGV-1360036",0,0
"5816","UHGV-1360171",0,0
"5817","UHGV-1360194",0,0
"5818","UHGV-1360311",0,0
"5819","UHGV-1360388",0,0
"5820","UHGV-1360491",0,0
"5821","UHGV-1360519",0,0
"5822","UHGV-1360694",0,0
"5823","UHGV-1360813",0,0
"5824","UHGV-1360831",0,0
"5825","UHGV-1361010",0,0
"5826","UHGV-1361016",0,0
"5827","UHGV-1361060",0,0
"5828","UHGV-1361134",0,0
"5829","UHGV-1361136",0,0
"5830","UHGV-1361171",0,0
"5831","UHGV-1361173",0,0
"5832","UHGV-1361204",0,0
"5833","UHGV-1361260",0,0
"5834","UHGV-1361264",0,0
"5835","UHGV-1361300",0,0
"5836","UHGV-1361316",0,0
"5837","UHGV-1361332",0,0
"5838","UHGV-1361358",0,0
"5839","UHGV-1361359",0,0
"5840","UHGV-1361380",0,0
"5841","UHGV-1361441",0,0
"5842","UHGV-1361466",0,0
"5843","UHGV-1361482",0,0
"5844","UHGV-1361507",0,0
"5845","UHGV-1361523",0,0
"5846","UHGV-1361538",0,0
"5847","UHGV-1361540",0,0
"5848","UHGV-1361614",0,0
"5849","UHGV-1361668",0,0
"5850","UHGV-1361683",0,0
"5851","UHGV-1361695",0,0
"5852","UHGV-1361712",0,0
"5853","UHGV-1361721",0,0
"5854","UHGV-1361724",0,0
"5855","UHGV-1361740",0,0
"5856","UHGV-1361741",0,0
"5857","UHGV-1361780",0,0
"5858","UHGV-1361812",0,0
"5859","UHGV-1361893",0,0
"5860","UHGV-1361902",0,0
"5861","UHGV-1361919",0,0
"5862","UHGV-1362004",0,0
"5863","UHGV-1362028",0,0
"5864","UHGV-1362061",0,0
"5865","UHGV-1362064",0,0
"5866","UHGV-1362067",0,0
"5867","UHGV-1362069",0,0
"5868","UHGV-1362076",0,0
"5869","UHGV-1362101",0,0
"5870","UHGV-1362105",0,0
"5871","UHGV-1362116",0,0
"5872","UHGV-1362153",0,0
"5873","UHGV-1362182",0,0
"5874","UHGV-1362191",0,0
"5875","UHGV-1362379",0,0
"5876","UHGV-1362410",0,0
"5877","UHGV-1362423",0,0
"5878","UHGV-1362444",0,0
"5879","UHGV-1362461",0,0
"5880","UHGV-1362473",0,0
"5881","UHGV-1362492",0,0
"5882","UHGV-1362529",0,0
"5883","UHGV-1362569",0,0
"5884","UHGV-1362575",0,0
"5885","UHGV-1362611",0,0
"5886","UHGV-1362612",0,0
"5887","UHGV-1362663",0,0
"5888","UHGV-1362672",0,0
"5889","UHGV-1362674",0,0
"5890","UHGV-1362702",0,0
"5891","UHGV-1362706",0,0
"5892","UHGV-1362718",0,0
"5893","UHGV-1362764",0,0
"5894","UHGV-1362781",0,0
"5895","UHGV-1362784",0,0
"5896","UHGV-1362797",0,0
"5897","UHGV-1362827",0,0
"5898","UHGV-1362875",0,0
"5899","UHGV-1362876",0,0
"5900","UHGV-1362932",0,0
"5901","UHGV-1362981",0,0
"5902","UHGV-1362989",0,0
"5903","UHGV-1363012",0,0
"5904","UHGV-1363021",0,0
"5905","UHGV-1363037",0,0
"5906","UHGV-1363052",0,0
"5907","UHGV-1363055",0,0
"5908","UHGV-1363120",0,0
"5909","UHGV-1363184",0,0
"5910","UHGV-1363202",0,0
"5911","UHGV-1363213",0,0
"5912","UHGV-1363238",0,0
"5913","UHGV-1363260",0,0
"5914","UHGV-1363261",0,0
"5915","UHGV-1363279",0,0
"5916","UHGV-1363305",0,0
"5917","UHGV-1363348",0,0
"5918","UHGV-1363364",0,0
"5919","UHGV-1363372",0,0
"5920","UHGV-1363392",1,1
"5921","UHGV-1363404",0,0
"5922","UHGV-1363405",0,0
"5923","UHGV-1363415",0,0
"5924","UHGV-1363495",0,0
"5925","UHGV-1363536",0,0
"5926","UHGV-1363556",0,0
"5927","UHGV-1363571",0,0
"5928","UHGV-1363617",0,0
"5929","UHGV-1363623",0,0
"5930","UHGV-1363662",0,0
"5931","UHGV-1363679",0,0
"5932","UHGV-1363702",0,0
"5933","UHGV-1363734",0,0
"5934","UHGV-1363742",0,0
"5935","UHGV-1363795",0,0
"5936","UHGV-1363801",0,0
"5937","UHGV-1363814",0,0
"5938","UHGV-1363906",1,1
"5939","UHGV-1363975",0,0
"5940","UHGV-1363977",0,0
"5941","UHGV-1363984",0,0
"5942","UHGV-1364071",0,0
"5943","UHGV-1364112",0,0
"5944","UHGV-1364181",0,0
"5945","UHGV-1364248",0,0
"5946","UHGV-1364295",0,0
"5947","UHGV-1364326",0,0
"5948","UHGV-1364351",1,1
"5949","UHGV-1364355",0,0
"5950","UHGV-1364384",1,1
"5951","UHGV-1364399",1,1
"5952","UHGV-1364410",0,0
"5953","UHGV-1364411",0,0
"5954","UHGV-1364462",0,0
"5955","UHGV-1364537",0,0
"5956","UHGV-1364577",0,0
"5957","UHGV-1364583",0,0
"5958","UHGV-1364588",0,0
"5959","UHGV-1364610",0,0
"5960","UHGV-1364616",0,0
"5961","UHGV-1364634",0,0
"5962","UHGV-1364655",0,0
"5963","UHGV-1364664",0,0
"5964","UHGV-1364706",0,0
"5965","UHGV-1364730",0,0
"5966","UHGV-1364752",0,0
"5967","UHGV-1364759",0,0
"5968","UHGV-1364765",0,0
"5969","UHGV-1364842",0,0
"5970","UHGV-1364877",0,0
"5971","UHGV-1364899",0,0
"5972","UHGV-1364923",0,0
"5973","UHGV-1364929",0,0
"5974","UHGV-1364994",0,0
"5975","UHGV-1365006",0,0
"5976","UHGV-1365007",0,0
"5977","UHGV-1365052",0,0
"5978","UHGV-1365090",0,0
"5979","UHGV-1365091",0,0
"5980","UHGV-1365099",0,0
"5981","UHGV-1365101",0,0
"5982","UHGV-1365168",0,0
"5983","UHGV-1365256",0,0
"5984","UHGV-1365259",1,1
"5985","UHGV-1365288",0,0
"5986","UHGV-1365306",0,0
"5987","UHGV-1365320",0,0
"5988","UHGV-1365399",0,0
"5989","UHGV-1365406",0,0
"5990","UHGV-1365407",0,0
"5991","UHGV-1365430",0,0
"5992","UHGV-1365432",0,0
"5993","UHGV-1365448",0,0
"5994","UHGV-1365488",0,0
"5995","UHGV-1365490",0,0
"5996","UHGV-1365536",0,0
"5997","UHGV-1365537",0,0
"5998","UHGV-1365542",0,0
"5999","UHGV-1365550",0,0
"6000","UHGV-1365629",0,0
"6001","UHGV-1365639",0,0
"6002","UHGV-1365677",0,0
"6003","UHGV-1365694",0,0
"6004","UHGV-1365740",0,0
"6005","UHGV-1365779",0,0
"6006","UHGV-1365782",0,0
"6007","UHGV-1365843",0,0
"6008","UHGV-1365895",1,1
"6009","UHGV-1365945",0,0
"6010","UHGV-1365983",0,0
"6011","UHGV-1366023",0,0
"6012","UHGV-1366053",0,0
"6013","UHGV-1366055",0,0
"6014","UHGV-1366105",0,0
"6015","UHGV-1366119",0,0
"6016","UHGV-1366214",0,0
"6017","UHGV-1366224",0,0
"6018","UHGV-1366277",0,0
"6019","UHGV-1366354",0,0
"6020","UHGV-1366405",1,1
"6021","UHGV-1366410",0,0
"6022","UHGV-1366451",0,0
"6023","UHGV-1366484",0,0
"6024","UHGV-1366587",0,0
"6025","UHGV-1366606",0,0
"6026","UHGV-1366647",0,0
"6027","UHGV-1366660",0,0
"6028","UHGV-1366664",0,0
"6029","UHGV-1366778",0,0
"6030","UHGV-1366793",0,0
"6031","UHGV-1366799",0,0
"6032","UHGV-1366952",0,0
"6033","UHGV-1366970",0,0
"6034","UHGV-1366996",0,0
"6035","UHGV-1367042",0,0
"6036","UHGV-1367227",0,0
"6037","UHGV-1367385",0,0
"6038","UHGV-1367432",0,0
"6039","UHGV-1367447",1,1
"6040","UHGV-1367506",0,0
"6041","UHGV-1367556",0,0
"6042","UHGV-1367628",0,0
"6043","UHGV-1367716",0,0
"6044","UHGV-1367719",0,0
"6045","UHGV-1367758",0,0
"6046","UHGV-1367853",0,0
"6047","UHGV-1367854",0,0
"6048","UHGV-1367917",0,0
"6049","UHGV-1367983",0,0
"6050","UHGV-1368067",0,0
"6051","UHGV-1368104",0,0
"6052","UHGV-1368137",0,0
"6053","UHGV-1368168",0,0
"6054","UHGV-1368193",0,0
"6055","UHGV-1368210",0,0
"6056","UHGV-1368271",0,0
"6057","UHGV-1368308",0,0
"6058","UHGV-1368369",0,0
"6059","UHGV-1368379",0,0
"6060","UHGV-1368385",0,0
"6061","UHGV-1368387",0,0
"6062","UHGV-1368434",0,0
"6063","UHGV-1368547",0,0
"6064","UHGV-1368566",0,0
"6065","UHGV-1368585",0,0
"6066","UHGV-1368656",0,0
"6067","UHGV-1368736",0,0
"6068","UHGV-1368848",0,0
"6069","UHGV-1368870",0,0
"6070","UHGV-1368876",0,0
"6071","UHGV-1368926",0,0
"6072","UHGV-1369141",0,0
"6073","UHGV-1369303",0,0
"6074","UHGV-1369327",0,0
"6075","UHGV-1369377",0,0
"6076","UHGV-1369477",0,0
"6077","UHGV-1369479",0,0
"6078","UHGV-1369491",0,0
"6079","UHGV-1369638",0,0
"6080","UHGV-1369770",0,0
"6081","UHGV-1369831",0,0
"6082","UHGV-1369993",0,0
"6083","UHGV-1369997",0,0
"6084","UHGV-1370040",0,0
"6085","UHGV-1370055",0,0
"6086","UHGV-1370075",0,0
"6087","UHGV-1370095",0,0
"6088","UHGV-1370147",0,0
"6089","UHGV-1370292",0,0
"6090","UHGV-1370298",0,0
"6091","UHGV-1370300",0,0
"6092","UHGV-1370401",0,0
"6093","UHGV-1370406",0,0
"6094","UHGV-1370428",0,0
"6095","UHGV-1370484",0,0
"6096","UHGV-1370519",0,0
"6097","UHGV-1370548",0,0
"6098","UHGV-1370555",0,0
"6099","UHGV-1370598",0,0
"6100","UHGV-1370626",0,0
"6101","UHGV-1370637",0,0
"6102","UHGV-1370666",0,0
"6103","UHGV-1370704",0,0
"6104","UHGV-1370708",0,0
"6105","UHGV-1370738",0,0
"6106","UHGV-1370788",0,0
"6107","UHGV-1370881",0,0
"6108","UHGV-1370911",0,0
"6109","UHGV-1370927",0,0
"6110","UHGV-1370936",0,0
"6111","UHGV-1370956",0,0
"6112","UHGV-1371045",0,0
"6113","UHGV-1371070",0,0
"6114","UHGV-1371096",0,0
"6115","UHGV-1371107",0,0
"6116","UHGV-1371151",0,0
"6117","UHGV-1371154",0,0
"6118","UHGV-1371167",0,0
"6119","UHGV-1371190",0,0
"6120","UHGV-1371222",0,0
"6121","UHGV-1371223",0,0
"6122","UHGV-1371255",0,0
"6123","UHGV-1371276",0,0
"6124","UHGV-1371280",0,0
"6125","UHGV-1371285",0,0
"6126","UHGV-1371288",0,0
"6127","UHGV-1371303",0,0
"6128","UHGV-1371329",0,0
"6129","UHGV-1371335",0,0
"6130","UHGV-1371341",0,0
"6131","UHGV-1371581",0,0
"6132","UHGV-1371590",0,0
"6133","UHGV-1371642",0,0
"6134","UHGV-1371683",0,0
"6135","UHGV-1371685",0,0
"6136","UHGV-1371686",0,0
"6137","UHGV-1371781",0,0
"6138","UHGV-1371793",0,0
"6139","UHGV-1371852",0,0
"6140","UHGV-1371854",0,0
"6141","UHGV-1371860",0,0
"6142","UHGV-1371864",0,0
"6143","UHGV-1371880",0,0
"6144","UHGV-1371887",0,0
"6145","UHGV-1371893",0,0
"6146","UHGV-1371900",0,0
"6147","UHGV-1371973",0,0
"6148","UHGV-1372007",0,0
"6149","UHGV-1372034",0,0
"6150","UHGV-1372035",0,0
"6151","UHGV-1372036",0,0
"6152","UHGV-1372037",0,0
"6153","UHGV-1372038",0,0
"6154","UHGV-1372081",0,0
"6155","UHGV-1372123",0,0
"6156","UHGV-1372183",0,0
"6157","UHGV-1372186",0,0
"6158","UHGV-1372311",0,0
"6159","UHGV-1372313",0,0
"6160","UHGV-1372360",0,0
"6161","UHGV-1372362",0,0
"6162","UHGV-1372375",0,0
"6163","UHGV-1372396",0,0
"6164","UHGV-1372399",0,0
"6165","UHGV-1372404",0,0
"6166","UHGV-1372415",0,0
"6167","UHGV-1372441",0,0
"6168","UHGV-1372471",0,0
"6169","UHGV-1372488",0,0
"6170","UHGV-1372534",0,0
"6171","UHGV-1372541",0,0
"6172","UHGV-1372593",0,0
"6173","UHGV-1372623",0,0
"6174","UHGV-1372641",0,0
"6175","UHGV-1372709",0,0
"6176","UHGV-1372751",0,0
"6177","UHGV-1372842",0,0
"6178","UHGV-1372847",0,0
"6179","UHGV-1372850",0,0
"6180","UHGV-1372865",0,0
"6181","UHGV-1372890",0,0
"6182","UHGV-1372891",0,0
"6183","UHGV-1372893",0,0
"6184","UHGV-1372901",0,0
"6185","UHGV-1372948",0,0
"6186","UHGV-1372952",0,0
"6187","UHGV-1373009",0,0
"6188","UHGV-1373072",0,0
"6189","UHGV-1373098",0,0
"6190","UHGV-1373128",0,0
"6191","UHGV-1373133",0,0
"6192","UHGV-1373146",0,0
"6193","UHGV-1373178",0,0
"6194","UHGV-1373181",0,0
"6195","UHGV-1373192",0,0
"6196","UHGV-1373232",0,0
"6197","UHGV-1373273",0,0
"6198","UHGV-1373295",0,0
"6199","UHGV-1373313",0,0
"6200","UHGV-1373324",0,0
"6201","UHGV-1373346",0,0
"6202","UHGV-1373369",0,0
"6203","UHGV-1373441",0,0
"6204","UHGV-1373453",0,0
"6205","UHGV-1373485",0,0
"6206","UHGV-1373495",0,0
"6207","UHGV-1373497",0,0
"6208","UHGV-1373502",0,0
"6209","UHGV-1373542",0,0
"6210","UHGV-1373602",0,0
"6211","UHGV-1373603",0,0
"6212","UHGV-1373656",0,0
"6213","UHGV-1373731",0,0
"6214","UHGV-1373737",0,0
"6215","UHGV-1373753",0,0
"6216","UHGV-1373784",0,0
"6217","UHGV-1373793",0,0
"6218","UHGV-1373818",0,0
"6219","UHGV-1373833",0,0
"6220","UHGV-1373842",0,0
"6221","UHGV-1373844",0,0
"6222","UHGV-1373854",0,0
"6223","UHGV-1373861",0,0
"6224","UHGV-1373868",0,0
"6225","UHGV-1373989",0,0
"6226","UHGV-1373997",0,0
"6227","UHGV-1374018",0,0
"6228","UHGV-1374062",0,0
"6229","UHGV-1374067",0,0
"6230","UHGV-1374109",0,0
"6231","UHGV-1374117",0,0
"6232","UHGV-1374150",0,0
"6233","UHGV-1374189",0,0
"6234","UHGV-1374208",0,0
"6235","UHGV-1374254",0,0
"6236","UHGV-1374267",0,0
"6237","UHGV-1374303",0,0
"6238","UHGV-1374330",0,0
"6239","UHGV-1374384",0,0
"6240","UHGV-1374399",0,0
"6241","UHGV-1374404",0,0
"6242","UHGV-1374405",0,0
"6243","UHGV-1374421",0,0
"6244","UHGV-1374559",0,0
"6245","UHGV-1374565",0,0
"6246","UHGV-1374586",0,0
"6247","UHGV-1374601",0,0
"6248","UHGV-1374611",1,1
"6249","UHGV-1374669",0,0
"6250","UHGV-1374681",0,0
"6251","UHGV-1374708",0,0
"6252","UHGV-1374715",0,0
"6253","UHGV-1374737",1,1
"6254","UHGV-1374751",0,0
"6255","UHGV-1374770",0,0
"6256","UHGV-1374778",0,0
"6257","UHGV-1374792",0,0
"6258","UHGV-1374861",0,0
"6259","UHGV-1374863",0,0
"6260","UHGV-1374865",0,0
"6261","UHGV-1374875",0,0
"6262","UHGV-1374932",0,0
"6263","UHGV-1374951",0,0
"6264","UHGV-1374967",0,0
"6265","UHGV-1374986",0,0
"6266","UHGV-1375026",0,0
"6267","UHGV-1375036",0,0
"6268","UHGV-1375082",0,0
"6269","UHGV-1375083",0,0
"6270","UHGV-1375087",0,0
"6271","UHGV-1375095",0,0
"6272","UHGV-1375102",0,0
"6273","UHGV-1375142",0,0
"6274","UHGV-1375157",0,0
"6275","UHGV-1375182",0,0
"6276","UHGV-1375196",0,0
"6277","UHGV-1375208",0,0
"6278","UHGV-1375209",0,0
"6279","UHGV-1375220",0,0
"6280","UHGV-1375233",0,0
"6281","UHGV-1375278",0,0
"6282","UHGV-1375359",0,0
"6283","UHGV-1375410",1,1
"6284","UHGV-1375414",0,0
"6285","UHGV-1375434",0,0
"6286","UHGV-1375438",0,0
"6287","UHGV-1375441",0,0
"6288","UHGV-1375454",0,0
"6289","UHGV-1375480",0,0
"6290","UHGV-1375487",0,0
"6291","UHGV-1375500",0,0
"6292","UHGV-1375533",0,0
"6293","UHGV-1375620",0,0
"6294","UHGV-1375634",0,0
"6295","UHGV-1375635",0,0
"6296","UHGV-1375652",0,0
"6297","UHGV-1375659",0,0
"6298","UHGV-1375682",0,0
"6299","UHGV-1375777",0,0
"6300","UHGV-1375779",0,0
"6301","UHGV-1375893",0,0
"6302","UHGV-1375933",0,0
"6303","UHGV-1375940",0,0
"6304","UHGV-1375984",0,0
"6305","UHGV-1375990",0,0
"6306","UHGV-1375992",0,0
"6307","UHGV-1376016",0,0
"6308","UHGV-1376044",0,0
"6309","UHGV-1376049",0,0
"6310","UHGV-1376062",0,0
"6311","UHGV-1376159",0,0
"6312","UHGV-1376160",0,0
"6313","UHGV-1376198",0,0
"6314","UHGV-1376230",0,0
"6315","UHGV-1376231",0,0
"6316","UHGV-1376243",0,0
"6317","UHGV-1376256",0,0
"6318","UHGV-1376339",0,0
"6319","UHGV-1376358",0,0
"6320","UHGV-1376365",0,0
"6321","UHGV-1376370",0,0
"6322","UHGV-1376373",0,0
"6323","UHGV-1376430",0,0
"6324","UHGV-1376449",0,0
"6325","UHGV-1376459",0,0
"6326","UHGV-1376495",0,0
"6327","UHGV-1376563",0,0
"6328","UHGV-1376579",0,0
"6329","UHGV-1376620",0,0
"6330","UHGV-1376646",0,0
"6331","UHGV-1376686",0,0
"6332","UHGV-1376705",0,0
"6333","UHGV-1376790",0,0
"6334","UHGV-1376796",0,0
"6335","UHGV-1376818",0,0
"6336","UHGV-1376820",0,0
"6337","UHGV-1376823",0,0
"6338","UHGV-1376854",0,0
"6339","UHGV-1376864",0,0
"6340","UHGV-1376878",0,0
"6341","UHGV-1377049",1,1
"6342","UHGV-1377050",0,0
"6343","UHGV-1377266",0,0
"6344","UHGV-1377267",0,0
"6345","UHGV-1377380",0,0
"6346","UHGV-1377439",0,0
"6347","UHGV-1377570",0,0
"6348","UHGV-1377745",0,0
"6349","UHGV-1377817",0,0
"6350","UHGV-1377829",0,0
"6351","UHGV-1377830",0,0
"6352","UHGV-1378071",0,0
"6353","UHGV-1378151",0,0
"6354","UHGV-1378172",0,0
"6355","UHGV-1378269",0,0
"6356","UHGV-1378284",0,0
"6357","UHGV-1378409",0,0
"6358","UHGV-1378555",0,0
"6359","UHGV-1378652",0,0
"6360","UHGV-1378837",0,0
"6361","UHGV-1378915",0,0
"6362","UHGV-1378917",0,0
"6363","UHGV-1378924",0,0
"6364","UHGV-1379121",0,0
"6365","UHGV-1379139",0,0
"6366","UHGV-1379141",0,0
"6367","UHGV-1379437",0,0
"6368","UHGV-1379447",0,0
"6369","UHGV-1379488",0,0
"6370","UHGV-1379492",0,0
"6371","UHGV-1379543",0,0
"6372","UHGV-1379548",0,0
"6373","UHGV-1379637",0,0
"6374","UHGV-1379802",0,0
"6375","UHGV-1379891",0,0
"6376","UHGV-1379965",0,0
"6377","UHGV-1379966",0,0
"6378","UHGV-1380202",0,0
"6379","UHGV-1380341",0,0
"6380","UHGV-1380860",0,0
"6381","UHGV-1381004",0,0
"6382","UHGV-1381044",0,0
"6383","UHGV-1381047",0,0
"6384","UHGV-1381169",0,0
"6385","UHGV-1381181",0,0
"6386","UHGV-1381305",0,0
"6387","UHGV-1381319",0,0
"6388","UHGV-1381480",0,0
"6389","UHGV-1381614",0,0
"6390","UHGV-1381617",0,0
"6391","UHGV-1381878",0,0
"6392","UHGV-1381891",0,0
"6393","UHGV-1381944",0,0
"6394","UHGV-1381998",0,0
"6395","UHGV-1382018",0,0
"6396","UHGV-1382039",0,0
"6397","UHGV-1382461",0,0
"6398","UHGV-1382539",0,0
"6399","UHGV-1382682",0,0
"6400","UHGV-1382728",0,0
"6401","UHGV-1382772",0,0
"6402","UHGV-1382792",1,1
"6403","UHGV-1382826",0,0
"6404","UHGV-1383125",0,0
"6405","UHGV-1383213",0,0
"6406","UHGV-1383307",0,0
"6407","UHGV-1383362",0,0
"6408","UHGV-1383368",0,0
"6409","UHGV-1383423",0,0
"6410","UHGV-1383424",0,0
"6411","UHGV-1383622",0,0
"6412","UHGV-1383632",0,0
"6413","UHGV-1383641",0,0
"6414","UHGV-1383711",0,0
"6415","UHGV-1383850",0,0
"6416","UHGV-1384054",0,0
"6417","UHGV-1384176",0,0
"6418","UHGV-1384344",0,0
"6419","UHGV-1384661",0,0
"6420","UHGV-1384770",0,0
"6421","UHGV-1384904",0,0
"6422","UHGV-1384955",0,0
"6423","UHGV-1385065",0,0
"6424","UHGV-1385075",0,0
"6425","UHGV-1385223",0,0
"6426","UHGV-1385283",0,0
"6427","UHGV-1385390",0,0
"6428","UHGV-1385444",0,0
"6429","UHGV-1386152",0,0
"6430","UHGV-1386413",0,0
"6431","UHGV-1386452",0,0
"6432","UHGV-1386885",0,0
"6433","UHGV-1387059",0,0
"6434","UHGV-1387254",0,0
"6435","UHGV-1387355",0,0
"6436","UHGV-1387373",0,0
"6437","UHGV-1387471",0,0
"6438","UHGV-1387550",0,0
"6439","UHGV-1387558",0,0
"6440","UHGV-1388260",0,0
"6441","UHGV-1388639",0,0
"6442","UHGV-1388910",0,0
"6443","UHGV-1389001",0,0
"6444","UHGV-1389051",1,1
"6445","UHGV-1389299",0,0
"6446","UHGV-1389624",0,0
"6447","UHGV-1389806",0,0
"6448","UHGV-1390164",0,0
"6449","UHGV-1390454",0,0
"6450","UHGV-1390588",0,0
"6451","UHGV-1390594",0,0
"6452","UHGV-1390641",0,0
"6453","UHGV-1390661",0,0
"6454","UHGV-1390876",0,0
"6455","UHGV-1390941",1,1
"6456","UHGV-1390983",1,1
"6457","UHGV-1391022",0,0
"6458","UHGV-1391696",0,0
"6459","UHGV-1392100",0,0
"6460","UHGV-1392205",0,0
"6461","UHGV-1392433",0,0
"6462","UHGV-1392677",0,0
"6463","UHGV-1392917",0,0
"6464","UHGV-1393046",0,0
"6465","UHGV-1393263",0,0
"6466","UHGV-1393646",0,0
"6467","UHGV-1393682",0,0
"6468","UHGV-1393923",0,0
"6469","UHGV-1394611",0,0
"6470","UHGV-1394772",0,0
"6471","UHGV-1394798",0,0
"6472","UHGV-1394875",0,0
"6473","UHGV-1395020",0,0
"6474","UHGV-1395167",0,0
"6475","UHGV-1395648",0,0
"6476","UHGV-1395966",0,0
"6477","UHGV-1396011",0,0
"6478","UHGV-1396650",0,0
"6479","UHGV-1396742",4,1
"6480","UHGV-1397000",0,0
"6481","UHGV-1397088",0,0
"6482","UHGV-1397196",0,0
"6483","UHGV-1397431",0,0
"6484","UHGV-1397524",0,0
"6485","UHGV-1398586",0,0
"6486","UHGV-1398724",0,0
"6487","UHGV-1398809",0,0
"6488","UHGV-1398916",0,0
"6489","UHGV-1398991",0,0
"6490","UHGV-1399096",0,0
"6491","UHGV-1399371",0,0
"6492","UHGV-1399796",0,0
"6493","UHGV-1400049",0,0
"6494","UHGV-1400051",0,0
"6495","UHGV-1400255",0,0
"6496","UHGV-1400331",0,0
"6497","UHGV-1400768",0,0
"6498","UHGV-1400900",0,0
"6499","UHGV-1400928",0,0
"6500","UHGV-1401750",0,0
"6501","UHGV-1402583",0,0
"6502","UHGV-1403917",0,0
"6503","UHGV-1404088",0,0
"6504","UHGV-1406041",0,0
"6505","UHGV-1406480",0,0
"6506","UHGV-1406844",0,0
"6507","UHGV-1406988",0,0
"6508","UHGV-1407027",0,0
"6509","UHGV-1407546",0,0
"6510","UHGV-1409051",0,0
"6511","UHGV-1409174",0,0
"6512","UHGV-1409787",0,0
"6513","UHGV-1409811",0,0
"6514","UHGV-1410080",0,0
"6515","UHGV-1410761",0,0
"6516","UHGV-1410879",0,0
"6517","UHGV-1411162",0,0
"6518","UHGV-1411166",0,0
"6519","UHGV-1411488",0,0
"6520","UHGV-1411505",0,0
"6521","UHGV-1411680",0,0
"6522","UHGV-1412072",0,0
"6523","UHGV-1412526",0,0
"6524","UHGV-1413001",0,0
"6525","UHGV-1413359",0,0
"6526","UHGV-1413494",0,0
"6527","UHGV-1413559",0,0
"6528","UHGV-1414127",0,0
"6529","UHGV-1414270",0,0
"6530","UHGV-1414305",0,0
"6531","UHGV-1414530",0,0
"6532","UHGV-1414968",3,1
"6533","UHGV-1415049",0,0
"6534","UHGV-1415384",0,0
"6535","UHGV-1415499",0,0
"6536","UHGV-1416291",0,0
"6537","UHGV-1416790",0,0
"6538","UHGV-1417441",0,0
"6539","UHGV-1417505",0,0
"6540","UHGV-1417682",0,0
"6541","UHGV-1418419",0,0
"6542","UHGV-1418610",0,0
"6543","UHGV-1418789",0,0
"6544","UHGV-1418936",0,0
"6545","UHGV-1419177",0,0
"6546","UHGV-1419184",0,0
"6547","UHGV-1419348",0,0
"6548","UHGV-1420115",0,0
"6549","UHGV-1420825",0,0
"6550","UHGV-1421449",0,0
"6551","UHGV-1421650",0,0
"6552","UHGV-1421655",0,0
"6553","UHGV-1421939",0,0
"6554","UHGV-1422340",0,0
"6555","UHGV-1422450",0,0
"6556","UHGV-1422725",0,0
"6557","UHGV-1422883",0,0
"6558","UHGV-1423835",0,0
"6559","UHGV-1424049",0,0
"6560","UHGV-1426007",0,0
"6561","UHGV-1426149",0,0
"6562","UHGV-1426180",0,0
"6563","UHGV-1426185",0,0
"6564","UHGV-1426187",0,0
"6565","UHGV-1426238",0,0
"6566","UHGV-1426324",0,0
"6567","UHGV-1426889",0,0
"6568","UHGV-1427297",0,0
"6569","UHGV-1428049",0,0
"6570","UHGV-1428211",0,0
"6571","UHGV-1428719",0,0
"6572","UHGV-1428826",0,0
"6573","UHGV-1428852",0,0
"6574","UHGV-1428877",0,0
"6575","UHGV-1428985",0,0
"6576","UHGV-1429065",0,0
"6577","UHGV-1429284",0,0
"6578","UHGV-1429302",0,0
"6579","UHGV-1429458",0,0
"6580","UHGV-1429483",0,0
"6581","UHGV-1429486",0,0
"6582","UHGV-1429529",0,0
"6583","UHGV-1429857",0,0
"6584","UHGV-1429861",0,0
"6585","UHGV-1430186",0,0
"6586","UHGV-1430280",0,0
"6587","UHGV-1430400",0,0
"6588","UHGV-1430464",0,0
"6589","UHGV-1430485",0,0
"6590","UHGV-1430563",0,0
"6591","UHGV-1430902",0,0
"6592","UHGV-1430943",0,0
"6593","UHGV-1430983",0,0
"6594","UHGV-1431202",0,0
"6595","UHGV-1431698",0,0
"6596","UHGV-1431750",0,0
"6597","UHGV-1431847",0,0
"6598","UHGV-1431943",0,0
"6599","UHGV-1432080",0,0
"6600","UHGV-1432126",0,0
"6601","UHGV-1432190",0,0
"6602","UHGV-1432210",0,0
"6603","UHGV-1432288",0,0
"6604","UHGV-1432683",0,0
"6605","UHGV-1432765",0,0
"6606","UHGV-1432766",0,0
"6607","UHGV-1432770",0,0
"6608","UHGV-1432855",0,0
"6609","UHGV-1432945",0,0
"6610","UHGV-1433128",0,0
"6611","UHGV-1433275",0,0
"6612","UHGV-1433631",0,0
"6613","UHGV-1433666",0,0
"6614","UHGV-1434109",0,0
"6615","UHGV-1434152",0,0
"6616","UHGV-1434437",0,0
"6617","UHGV-1434557",0,0
"6618","UHGV-1434896",0,0
"6619","UHGV-1434972",0,0
"6620","UHGV-1435679",0,0
"6621","UHGV-1435764",0,0
"6622","UHGV-1435781",0,0
"6623","UHGV-1435999",0,0
"6624","UHGV-1436515",0,0
"6625","UHGV-1436624",0,0
"6626","UHGV-1436650",0,0
"6627","UHGV-1436687",0,0
"6628","UHGV-1436693",0,0
"6629","UHGV-1436711",0,0
"6630","UHGV-1436817",0,0
"6631","UHGV-1436820",0,0
"6632","UHGV-1436846",0,0
"6633","UHGV-1437009",0,0
"6634","UHGV-1437036",0,0
"6635","UHGV-1438062",0,0
"6636","UHGV-1438247",0,0
"6637","UHGV-1438373",0,0
"6638","UHGV-1438407",0,0
"6639","UHGV-1438466",2,1
"6640","UHGV-1438730",0,0
"6641","UHGV-1438798",0,0
"6642","UHGV-1439303",0,0
"6643","UHGV-1439769",0,0
"6644","UHGV-1440276",0,0
"6645","UHGV-1440291",0,0
"6646","UHGV-1440407",0,0
"6647","UHGV-1440470",0,0
"6648","UHGV-1440769",0,0
"6649","UHGV-1441348",0,0
"6650","UHGV-1441391",0,0
"6651","UHGV-1441513",0,0
"6652","UHGV-1441644",0,0
"6653","UHGV-1441914",0,0
"6654","UHGV-1442202",0,0
"6655","UHGV-1442287",0,0
"6656","UHGV-1442366",0,0
"6657","UHGV-1442935",0,0
"6658","UHGV-1443181",0,0
"6659","UHGV-1443389",0,0
"6660","UHGV-1443701",0,0
"6661","UHGV-1443775",0,0
"6662","UHGV-1444040",0,0
"6663","UHGV-1444263",0,0
"6664","UHGV-1444277",0,0
"6665","UHGV-1444453",0,0
"6666","UHGV-1444791",0,0
"6667","UHGV-1445177",1,1
"6668","UHGV-1445572",0,0
"6669","UHGV-1445716",0,0
"6670","UHGV-1445823",0,0
"6671","UHGV-1446132",0,0
"6672","UHGV-1446290",0,0
"6673","UHGV-1446483",0,0
"6674","UHGV-1446488",0,0
"6675","UHGV-1446567",0,0
"6676","UHGV-1446649",0,0
"6677","UHGV-1446853",0,0
"6678","UHGV-1447246",0,0
"6679","UHGV-1448027",0,0
"6680","UHGV-1448164",0,0
"6681","UHGV-1448262",0,0
"6682","UHGV-1448480",0,0
"6683","UHGV-1448486",0,0
"6684","UHGV-1448651",0,0
"6685","UHGV-1449090",0,0
"6686","UHGV-1449239",0,0
"6687","UHGV-1449257",0,0
"6688","UHGV-1449279",0,0
"6689","UHGV-1450436",0,0
"6690","UHGV-1451160",0,0
"6691","UHGV-1451231",0,0
"6692","UHGV-1451382",0,0
"6693","UHGV-1451476",0,0
"6694","UHGV-1451765",0,0
"6695","UHGV-1451769",0,0
"6696","UHGV-1451879",0,0
"6697","UHGV-1452007",0,0
"6698","UHGV-1452800",0,0
"6699","UHGV-1452890",0,0
"6700","UHGV-1453081",0,0
"6701","UHGV-1453134",0,0
"6702","UHGV-1453201",0,0
"6703","UHGV-1453327",0,0
"6704","UHGV-1453674",0,0
"6705","UHGV-1453690",0,0
"6706","UHGV-1454101",0,0
"6707","UHGV-1454503",0,0
"6708","UHGV-1454914",0,0
"6709","UHGV-1455001",0,0
"6710","UHGV-1455698",0,0
"6711","UHGV-1455876",0,0
"6712","UHGV-1456051",0,0
"6713","UHGV-1456419",0,0
"6714","UHGV-1457089",0,0
"6715","UHGV-1457251",0,0
"6716","UHGV-1457494",0,0
"6717","UHGV-1457691",0,0
"6718","UHGV-1457759",0,0
"6719","UHGV-1458387",0,0
"6720","UHGV-1458388",0,0
"6721","UHGV-1458528",0,0
"6722","UHGV-1458599",1,1
"6723","UHGV-1458644",0,0
"6724","UHGV-1460407",0,0
"6725","UHGV-1460577",0,0
"6726","UHGV-1460953",0,0
"6727","UHGV-1461282",0,0
"6728","UHGV-1461419",2,1
"6729","UHGV-1461697",0,0
"6730","UHGV-1461894",0,0
"6731","UHGV-1462164",0,0
"6732","UHGV-1462514",0,0
"6733","UHGV-1462854",0,0
"6734","UHGV-1464063",2,1
"6735","UHGV-1464714",0,0
"6736","UHGV-1464739",0,0
"6737","UHGV-1465521",0,0
"6738","UHGV-1466651",0,0
"6739","UHGV-1467480",0,0
"6740","UHGV-1467481",0,0
"6741","UHGV-1467570",0,0
"6742","UHGV-1467696",0,0
"6743","UHGV-1467998",0,0
"6744","UHGV-1468102",0,0
"6745","UHGV-1468281",0,0
"6746","UHGV-1468583",0,0
"6747","UHGV-1468603",0,0
"6748","UHGV-1469211",0,0
"6749","UHGV-1469261",0,0
"6750","UHGV-1469298",0,0
"6751","UHGV-1469457",0,0
"6752","UHGV-1469505",0,0
"6753","UHGV-1469628",0,0
"6754","UHGV-1469732",0,0
"6755","UHGV-1469759",0,0
"6756","UHGV-1470092",0,0
"6757","UHGV-1470236",0,0
"6758","UHGV-1470446",0,0
"6759","UHGV-1470470",0,0
"6760","UHGV-1470476",0,0
"6761","UHGV-1470482",0,0
"6762","UHGV-1470791",0,0
"6763","UHGV-1471201",0,0
"6764","UHGV-1471388",0,0
"6765","UHGV-1471848",0,0
"6766","UHGV-1471862",0,0
"6767","UHGV-1471984",0,0
"6768","UHGV-1472095",0,0
"6769","UHGV-1472161",0,0
"6770","UHGV-1472850",0,0
"6771","UHGV-1473482",0,0
"6772","UHGV-1473708",0,0
"6773","UHGV-1473823",0,0
"6774","UHGV-1473829",0,0
"6775","UHGV-1473857",0,0
"6776","UHGV-1473930",0,0
"6777","UHGV-1474135",0,0
"6778","UHGV-1474337",0,0
"6779","UHGV-1474477",0,0
"6780","UHGV-1474549",0,0
"6781","UHGV-1474718",0,0
"6782","UHGV-1474800",0,0
"6783","UHGV-1474842",0,0
"6784","UHGV-1474860",0,0
"6785","UHGV-1474969",0,0
"6786","UHGV-1475333",0,0
"6787","UHGV-1475395",0,0
"6788","UHGV-1476316",0,0
"6789","UHGV-1476462",0,0
"6790","UHGV-1476780",0,0
"6791","UHGV-1476937",0,0
"6792","UHGV-1476999",0,0
"6793","UHGV-1477103",0,0
"6794","UHGV-1477483",0,0
"6795","UHGV-1477686",0,0
"6796","UHGV-1478199",0,0
"6797","UHGV-1478346",0,0
"6798","UHGV-1478626",0,0
"6799","UHGV-1479039",0,0
"6800","UHGV-1479136",0,0
"6801","UHGV-1479715",0,0
"6802","UHGV-1480384",1,1
"6803","UHGV-1481088",0,0
"6804","UHGV-1481458",0,0
"6805","UHGV-1481615",0,0
"6806","UHGV-1482279",0,0
"6807","UHGV-1482495",0,0
"6808","UHGV-1482853",0,0
"6809","UHGV-1483117",0,0
"6810","UHGV-1483295",0,0
"6811","UHGV-1483908",0,0
"6812","UHGV-1484179",0,0
"6813","UHGV-1484605",0,0
"6814","UHGV-1484626",0,0
"6815","UHGV-1484681",0,0
"6816","UHGV-1484882",0,0
"6817","UHGV-1485260",0,0
"6818","UHGV-1485372",0,0
"6819","UHGV-1485401",0,0
"6820","UHGV-1485720",0,0
"6821","UHGV-1485985",0,0
"6822","UHGV-1486346",0,0
"6823","UHGV-1486526",0,0
"6824","UHGV-1486560",0,0
"6825","UHGV-1486770",0,0
"6826","UHGV-1486883",0,0
"6827","UHGV-1487565",0,0
"6828","UHGV-1488058",0,0
"6829","UHGV-1489096",0,0
"6830","UHGV-1489399",0,0
"6831","UHGV-1489652",0,0
"6832","UHGV-1489779",0,0
"6833","UHGV-1489881",0,0
"6834","UHGV-1490200",0,0
"6835","UHGV-1490250",0,0
"6836","UHGV-1490500",0,0
"6837","UHGV-1490776",0,0
"6838","UHGV-1490777",0,0
"6839","UHGV-1490995",0,0
"6840","UHGV-1491146",0,0
"6841","UHGV-1491227",0,0
"6842","UHGV-1491423",0,0
"6843","UHGV-1491746",0,0
"6844","UHGV-1492019",0,0
"6845","UHGV-1492347",0,0
"6846","UHGV-1493318",0,0
"6847","UHGV-1493426",0,0
"6848","UHGV-1493483",0,0
"6849","UHGV-1493607",0,0
"6850","UHGV-1493621",0,0
"6851","UHGV-1493882",0,0
"6852","UHGV-1493932",0,0
"6853","UHGV-1494158",0,0
"6854","UHGV-1494182",0,0
"6855","UHGV-1494371",0,0
"6856","UHGV-1494714",0,0
"6857","UHGV-1494891",0,0
"6858","UHGV-1494941",0,0
"6859","UHGV-1495230",0,0
"6860","UHGV-1495276",1,1
"6861","UHGV-1495732",0,0
"6862","UHGV-1495935",0,0
"6863","UHGV-1495990",0,0
"6864","UHGV-1496373",0,0
"6865","UHGV-1497260",0,0
"6866","UHGV-1497543",0,0
"6867","UHGV-1497648",0,0
"6868","UHGV-1497808",0,0
"6869","UHGV-1497897",0,0
"6870","UHGV-1498291",0,0
"6871","UHGV-1498386",0,0
"6872","UHGV-1498393",0,0
"6873","UHGV-1498547",0,0
"6874","UHGV-1498732",0,0
"6875","UHGV-1498928",0,0
"6876","UHGV-1499051",0,0
"6877","UHGV-1499716",0,0
"6878","UHGV-1499803",0,0
"6879","UHGV-1499878",0,0
"6880","UHGV-1500082",0,0
"6881","UHGV-1500115",0,0
"6882","UHGV-1500217",0,0
"6883","UHGV-1500235",0,0
"6884","UHGV-1500268",0,0
"6885","UHGV-1500527",0,0
"6886","UHGV-1500604",0,0
"6887","UHGV-1501046",0,0
"6888","UHGV-1501080",0,0
"6889","UHGV-1501350",0,0
"6890","UHGV-1501538",0,0
"6891","UHGV-1501755",0,0
"6892","UHGV-1501872",0,0
"6893","UHGV-1502013",0,0
"6894","UHGV-1502102",0,0
"6895","UHGV-1502107",0,0
"6896","UHGV-1502162",0,0
"6897","UHGV-1503060",0,0
"6898","UHGV-1503142",0,0
"6899","UHGV-1503418",0,0
"6900","UHGV-1503528",0,0
"6901","UHGV-1503789",0,0
"6902","UHGV-1504178",0,0
"6903","UHGV-1504229",0,0
"6904","UHGV-1504455",0,0
"6905","UHGV-1504481",0,0
"6906","UHGV-1504491",0,0
"6907","UHGV-1504701",0,0
"6908","UHGV-1504872",4,1
"6909","UHGV-1504953",0,0
"6910","UHGV-1505061",0,0
"6911","UHGV-1505165",0,0
"6912","UHGV-1505185",0,0
"6913","UHGV-1505273",0,0
"6914","UHGV-1505279",0,0
"6915","UHGV-1505369",0,0
"6916","UHGV-1505436",0,0
"6917","UHGV-1505555",0,0
"6918","UHGV-1505779",0,0
"6919","UHGV-1505886",0,0
"6920","UHGV-1505905",0,0
"6921","UHGV-1506061",0,0
"6922","UHGV-1506087",0,0
"6923","UHGV-1506557",0,0
"6924","UHGV-1506831",0,0
"6925","UHGV-1506958",0,0
"6926","UHGV-1507181",0,0
"6927","UHGV-1507263",0,0
"6928","UHGV-1507722",0,0
"6929","UHGV-1507975",0,0
"6930","UHGV-1508061",0,0
"6931","UHGV-1508420",0,0
"6932","UHGV-1508849",0,0
"6933","UHGV-1509635",0,0
"6934","UHGV-1510082",0,0
"6935","UHGV-1510508",0,0
"6936","UHGV-1510951",0,0
"6937","UHGV-1511096",0,0
"6938","UHGV-1511145",0,0
"6939","UHGV-1511381",0,0
"6940","UHGV-1511383",0,0
"6941","UHGV-1511555",0,0
"6942","UHGV-1511679",0,0
"6943","UHGV-1512440",0,0
"6944","UHGV-1512522",0,0
"6945","UHGV-1512681",0,0
"6946","UHGV-1512922",0,0
"6947","UHGV-1512977",0,0
"6948","UHGV-1513223",0,0
"6949","UHGV-1513228",0,0
"6950","UHGV-1513386",0,0
"6951","UHGV-1513673",0,0
"6952","UHGV-1514105",0,0
"6953","UHGV-1514446",0,0
"6954","UHGV-1515027",0,0
"6955","UHGV-1515346",0,0
"6956","UHGV-1515366",0,0
"6957","UHGV-1515689",0,0
"6958","UHGV-1515719",0,0
"6959","UHGV-1515958",0,0
"6960","UHGV-1516026",0,0
"6961","UHGV-1516265",0,0
"6962","UHGV-1516368",0,0
"6963","UHGV-1516649",0,0
"6964","UHGV-1516713",0,0
"6965","UHGV-1516871",0,0
"6966","UHGV-1517093",0,0
"6967","UHGV-1517250",0,0
"6968","UHGV-1517341",0,0
"6969","UHGV-1517559",0,0
"6970","UHGV-1517839",0,0
"6971","UHGV-1517955",0,0
"6972","UHGV-1518624",0,0
"6973","UHGV-1518655",0,0
"6974","UHGV-1518952",0,0
"6975","UHGV-1519370",0,0
"6976","UHGV-1519430",0,0
"6977","UHGV-1519455",0,0
"6978","UHGV-1519465",0,0
"6979","UHGV-1519489",0,0
"6980","UHGV-1519497",0,0
"6981","UHGV-1519625",0,0
"6982","UHGV-1519646",0,0
"6983","UHGV-1519754",0,0
"6984","UHGV-1519927",0,0
"6985","UHGV-1520100",0,0
"6986","UHGV-1520194",0,0
"6987","UHGV-1520288",0,0
"6988","UHGV-1520317",0,0
"6989","UHGV-1520400",0,0
"6990","UHGV-1520405",0,0
"6991","UHGV-1520526",0,0
"6992","UHGV-1520539",0,0
"6993","UHGV-1520586",0,0
"6994","UHGV-1520885",0,0
"6995","UHGV-1520921",0,0
"6996","UHGV-1520986",0,0
"6997","UHGV-1521295",0,0
"6998","UHGV-1521539",0,0
"6999","UHGV-1521695",0,0
"7000","UHGV-1521740",0,0
"7001","UHGV-1522020",0,0
"7002","UHGV-1522049",0,0
"7003","UHGV-1522253",0,0
"7004","UHGV-1522367",0,0
"7005","UHGV-1522392",0,0
"7006","UHGV-1522780",0,0
"7007","UHGV-1523114",0,0
"7008","UHGV-1523299",0,0
"7009","UHGV-1523421",0,0
"7010","UHGV-1523438",0,0
"7011","UHGV-1523907",0,0
"7012","UHGV-1524054",0,0
"7013","UHGV-1524186",0,0
"7014","UHGV-1524422",0,0
"7015","UHGV-1524681",0,0
"7016","UHGV-1524703",0,0
"7017","UHGV-1524746",0,0
"7018","UHGV-1524873",0,0
"7019","UHGV-1525667",0,0
"7020","UHGV-1525693",0,0
"7021","UHGV-1525767",0,0
"7022","UHGV-1525906",0,0
"7023","UHGV-1525908",0,0
"7024","UHGV-1526657",0,0
"7025","UHGV-1526686",0,0
"7026","UHGV-1526688",0,0
"7027","UHGV-1526805",0,0
"7028","UHGV-1526873",0,0
"7029","UHGV-1526910",0,0
"7030","UHGV-1527113",0,0
"7031","UHGV-1527150",0,0
"7032","UHGV-1527355",0,0
"7033","UHGV-1527456",0,0
"7034","UHGV-1527596",0,0
"7035","UHGV-1527757",0,0
"7036","UHGV-1527792",0,0
"7037","UHGV-1528352",0,0
"7038","UHGV-1528371",0,0
"7039","UHGV-1528403",0,0
"7040","UHGV-1528448",0,0
"7041","UHGV-1528630",0,0
"7042","UHGV-1528938",0,0
"7043","UHGV-1529117",0,0
"7044","UHGV-1529443",0,0
"7045","UHGV-1529540",0,0
"7046","UHGV-1529602",0,0
"7047","UHGV-1529616",0,0
"7048","UHGV-1529840",0,0
"7049","UHGV-1530004",0,0
"7050","UHGV-1530079",0,0
"7051","UHGV-1530081",0,0
"7052","UHGV-1530107",0,0
"7053","UHGV-1530143",0,0
"7054","UHGV-1530616",0,0
"7055","UHGV-1530695",0,0
"7056","UHGV-1530802",0,0
"7057","UHGV-1530832",0,0
"7058","UHGV-1530853",0,0
"7059","UHGV-1530945",0,0
"7060","UHGV-1530982",0,0
"7061","UHGV-1531124",0,0
"7062","UHGV-1531161",0,0
"7063","UHGV-1531206",0,0
"7064","UHGV-1531255",0,0
"7065","UHGV-1531363",0,0
"7066","UHGV-1531745",0,0
"7067","UHGV-1531778",0,0
"7068","UHGV-1531790",0,0
"7069","UHGV-1531873",0,0
"7070","UHGV-1532040",0,0
"7071","UHGV-1532082",0,0
"7072","UHGV-1532152",0,0
"7073","UHGV-1532256",0,0
"7074","UHGV-1532357",0,0
"7075","UHGV-1532795",0,0
"7076","UHGV-1532910",0,0
"7077","UHGV-1533039",0,0
"7078","UHGV-1533131",0,0
"7079","UHGV-1533473",0,0
"7080","UHGV-1533521",0,0
"7081","UHGV-1533539",0,0
"7082","UHGV-1533540",0,0
"7083","UHGV-1533625",0,0
"7084","UHGV-1533784",0,0
"7085","UHGV-1533866",0,0
"7086","UHGV-1533989",0,0
"7087","UHGV-1534160",0,0
"7088","UHGV-1534223",0,0
"7089","UHGV-1534339",0,0
"7090","UHGV-1534386",0,0
"7091","UHGV-1534620",0,0
"7092","UHGV-1534626",0,0
"7093","UHGV-1534684",0,0
"7094","UHGV-1534715",0,0
"7095","UHGV-1534716",0,0
"7096","UHGV-1534801",0,0
"7097","UHGV-1534943",0,0
"7098","UHGV-1535056",0,0
"7099","UHGV-1535098",0,0
"7100","UHGV-1535560",0,0
"7101","UHGV-1535585",0,0
"7102","UHGV-1535732",0,0
"7103","UHGV-1535866",0,0
"7104","UHGV-1535987",0,0
"7105","UHGV-1536050",0,0
"7106","UHGV-1536159",0,0
"7107","UHGV-1536423",0,0
"7108","UHGV-1536538",0,0
"7109","UHGV-1536593",0,0
"7110","UHGV-1536635",0,0
"7111","UHGV-1536640",0,0
"7112","UHGV-1536694",0,0
"7113","UHGV-1536748",0,0
"7114","UHGV-1537102",0,0
"7115","UHGV-1537252",0,0
"7116","UHGV-1537390",0,0
"7117","UHGV-1537438",0,0
"7118","UHGV-1537745",0,0
"7119","UHGV-1537885",0,0
"7120","UHGV-1537988",0,0
"7121","UHGV-1538021",0,0
"7122","UHGV-1538284",0,0
"7123","UHGV-1538629",0,0
"7124","UHGV-1538767",0,0
"7125","UHGV-1538780",0,0
"7126","UHGV-1538830",0,0
"7127","UHGV-1539059",0,0
"7128","UHGV-1539496",0,0
"7129","UHGV-1539673",0,0
"7130","UHGV-1539719",0,0
"7131","UHGV-1539947",0,0
"7132","UHGV-1539998",0,0
"7133","UHGV-1540140",0,0
"7134","UHGV-1540219",0,0
"7135","UHGV-1540532",0,0
"7136","UHGV-1540725",0,0
"7137","UHGV-1540865",0,0
"7138","UHGV-1541045",0,0
"7139","UHGV-1541123",0,0
"7140","UHGV-1541180",0,0
"7141","UHGV-1541187",0,0
"7142","UHGV-1541192",0,0
"7143","UHGV-1541281",0,0
"7144","UHGV-1541389",0,0
"7145","UHGV-1541583",0,0
"7146","UHGV-1541592",0,0
"7147","UHGV-1541616",0,0
"7148","UHGV-1541723",0,0
"7149","UHGV-1541760",0,0
"7150","UHGV-1542126",0,0
"7151","UHGV-1542162",0,0
"7152","UHGV-1542268",0,0
"7153","UHGV-1542846",0,0
"7154","UHGV-1542941",0,0
"7155","UHGV-1542972",0,0
"7156","UHGV-1543350",0,0
"7157","UHGV-1543457",0,0
"7158","UHGV-1543505",0,0
"7159","UHGV-1543676",0,0
"7160","UHGV-1543722",0,0
"7161","UHGV-1543839",0,0
"7162","UHGV-1543957",0,0
"7163","UHGV-1544049",0,0
"7164","UHGV-1544232",0,0
"7165","UHGV-1544253",0,0
"7166","UHGV-1544461",0,0
"7167","UHGV-1544614",0,0
"7168","UHGV-1544809",0,0
"7169","UHGV-1544982",0,0
"7170","UHGV-1545116",0,0
"7171","UHGV-1546235",0,0
"7172","UHGV-1546393",0,0
"7173","UHGV-1546612",0,0
"7174","UHGV-1546616",0,0
"7175","UHGV-1547224",0,0
"7176","UHGV-1547863",0,0
"7177","UHGV-1547907",0,0
"7178","UHGV-1548341",0,0
"7179","UHGV-1548753",0,0
"7180","UHGV-1549922",0,0
"7181","UHGV-1552352",0,0
"7182","UHGV-1552411",0,0
"7183","UHGV-1553133",0,0
"7184","UHGV-1553326",0,0
"7185","UHGV-1553674",0,0
"7186","UHGV-1555914",0,0
"7187","UHGV-1556444",0,0
"7188","UHGV-1556876",0,0
"7189","UHGV-1556986",0,0
"7190","UHGV-1558311",0,0
"7191","UHGV-1558626",0,0
"7192","UHGV-1558924",0,0
"7193","UHGV-1559376",0,0
"7194","UHGV-1849521",0,0
"7195","UHGV-1849524",0,0
"7196","UHGV-1850722",0,0
"7197","UHGV-1850726",0,0
"7198","UHGV-1852309",0,0
"7199","UHGV-1853621",0,0
"7200","UHGV-1854010",0,0
"7201","UHGV-1854856",0,0
"7202","UHGV-1857316",0,0
"7203","UHGV-1857698",0,0
"7204","UHGV-1858166",0,0
"7205","UHGV-1858552",0,0
"7206","UHGV-1859364",0,0
"7207","UHGV-1862591",0,0
"7208","UHGV-1864285",0,0
"7209","UHGV-1864292",0,0
"7210","UHGV-1864760",0,0
"7211","UHGV-1864922",0,0
"7212","UHGV-1865279",0,0
"7213","UHGV-1866390",0,0
"7214","UHGV-1870126",0,0
"7215","UHGV-1870268",0,0
"7216","UHGV-1872273",0,0
"7217","UHGV-1872285",0,0
"7218","UHGV-1872921",0,0
"7219","UHGV-1874587",0,0
"7220","UHGV-1875425",0,0
"7221","UHGV-1876662",0,0
"7222","UHGV-1878186",0,0
"7223","UHGV-1878383",0,0
"7224","UHGV-1878719",0,0
"7225","UHGV-1881570",0,0
"7226","UHGV-1882294",0,0
"7227","UHGV-1883315",0,0
"7228","UHGV-1883317",0,0
"7229","UHGV-1886005",0,0
"7230","UHGV-1887268",0,0
"7231","UHGV-1887791",0,0
"7232","UHGV-1888286",0,0
"7233","UHGV-1888425",0,0
"7234","UHGV-1890225",0,0
"7235","UHGV-1891554",0,0
"7236","UHGV-1892229",0,0
"7237","UHGV-1897296",0,0
"7238","UHGV-1897747",1,1
"7239","UHGV-1898239",0,0
"7240","UHGV-1900474",0,0
"7241","UHGV-1905345",0,0
"7242","UHGV-1914466",0,0
"7243","UHGV-1916773",0,0
"7244","UHGV-1920321",0,0
"7245","UHGV-1920554",0,0
"7246","UHGV-1921546",0,0
"7247","UHGV-1921569",0,0
"7248","UHGV-1922781",0,0
"7249","UHGV-1923894",0,0
"7250","UHGV-1927682",0,0
"7251","UHGV-1931443",0,0
"7252","UHGV-1932879",0,0
"7253","UHGV-1936907",0,0
"7254","UHGV-1938083",0,0
"7255","UHGV-1938448",0,0
"7256","UHGV-1939608",0,0
"7257","UHGV-1939676",0,0
"7258","UHGV-1941049",0,0
"7259","UHGV-1941888",0,0
"7260","UHGV-1943184",0,0
"7261","UHGV-1943709",0,0
"7262","UHGV-1943758",0,0
"7263","UHGV-1944097",0,0
"7264","UHGV-1944448",0,0
"7265","UHGV-1944924",1,1
"7266","UHGV-1945748",0,0
"7267","UHGV-1946403",0,0
"7268","UHGV-1946616",0,0
"7269","UHGV-1947435",0,0
"7270","UHGV-1948074",0,0
"7271","UHGV-1948466",0,0
"7272","UHGV-1948508",0,0
"7273","UHGV-1948918",0,0
"7274","UHGV-1949412",0,0
"7275","UHGV-1949855",0,0
"7276","UHGV-1950888",0,0
"7277","UHGV-1954056",0,0
"7278","UHGV-1954164",0,0
"7279","UHGV-1954310",0,0
"7280","UHGV-1955042",0,0
"7281","UHGV-1959119",0,0
"7282","UHGV-1961240",0,0
"7283","UHGV-1963391",0,0
"7284","UHGV-1963497",0,0
"7285","UHGV-1964414",0,0
"7286","UHGV-1964690",0,0
"7287","UHGV-1965195",0,0
"7288","UHGV-1965706",0,0
"7289","UHGV-1966400",0,0
"7290","UHGV-1966908",0,0
"7291","UHGV-1967165",0,0
"7292","UHGV-1968322",0,0
"7293","UHGV-1969156",0,0
"7294","UHGV-1970342",0,0
"7295","UHGV-1970513",0,0
"7296","UHGV-1971121",0,0
"7297","UHGV-1971230",0,0
"7298","UHGV-1971900",0,0
"7299","UHGV-1972540",0,0
"7300","UHGV-1973776",0,0
"7301","UHGV-1974791",0,0
"7302","UHGV-1976660",0,0
"7303","UHGV-1976679",0,0
"7304","UHGV-1976685",0,0
"7305","UHGV-1977345",0,0
"7306","UHGV-1978116",0,0
"7307","UHGV-1978524",0,0
"7308","UHGV-1978766",0,0
"7309","UHGV-1980790",0,0
"7310","UHGV-1982522",0,0
"7311","UHGV-1984991",0,0
"7312","UHGV-1984999",0,0
"7313","UHGV-1985207",0,0
"7314","UHGV-1986120",0,0
"7315","UHGV-1987041",0,0
"7316","UHGV-1989401",0,0
"7317","UHGV-1991562",0,0
"7318","UHGV-1992294",0,0
"7319","UHGV-1992375",0,0
"7320","UHGV-1994304",0,0
"7321","UHGV-1994882",0,0
"7322","UHGV-1995143",0,0
"7323","UHGV-1997414",0,0
"7324","UHGV-1998590",0,0
"7325","UHGV-1999795",0,0
"7326","UHGV-2001024",0,0
"7327","UHGV-2001302",0,0
"7328","UHGV-2001404",0,0
"7329","UHGV-2002820",0,0
"7330","UHGV-2007258",0,0
"7331","UHGV-2008797",0,0
"7332","UHGV-2010620",0,0
"7333","UHGV-2010750",0,0
"7334","UHGV-2011586",0,0
"7335","UHGV-2012089",0,0
"7336","UHGV-2012192",0,0
"7337","UHGV-2012378",0,0
"7338","UHGV-2012409",0,0
"7339","UHGV-2012414",0,0
"7340","UHGV-2013610",0,0
"7341","UHGV-2014437",0,0
"7342","UHGV-2014851",0,0
"7343","UHGV-2015579",0,0
"7344","UHGV-2015656",0,0
"7345","UHGV-2015935",0,0
"7346","UHGV-2016404",0,0
"7347","UHGV-2016539",0,0
"7348","UHGV-2016705",0,0
"7349","UHGV-2016833",0,0
"7350","UHGV-2018266",0,0
"7351","UHGV-2018472",0,0
"7352","UHGV-2018826",0,0
"7353","UHGV-2019459",0,0
"7354","UHGV-2019691",0,0
"7355","UHGV-2019695",0,0
"7356","UHGV-2021567",0,0
"7357","UHGV-2021951",1,1
"7358","UHGV-2022419",0,0
"7359","UHGV-2022542",0,0
"7360","UHGV-2022546",0,0
"7361","UHGV-2022991",0,0
"7362","UHGV-2024003",0,0
"7363","UHGV-2024759",0,0
"7364","UHGV-2024911",0,0
"7365","UHGV-2025148",0,0
"7366","UHGV-2025635",0,0
"7367","UHGV-2025679",0,0
"7368","UHGV-2025915",0,0
"7369","UHGV-2025921",0,0
"7370","UHGV-2026211",0,0
"7371","UHGV-2026389",0,0
"7372","UHGV-2026656",0,0
"7373","UHGV-2027296",0,0
"7374","UHGV-2027463",0,0
"7375","UHGV-2027671",0,0
"7376","UHGV-2028043",0,0
"7377","UHGV-2028831",0,0
"7378","UHGV-2029004",0,0
"7379","UHGV-2029158",0,0
"7380","UHGV-2031115",0,0
"7381","UHGV-2031136",0,0
"7382","UHGV-2031278",0,0
"7383","UHGV-2031746",0,0
"7384","UHGV-2032582",0,0
"7385","UHGV-2032585",0,0
"7386","UHGV-2032957",0,0
"7387","UHGV-2032976",0,0
"7388","UHGV-2035372",0,0
"7389","UHGV-2035821",0,0
"7390","UHGV-2039170",0,0
"7391","UHGV-2040314",0,0
"7392","UHGV-2040872",0,0
"7393","UHGV-2040938",0,0
"7394","UHGV-2041015",0,0
"7395","UHGV-2041905",0,0
"7396","UHGV-2042140",0,0
"7397","UHGV-2043449",0,0
"7398","UHGV-2044769",0,0
"7399","UHGV-2044847",0,0
"7400","UHGV-2044913",0,0
"7401","UHGV-2046087",0,0
"7402","UHGV-2046432",0,0
"7403","UHGV-2047367",0,0
"7404","UHGV-2047436",0,0
"7405","UHGV-2047763",0,0
"7406","UHGV-2048465",0,0
"7407","UHGV-2048589",0,0
"7408","UHGV-2049895",0,0
"7409","UHGV-2056681",0,0
"7410","UHGV-2057241",0,0
"7411","UHGV-2057329",0,0
"7412","UHGV-2058056",0,0
"7413","UHGV-2058183",0,0
"7414","UHGV-2058757",0,0
"7415","UHGV-2061376",0,0
"7416","UHGV-2061465",0,0
"7417","UHGV-2062026",0,0
"7418","UHGV-2064326",0,0
"7419","UHGV-2065621",0,0
"7420","UHGV-2065882",0,0
"7421","UHGV-2066015",0,0
"7422","UHGV-2066940",0,0
"7423","UHGV-2067140",0,0
"7424","UHGV-2067550",0,0
"7425","UHGV-2067926",0,0
"7426","UHGV-2070337",0,0
"7427","UHGV-2070609",0,0
"7428","UHGV-2070976",0,0
"7429","UHGV-2072488",0,0
"7430","UHGV-2078539",0,0
"7431","UHGV-2079400",0,0
"7432","UHGV-2079709",0,0
"7433","UHGV-2080219",0,0
"7434","UHGV-2080799",0,0
"7435","UHGV-2081190",0,0
"7436","UHGV-2081414",0,0
"7437","UHGV-2081489",0,0
"7438","UHGV-2081594",0,0
"7439","UHGV-2081861",0,0
"7440","UHGV-2082472",0,0
"7441","UHGV-2083355",0,0
"7442","UHGV-2083438",0,0
"7443","UHGV-2084124",0,0
"7444","UHGV-2084205",0,0
"7445","UHGV-2084441",0,0
"7446","UHGV-2085049",0,0
"7447","UHGV-2085723",0,0
"7448","UHGV-2086405",0,0
"7449","UHGV-2086516",0,0
"7450","UHGV-2086980",0,0
"7451","UHGV-2087071",0,0
"7452","UHGV-2088274",0,0
"7453","UHGV-2088280",0,0
"7454","UHGV-2088790",0,0
"7455","UHGV-2089012",0,0
"7456","UHGV-2089219",0,0
"7457","UHGV-2089400",0,0
"7458","UHGV-2089688",0,0
"7459","UHGV-2090180",0,0
"7460","UHGV-2090705",0,0
"7461","UHGV-2090921",0,0
"7462","UHGV-2091589",0,0
"7463","UHGV-2092080",0,0
"7464","UHGV-2092288",0,0
"7465","UHGV-2092895",0,0
"7466","UHGV-2093647",0,0
"7467","UHGV-2094862",0,0
"7468","UHGV-2095145",0,0
"7469","UHGV-2095211",0,0
"7470","UHGV-2095734",0,0
"7471","UHGV-2096410",0,0
"7472","UHGV-2097054",0,0
"7473","UHGV-2098394",0,0
"7474","UHGV-2098639",0,0
"7475","UHGV-2098732",0,0
"7476","UHGV-2099138",0,0
"7477","UHGV-2100031",0,0
"7478","UHGV-2100376",0,0
"7479","UHGV-2100718",0,0
"7480","UHGV-2100990",0,0
"7481","UHGV-2101181",0,0
"7482","UHGV-2101295",0,0
"7483","UHGV-2101838",0,0
"7484","UHGV-2102370",0,0
"7485","UHGV-2102833",0,0
"7486","UHGV-2102889",0,0
"7487","UHGV-2102906",0,0
"7488","UHGV-2103426",0,0
"7489","UHGV-2103559",0,0
"7490","UHGV-2103790",0,0
"7491","UHGV-2103850",0,0
"7492","UHGV-2104574",0,0
"7493","UHGV-2105799",0,0
"7494","UHGV-2106212",0,0
"7495","UHGV-2106274",0,0
"7496","UHGV-2107503",0,0
"7497","UHGV-2107639",0,0
"7498","UHGV-2108253",0,0
"7499","UHGV-2108380",0,0
"7500","UHGV-2108854",0,0
"7501","UHGV-2109582",0,0
"7502","UHGV-2109622",0,0
"7503","UHGV-2110289",0,0
"7504","UHGV-2110535",0,0
"7505","UHGV-2110716",0,0
"7506","UHGV-2112964",0,0
"7507","UHGV-2114067",0,0
"7508","UHGV-2114087",0,0
"7509","UHGV-2115055",0,0
"7510","UHGV-2115316",0,0
"7511","UHGV-2115683",0,0
"7512","UHGV-2118115",0,0
"7513","UHGV-2118428",0,0
"7514","UHGV-2118833",0,0
"7515","UHGV-2119037",0,0
"7516","UHGV-2119402",0,0
"7517","UHGV-2119773",0,0
"7518","UHGV-2120107",0,0
"7519","UHGV-2120754",0,0
"7520","UHGV-2123873",0,0
"7521","UHGV-2124236",0,0
"7522","UHGV-2124368",0,0
"7523","UHGV-2124850",0,0
"7524","UHGV-2125465",0,0
"7525","UHGV-2127355",0,0
"7526","UHGV-2128528",0,0
"7527","UHGV-2129143",0,0
"7528","UHGV-2130237",0,0
"7529","UHGV-2131351",0,0
"7530","UHGV-2133450",0,0
"7531","UHGV-2133546",0,0
"7532","UHGV-2133734",0,0
"7533","UHGV-2135295",0,0
"7534","UHGV-2135407",0,0
"7535","UHGV-2137017",0,0
"7536","UHGV-2138384",0,0
"7537","UHGV-2139231",0,0
"7538","UHGV-2139498",0,0
"7539","UHGV-2141327",0,0
"7540","UHGV-2143006",0,0
"7541","UHGV-2143102",0,0
"7542","UHGV-2143239",0,0
"7543","UHGV-2143816",0,0
"7544","UHGV-2143998",0,0
"7545","UHGV-2145490",0,0
"7546","UHGV-2145875",0,0
"7547","UHGV-2147212",0,0
"7548","UHGV-2147439",0,0
"7549","UHGV-2148968",0,0
"7550","UHGV-2149551",0,0
"7551","UHGV-2149862",0,0
"7552","UHGV-2149963",0,0
"7553","UHGV-2151678",0,0
"7554","UHGV-2151837",0,0
"7555","UHGV-2152775",0,0
"7556","UHGV-2153892",0,0
"7557","UHGV-2155065",0,0
"7558","UHGV-2157237",0,0
"7559","UHGV-2157817",0,0
"7560","UHGV-2160142",0,0
"7561","UHGV-2160575",0,0
"7562","UHGV-2162428",0,0
"7563","UHGV-2163364",0,0
"7564","UHGV-2164096",1,1
"7565","UHGV-2164350",0,0
"7566","UHGV-2164672",0,0
"7567","UHGV-2165041",0,0
"7568","UHGV-2165156",0,0
"7569","UHGV-2167899",0,0
"7570","UHGV-2168596",0,0
"7571","UHGV-2170052",0,0
"7572","UHGV-2170498",0,0
"7573","UHGV-2170642",0,0
"7574","UHGV-2171646",0,0
"7575","UHGV-2171837",0,0
"7576","UHGV-2173790",0,0
"7577","UHGV-2174618",0,0
"7578","UHGV-2176592",0,0
"7579","UHGV-2177814",0,0
"7580","UHGV-2178413",0,0
"7581","UHGV-2178930",0,0
"7582","UHGV-2179923",0,0
"7583","UHGV-2179929",0,0
"7584","UHGV-2180395",0,0
"7585","UHGV-2181737",0,0
"7586","UHGV-2181964",0,0
"7587","UHGV-2182050",0,0
"7588","UHGV-2182119",0,0
"7589","UHGV-2184054",0,0
"7590","UHGV-2186465",0,0
"7591","UHGV-2188015",0,0
"7592","UHGV-2188812",0,0
"7593","UHGV-2189102",0,0
"7594","UHGV-2190344",0,0
"7595","UHGV-2190615",0,0
"7596","UHGV-2192162",0,0
"7597","UHGV-2196111",0,0
"7598","UHGV-2197764",0,0
"7599","UHGV-2198427",0,0
"7600","UHGV-2199287",0,0
"7601","UHGV-2201739",0,0
"7602","UHGV-2203976",0,0
"7603","UHGV-2203980",0,0
"7604","UHGV-2205943",0,0
"7605","UHGV-2209042",0,0
"7606","UHGV-2209992",0,0
"7607","UHGV-2210095",0,0
"7608","UHGV-2213499",0,0
"7609","X96987",0,0
"7610","X97918",0,0
"7611","X98106",0,0
"7612","X99260",2,1
"7613","Z47794",0,0
