Assembly Name	Assembly Accession	Assembly Paired Assembly Accession	Organism Name	Organism Taxonomic ID	Organism Infraspecific Names Breed	Organism Infraspecific Names Strain	Organism Infraspecific Names Cultivar	Organism Infraspecific Names Ecotype	Organism Infraspecific Names Isolate	Organism Infraspecific Names Sex	Annotation Name	Annotation Release Date	Assembly Stats Total Sequence Length	Assembly Stats Total Number of Chromosomes	Assembly Stats Number of Contigs	Assembly Level	Assembly Release Date	WGS project accession	Assembly Stats Number of Scaffolds	Assembly Stats GC Percent	Annotation BUSCO Complete	Annotation BUSCO Single Copy	Annotation BUSCO Duplicated	Annotation BUSCO Fragmented	Annotation BUSCO Missing	Annotation BUSCO Lineage	Annotation Count Gene Total	CheckM marker set	CheckM completeness	CheckM contamination
ASM904v1	GCF_000009045.1	GCA_000009045.1	Bacillus subtilis subsp. subtilis str. 168	224308		168					Annotation submitted by NCBI RefSeq	2021-02-12	4215606	1	1	Complete Genome	2009-08-12		1	43.5							4536	Bacillus subtilis	98.62	1.32
ASM1578v2	GCF_000015785.2	GCA_000015785.2	Bacillus velezensis FZB42	326423		FZB42					GCF_000015785.2-RS_2025_04_02	2025-04-02	3918596	1	1	Complete Genome	2019-06-24		1	46.5							3883	Bacillus	99.41	
NCTC7465	GCF_001457635.1	GCA_001457635.1	Streptococcus pneumoniae	1313		NCTC7465					GCF_001457635.1-RS_2025_11_20	2025-11-20	2110968	1	1	Complete Genome	2015-03-22		1	39.5							2190	Streptococcus pneumoniae	98.4	0.94
ASM609437v1	GCF_006094375.1	GCA_006094375.1	Staphylococcus epidermidis	1282		ATCC 14990					GCF_006094375.1-RS_2025_04_23	2025-04-23	2491058	3	3	Complete Genome	2019-06-06		3	32							2368	Staphylococcus epidermidis	99.68	
ASM609449v1	GCF_006094495.1	GCA_006094495.1	Priestia megaterium NBRC 15308 = ATCC 14581	1348623		ATCC 14581					GCF_006094495.1-RS_2025_05_17	2025-05-17	5746548	7	7	Complete Genome	2019-06-06		7	38							6007	Bacillus megaterium	96.6	4.5
ASM3447892v1	GCF_034478925.1	GCA_034478925.1	Bacillus licheniformis	1402		ATCC 14580					GCF_034478925.1-RS_2025_03_02	2025-03-02	4227253	1	1	Complete Genome	2023-12-19		1	46							4384	Bacillus licheniformis	98.5	0.83
ASM1904864v1	GCF_019048645.1	GCA_019048645.1	Streptococcus mutans	1309		FDAARGOS 1458					GCF_019048645.1-RS_2025_07_20	2025-07-20	2019345	1	1	Complete Genome	2021-06-28		1	37							2011	Streptococcus mutans	99.57	0.41
ASM1602737v1	GCF_016027375.1	GCA_016027375.1	Clostridium perfringens	1502		FDAARGOS_903					GCF_016027375.1-RS_2024_10_16	2024-10-16	3355233	2	2	Complete Genome	2020-12-14		2	28.5							3062	Clostridium perfringens	96.42	3.85
ASM2281156v1	GCF_022811565.1	GCA_022811565.1	Paenibacillus polymyxa ATCC 842	1036171		ATCC 842					GCF_022811565.1-RS_2025_04_21	2025-04-21	5967522	2	2	Complete Genome	2022-04-04		2	45							5448	Paenibacillus	99.5	0.58
45709_F01	GCF_900475625.1	GCA_900475625.1	Levilactobacillus brevis	1580		NCTC13768					GCF_900475625.1-RS_2025_04_07	2025-04-07	2494328	1	1	Complete Genome	2018-06-17		1	46							2471	Lactobacillus brevis	98.13	5.03
ASM83290v1	GCF_000832905.1	GCA_000832905.1	Heyndrickxia coagulans DSM 1 = ATCC 7050	1121088		ATCC 7050					GCF_000832905.1-RS_2025_04_07	2025-04-07	3366995	1	1	Complete Genome	2015-02-05		1	47							3354	Bacillus coagulans	97.62	0.6
ASM1444v1	GCF_000014445.1	GCA_000014445.1	Leuconostoc mesenteroides subsp. mesenteroides ATCC 8293	203120		ATCC 8293					GCF_000014445.1-RS_2025_04_11	2025-04-11	2075763	2	2	Complete Genome	2006-10-13		2	37.5							2101	Leuconostoc mesenteroides	98.56	0.19
ASM188892v1	GCF_001888925.1	GCA_001888925.1	Lactobacillus delbrueckii subsp. jakobsenii ZN7a-9 = DSM 26046	1217420		DSM 26046					GCF_001888925.1-RS_2025_03_05	2025-03-05	1891796	1	1	Complete Genome	2016-12-05		1	50							1948	Lactobacillus delbrueckii	98.93	1.51
ASM1602663v1	GCF_016026635.1	GCA_016026635.1	Staphylococcus pseudintermedius	283734		FDAARGOS_930					GCF_016026635.1-RS_2025_04_06	2025-04-06	2562839	1	1	Complete Genome	2020-12-14		1	37.5							2416	Staphylococcus pseudintermedius	97.82	1.78
ASM3429813v1	GCF_034298135.1	GCA_034298135.1	Lactobacillus acidophilus	1579		ATCC 4356					GCF_034298135.1-RS_2025_12_09	2025-12-09	1978847	1	1	Complete Genome	2023-12-12		1	34.5							1921	Lactobacillus acidophilus	95.66	0.26
ASM1413179v1	GCF_014131795.1	GCA_014131795.1	Clostridium butyricum	1492		DSM 10702					GCF_014131795.1-RS_2025_04_15	2025-04-15	4705596	4	4	Complete Genome	2020-08-10		4	28.5							4338	Clostridium butyricum	96.97	2.77
ASM609439v1	GCF_006094395.1	GCA_006094395.1	Staphylococcus haemolyticus	1283		ATCC 29970					GCF_006094395.1-RS_2025_05_17	2025-05-17	2572027	3	3	Complete Genome	2019-06-06		3	33							2512	Staphylococcus	98.58	
ASM1602669v1	GCF_016026695.1	GCA_016026695.1	Lactococcus garvieae	1363		FDAARGOS_929					GCF_016026695.1-RS_2024_12_13	2024-12-13	2084337	2	2	Complete Genome	2020-12-14		2	38.5							2111	Lactococcus garvieae	93.95	10.08
ASM1442v1	GCF_000014425.1	GCA_000014425.1	Lactobacillus gasseri ATCC 33323 = JCM 1131	324831		ATCC 33323					GCF_000014425.1-RS_2025_03_27	2025-03-27	1894360	1	1	Complete Genome	2006-10-13		1	35.5							1884	Lactobacillus gasseri	99.5	0.27
ASM82905v1	GCF_000829055.1	GCA_000829055.1	Lacticaseibacillus casei DSM 20011 = JCM 1134 = ATCC 393	1423732		ATCC 393					GCF_000829055.1-RS_2025_03_28	2025-03-28	2952961	3	3	Complete Genome	2013-08-14		3	48							2892	Lactobacillus casei	86.97	1.55
ASM364118v1	GCF_003641185.1	GCA_003641185.1	Lactiplantibacillus pentosus	1589		DSM 20314					GCF_003641185.1-RS_2025_12_11	2025-12-11	3671373	2	2	Complete Genome	2018-10-15		2	46.5							3357	Lactobacillaceae	99.35	1.88
ASM1822374v1	GCF_018223745.1	GCA_018223745.1	Clostridium beijerinckii	1520		DSM 791					GCF_018223745.1-RS_2025_03_17	2025-03-17	5950247	2	2	Complete Genome	2021-05-02		2	30							5343	Clostridium beijerinckii	91.8	6.46
40295_D02	GCF_900474615.1	GCA_900474615.1	Mammaliicoccus sciuri	1296		NCTC12103					GCF_900474615.1-RS_2025_12_12	2025-12-12	2811859	1	1	Complete Genome	2018-06-18		1	32.5							2797	Staphylococcaceae	98.2	3.01
ASM410184v1	GCF_004101845.1	GCA_004101845.1	Latilactobacillus curvatus JCM 1096 = DSM 20019	1293592		DSM 20019					GCF_004101845.1-RS_2025_04_27	2025-04-27	1916521	2	2	Complete Genome	2019-01-22		2	42							1992	Lactobacillaceae	98.69	0.74
ASM270679v1	GCF_002706795.1	GCA_002706795.1	Brevibacillus laterosporus DSM 25	1121121		DSM 25					GCF_002706795.1-RS_2025_03_05	2025-03-05	5400144	1	1	Complete Genome	2017-10-25		1	40.5							5002	Brevibacillus laterosporus	99.24	2.53
42197_F01	GCF_900636475.1	GCA_900636475.1	Streptococcus anginosus	1328		NCTC10713					GCF_900636475.1-RS_2025_12_13	2025-12-13	1953654	1	1	Complete Genome	2018-12-20		1	38.5							1939	Streptococcus anginosus	99.27	0.08
46338_H01	GCF_900637025.1	GCA_900637025.1	Streptococcus oralis ATCC 35037	655813		NCTC 11427					GCF_900637025.1-RS_2025_03_16	2025-03-16	1931548	1	1	Complete Genome	2018-12-20		1	41.5							1871	Streptococcus oralis	98.81	0.09
ASM22746v1	GCF_000227465.1	GCA_000227465.1	Bacillus spizizenii TU-B-10	1052585		TU-B-10					GCF_000227465.1-RS_2025_09_13	2025-09-13	4207222	1	1	Complete Genome	2011-10-05		1	44							4301	Bacillus	98.29	0.29
ASM3447930v1	GCF_034479305.1	GCA_034479305.1	Shouchella clausii	79880		ATCC 700160					GCF_034479305.1-RS_2025_12_10	2025-12-10	4498248	1	1	Complete Genome	2023-12-19		1	44.5							4464	Bacillaceae	99.35	0.67
ASM23692v1	GCF_000236925.1	GCA_000236925.1	Staphylococcus argenteus	985002		MSHR1132					GCF_000236925.1-RS_2025_12_11	2025-12-11	2787638	2	2	Complete Genome	2011-11-10		2	32.5							2692	Staphylococcus	99.03	0.08
ASM298211v1	GCF_002982115.1	GCA_002982115.1	Lysinibacillus sphaericus	1421		DSM 28					GCF_002982115.1-RS_2025_08_25	2025-08-25	4681723	1	1	Complete Genome	2018-03-08		1	37.5							4635	Lysinibacillus	88.16	9.38
ASM1586v1	GCF_000015865.1	GCA_000015865.1	Acetivibrio thermocellus ATCC 27405	203119		ATCC 27405					GCF_000015865.1-RS_2025_08_23	2025-08-23	3843301	1	1	Complete Genome	2007-02-14		1	39							3405	Clostridium thermocellum	98.29	1.32
DSM6717	GCF_040739365.1	GCA_040739365.1	Staphylococcus capitis subsp. urealyticus	74703		DSM 6717					GCF_040739365.1-RS_2024_07_17	2024-07-17	2497742	3	3	Complete Genome	2024-07-18		3	33							2450	Staphylococcus	99.44	0.08
ASM281375v1	GCF_002813755.1	GCA_002813755.1	Enterococcus mundtii	53346		DSM 4838					GCF_002813755.1-RS_2025_03_05	2025-03-05	3504528	2	2	Complete Genome	2017-12-07		2	38							3282	Enterococcus	99.1	1.38
ASM1012v1	GCF_000010125.1	GCA_000010125.1	Staphylococcus saprophyticus subsp. saprophyticus ATCC 15305 = NCTC 7292	342451		ATCC 15305					GCF_000010125.1-RS_2024_12_11	2024-12-11	2577899	3	3	Complete Genome	2005-08-20		3	33							2545	Staphylococcus	99.14	0.22
42925_G01	GCF_900475505.1	GCA_900475505.1	Streptococcus sanguinis	1305		NCTC7863					GCF_900475505.1-RS_2024_12_22	2024-12-22	2296927	1	1	Complete Genome	2018-06-17		1	43.5							2254	Streptococcus sanguinis	99.45	0.15
46837_E02	GCF_900637055.1	GCA_900637055.1	Brevibacillus brevis	1393		NCTC2611					GCF_900637055.1-RS_2025_12_12	2025-12-12	6726998	1	1	Complete Genome	2018-12-20		1	47.5							6535	Brevibacillus	97.72	4.3
ASM1991602v1	GCF_019916025.1	GCA_019916025.1	Paraclostridium bifermentans	1490		DSM 14991					GCF_019916025.1-RS_2025_12_13	2025-12-13	3566216	5	5	Complete Genome	2021-09-09		5	28.5							3533	Peptostreptococcaceae	98.9	0.88
ASM2859612v1	GCF_028596125.1	GCA_028596125.1	Listeria innocua	1642		ATCC 33090					GCF_028596125.1-RS_2025_03_23	2025-03-23	2887185	2	2	Complete Genome	2023-02-12		2	37.5							2898	Listeria	99.15	0.36
ASM1904694v1	GCF_019046945.1	GCA_019046945.1	Streptococcus gordonii	1302		FDAARGOS 1454					GCF_019046945.1-RS_2025_07_20	2025-07-20	2187618	1	1	Complete Genome	2021-06-28		1	40.5							2127	Streptococcus	99.81	
ASM1831425v1	GCF_018314255.1	GCA_018314255.1	Lentilactobacillus buchneri	1581		ATCC 4005					GCF_018314255.1-RS_2025_05_22	2025-05-22	2537205	2	2	Complete Genome	2021-05-10		2	44.5							2462	Lactobacillaceae	98.76	
ASM97370v1	GCF_000973705.1	GCA_000973705.1	Clostridium sporogenes	1509		NCIMB 10696					GCF_000973705.1-RS_2025_03_28	2025-03-28	4141984	1	1	Complete Genome	2015-04-20		1	28							3884	Clostridium sporogenes	95.65	2.32
44343_G01	GCF_900475595.1	GCA_900475595.1	Streptococcus uberis	1349		NCTC3858					GCF_900475595.1-RS_2025_12_13	2025-12-13	1975601	1	1	Complete Genome	2018-06-17		1	36.5							1993	Streptococcus	99.03	
46931_F01	GCF_900475975.1	GCA_900475975.1	Streptococcus intermedius	1338		NCTC11324					GCF_900475975.1-RS_2025_12_13	2025-12-13	1932951	1	1	Complete Genome	2018-06-17		1	37.5							1923	Streptococcus intermedius	99.45	0.14
ASM983137v1	GCF_009831375.1	GCA_009831375.1	Mediterraneibacter gnavus ATCC 29149	411470		ATCC 29149					GCF_009831375.1-RS_2025_12_13	2025-12-13	3549191	1	1	Complete Genome	2020-01-06		1	43							3564	Ruminococcus gnavus	98.61	0.75
ASM224364v1	GCF_002243645.1	GCA_002243645.1	Peribacillus simplex NBRC 15720 = DSM 1321	1349754		DSM 1321					GCF_002243645.1-RS_2025_03_13	2025-03-13	5645783	1	1	Complete Genome	2017-08-08		1	40							5485	Bacillaceae	99.03	0.65
ASM358468v1	GCF_003584685.1	GCA_003584685.1	Lactobacillus paragasseri	2107999		JCM 5343					GCF_003584685.1-RS_2025_03_31	2025-03-31	1937632	1	1	Complete Genome	2018-06-21		1	35							1883	Lactobacillus	99.27	0.16
ASM170098v1	GCF_001700985.1	GCA_001700985.1	Parageobacillus thermoglucosidasius	1426		Wild Type					GCF_001700985.1-RS_2025_05_13	2025-05-13	4004923	3	3	Complete Genome	2016-08-09		3	44							4041	Bacillales	98.51	0.37
ASM161095v1	GCF_001610955.1	GCA_001610955.1	Geobacillus thermoleovorans	33941		KCTC 3570					GCF_001610955.1-RS_2025_11_23	2025-11-23	3499317	2	2	Complete Genome	2016-04-05		2	52.5							3623	Geobacillus	99.37	1.14
ASM1050887v1	GCF_010508875.1	GCA_010508875.1	Flavonifractor plautii	292800		JCM 32125					GCF_010508875.1-RS_2025_04_02	2025-04-02	3985392	1	1	Complete Genome	2020-02-13		1	61							3986	Ruminococcaceae	98.14	2.55
ASM1672500v1	GCF_016725005.1	GCA_016725005.1	Streptococcus constellatus	76860		FDAARGOS_1156					GCF_016725005.1-RS_2025_12_11	2025-12-11	1903262	1	1	Complete Genome	2021-01-20		1	38							1896	Streptococcus	99.24	0.19
ASM76351v1	GCF_000763515.1	GCA_000763515.1	Listeria ivanovii subsp. ivanovii	202751		WSLC 3010					GCF_000763515.1-RS_2025_12_10	2025-12-10	2919548	1	1	Complete Genome	2014-10-06		1	37							2904	Listeria	99.67	0.04
ASM16467v2	GCF_000164675.2	GCA_000164675.2	Streptococcus parasanguinis ATCC 15912	760570		ATCC 15912					GCF_000164675.2-RS_2024_12_22	2024-12-22	2153652	1	1	Complete Genome	2011-06-10		1	41.5							2050	Streptococcus parasanguinis	99.15	0.25
41594_C01	GCF_900474605.1	GCA_900474605.1	Enterococcus cecorum	44008		NCTC12421					GCF_900474605.1-RS_2024_12_09	2024-12-09	2421598	1	1	Complete Genome	2018-06-18		1	36.5							2458	Enterococcus	94.9	0.8
42912_C01	GCF_900636575.1	GCA_900636575.1	Streptococcus canis	1329		NCTC12191					GCF_900636575.1-RS_2025_12_13	2025-12-13	2084744	1	1	Complete Genome	2018-12-20		1	40							2064	Streptococcus	99.54	
ASM1602879v1	GCF_016028795.1	GCA_016028795.1	Macrococcoides caseolyticum	69966		FDAARGOS_868					GCF_016028795.1-RS_2025_12_11	2025-12-11	2170973	2	2	Complete Genome	2020-12-14		2	36.5							2320	Staphylococcaceae	92.31	1.03
48903_D01	GCF_900186885.1	GCA_900186885.1	Veillonella parvula	29466		NCTC11810					GCF_900186885.1-RS_2024_12_16	2024-12-16	2132142	1	1	Complete Genome	2017-08-15		1	38.5							1910	Veillonella parvula	98.49	0.52
ASM708v1	GCF_000007085.1	GCA_000007085.1	Caldanaerobacter subterraneus subsp. tengcongensis MB4	273068		MB4					GCF_000007085.1-RS_2024_12_09	2024-12-09	2689445	1	1	Complete Genome	2002-05-16		1	37.5							2728	Thermoanaerobacteraceae	99.48	
ASM148472v1	GCF_001484725.1	GCA_001484725.1	Clostridium autoethanogenum DSM 10061	1341692		DSM 10061					GCF_001484725.1-RS_2025_03_28	2025-03-28	4352446	1	1	Complete Genome	2016-01-04		1	31							4049	Clostridium	98.76	1.86
ASM301049v1	GCF_003010495.1	GCA_003010495.1	Megasphaera elsdenii DSM 20460	1064535		ATCC 25940					GCF_003010495.1-RS_2024_12_22	2024-12-22	2478942	1	1	Complete Genome	2018-03-19		1	53							2339	Megasphaera elsdenii	98.17	0.81
ASM1026v1	GCF_000010265.1	GCA_000010265.1	Clostridium kluyveri NBRC 12016	583346		NBRC 12016					GCF_000010265.1-RS_2025_04_10	2025-04-10	3955303	2	2	Complete Genome	2009-01-09		2	32							3931	Clostridium kluyveri	98.13	0.83
ASM18793v2	GCF_000187935.1	GCA_000187935.2	Streptococcus parauberis NCFD 2020	873447		NCFD 2020					GCF_000187935.1-RS_2025_07_24	2025-07-24	2164480	1	1	Complete Genome	2011-03-25	AEUT02	1	35.5							2198	Streptococcus parauberis	97.63	1.45
ASM2165445v1	GCF_021654455.1	GCA_021654455.1	Streptococcus parasuis	1501662		SUT-286					GCF_021654455.1-RS_2025_03_13	2025-03-13	2197342	1	1	Complete Genome	2021-12-28		1	40							2209	Streptococcus	99.52	0.77
ASM270674v1	GCF_002706745.1	GCA_002706745.1	Companilactobacillus farciminis KCTC 3681 = DSM 20184	936140		DSM 20184					GCF_002706745.1-RS_2025_03_05	2025-03-05	2551839	1	1	Complete Genome	2017-10-25		1	36.5							2552	Lactobacillaceae	99.13	3.27
ASM1231718v1	GCF_012317185.1	GCA_012317185.1	[Clostridium] innocuum	1522		ATCC 14501					GCF_012317185.1-RS_2025_02_23	2025-02-23	4718906	1	1	Complete Genome	2020-04-15		1	43.5							4626	Clostridium	88.23	3.78
ASM17963v2	GCF_000179635.2	GCA_000179635.2	Ruminococcus albus 7 = DSM 20455	697329		7					GCF_000179635.2-RS_2025_03_12	2025-03-12	4482087	5	5	Complete Genome	2010-12-23		5	43.5							4143	Ruminococcus albus	97.25	0.96
ASM2192v1	GCF_000021925.1	GCA_000021925.1	Desulfitobacterium hafniense DCB-2	272564		DCB-2					GCF_000021925.1-RS_2025_03_27	2025-03-27	5279134	1	1	Complete Genome	2009-01-05		1	47.5							5031	Clostridiales	99.12	6.14
ASM429512v1	GCF_004295125.1	GCA_004295125.1	[Clostridium] scindens ATCC 35704	411468		ATCC 35704					GCF_004295125.1-RS_2025_12_13	2025-12-13	3658040	1	1	Complete Genome	2019-02-25		1	46							3774	Lachnospiraceae	99.38	1.32
ASM270642v1	GCF_002706425.1	GCA_002706425.1	Loigolactobacillus coryniformis subsp. coryniformis KCTC 3167 = DSM 20001	913848		DSM 20001					GCF_002706425.1-RS_2025_04_27	2025-04-27	2951508	1	1	Complete Genome	2017-10-25		1	43							2866	Lactobacillaceae	98.35	4.6
ASM14561v1	GCF_000145615.1	GCA_000145615.1	Thermoanaerobacterium thermosaccharolyticum DSM 571	580327		DSM 571					GCF_000145615.1-RS_2025_04_07	2025-04-07	2785752	1	1	Complete Genome	2010-08-13		1	34							2817	Thermoanaerobacterium thermosaccharolyticum	96.68	1.2
ASM80767v2	GCF_000807675.2	GCA_000807675.2	Eubacterium limosum	1736		ATCC 8486					GCF_000807675.2-RS_2025_04_12	2025-04-12	4422837	1	1	Complete Genome	2017-04-03		1	47							4223	Eubacterium	99.36	
ASM2514928v1	GCF_025149285.1	GCA_025149285.1	Hungatella hathewayi	154046		DSM 13479					GCF_025149285.1-RS_2025_06_16	2025-06-16	6931886	1	1	Complete Genome	2022-09-12		1	48							6342	Lachnospiraceae	99.06	1.43
ASM185664v1	GCF_001856645.1	GCA_001856645.1	Clostridium pasteurianum DSM 525 = ATCC 6013	1262449		ATCC 6013					GCF_001856645.1-RS_2025_03_05	2025-03-05	4352852	1	1	Complete Genome	2016-10-31		1	30							4129	Clostridium pasteurianum	98.54	0.81
ASM1066920v1	GCF_010669205.1	GCA_010669205.1	Blautia producta ATCC 27340 = DSM 2950	1121114		JCM 1471					GCF_010669205.1-RS_2025_12_13	2025-12-13	6197116	1	1	Complete Genome	2020-02-17		1	45.5							5812	Blautia producta	96.64	6.93
Roseburia intestinalis strain L1-82	GCF_900537995.1	GCA_900537995.1	Roseburia intestinalis L1-82	536231		L1-82					GCF_900537995.1-RS_2025_12_13	2025-12-13	4493348	1	1	Complete Genome	2019-02-27		1	42.5							4207	Roseburia	91.07	10.59
ASM360626v1	GCF_003606265.1	GCA_003606265.1	Clostridium septicum	1504		DSM 7534					GCF_003606265.1-RS_2025_04_13	2025-04-13	3404718	2	2	Complete Genome	2018-10-01		2	28							3247	Clostridium	98.51	
ASM168762v2	GCF_001687625.2	GCA_001687625.2	Planococcus maritimus	192421		DSM 17275					GCF_001687625.2-RS_2025_03_05	2025-03-05	3280721	1	1	Complete Genome	2016-11-01		1	47							3275	Planococcus	85.43	6.59
ASM81608v1	GCF_000816085.1	GCA_000816085.1	Staphylococcus hyicus	1284		ATCC 11249					GCF_000816085.1-RS_2025_12_09	2025-12-09	2472129	1	1	Complete Genome	2015-01-07		1	35.5							2403	Staphylococcus	98.94	1.88
ASM154320v1	GCF_001543205.1	GCA_001543205.1	Aerococcus urinaeequi	51665		CCUG28094					GCF_001543205.1-RS_2025_03_31	2025-03-31	2013339	1	1	Complete Genome	2016-02-01		1	39.5							1867	Aerococcus	93.4	6.06
ASM154328v1	GCF_001543285.1	GCA_001543285.1	Aerococcus viridans	1377		CCUG4311					GCF_001543285.1-RS_2025_03_31	2025-03-31	2199877	1	1	Complete Genome	2016-02-01		1	39.5							2075	Aerococcus	98.03	0.66
52756_G01	GCF_900637905.1	GCA_900637905.1	Parvimonas micra	33033		NCTC11808					GCF_900637905.1-RS_2025_08_25	2025-08-25	1677398	1	1	Complete Genome	2018-12-20		1	28.5							1603	Bacteria	100	
ASM1612725v1	GCF_016127255.1	GCA_016127255.1	Leuconostoc pseudomesenteroides	33968		FDAARGOS_1003					GCF_016127255.1-RS_2025_04_15	2025-04-15	2114657	1	1	Complete Genome	2020-12-20		1	39							2134	Leuconostoc	98.76	0.68
ASM1612727v1	GCF_016127275.1	GCA_016127275.1	Streptococcus infantarius	102684		FDAARGOS_1019					GCF_016127275.1-RS_2025_12_13	2025-12-13	1958742	1	1	Complete Genome	2020-12-20		1	37.5							2021	Streptococcus infantarius	96.86	1.18
ASM2232v1	GCF_000022325.1	GCA_000022325.1	Caldicellulosiruptor bescii DSM 6725	521460		DSM 6725					GCF_000022325.1-RS_2025_12_13	2025-12-13	2931662	3	3	Complete Genome	2009-02-04		3	35							2846	Caldicellulosiruptor	99.58	0.89
42727_F01	GCF_900475445.1	GCA_900475445.1	Streptococcus cristatus ATCC 51100	889201		NCTC 12479					GCF_900475445.1-RS_2025_12_13	2025-12-13	2000351	1	1	Complete Genome	2018-06-17		1	42.5							1970	Streptococcus	99.61	
ASM2714v1	GCF_000027145.1	GCA_000027145.1	Listeria seeligeri serovar 1/2b str. SLCC3954	683837		SLCC3954					GCF_000027145.1-RS_2025_12_12	2025-12-12	2797636	1	1	Complete Genome	2010-02-18		1	37.5							2790	Listeria	99.68	
ASM411709v1	GCF_004117095.1	GCA_004117095.1	Paenibacillus chitinolyticus	79263		KCCM 41400					GCF_004117095.1-RS_2025_12_10	2025-12-10	6509090	1	1	Complete Genome	2019-01-29		1	52.5							5994	Paenibacillus	99.61	0.19
AgR_BfibD1_NP	GCF_037113525.1	GCA_037113525.1	Butyrivibrio fibrisolvens	831		D1					GCF_037113525.1-RS_2024_07_14	2024-07-14	4934347	3	3	Complete Genome	2024-04-05		3	39.5							4215	Butyrivibrio fibrisolvens	93.63	8.29
ASM126743v1	GCF_001267435.1	GCA_001267435.1	Neomoorella thermoacetica	1525		DSM 2955					GCF_001267435.1-RS_2025_06_01	2025-06-01	2623349	1	1	Complete Genome	2015-08-13		1	56							2689	Moorella	96.15	0.49
ASM1602827v1	GCF_016028275.1	GCA_016028275.1	Staphylococcus carnosus	1281		FDAARGOS_883					GCF_016028275.1-RS_2025_12_13	2025-12-13	2571374	1	1	Complete Genome	2020-12-14		1	34.5							2538	Staphylococcus	99.47	0.42
ASM1993100v1	GCF_019931005.1	GCA_019931005.1	Granulicatella adiacens	46124		FDAARGOS_1477					GCF_019931005.1-RS_2025_08_25	2025-08-25	1965420	1	1	Complete Genome	2021-09-12		1	38							1946	Granulicatella	99.41	0.06
ASM870517v1	GCF_008705175.1	GCA_008705175.1	Clostridium diolis	223919		DSM 15410					GCF_008705175.1-RS_2025_03_28	2025-03-28	5940808	1	1	Complete Genome	2019-09-24		1	30							5296	Clostridium	98.76	0.62
ASM1066922v1	GCF_010669225.1	GCA_010669225.1	Megamonas funiformis	437897		JCM 14723					GCF_010669225.1-RS_2025_04_02	2025-04-02	2568766	2	2	Complete Genome	2020-02-17		2	31.5							2587	Megamonas	99.49	0.39
ASM1066924v1	GCF_010669245.1	GCA_010669245.1	Pseudolactococcus raffinolactis	1366		KACC 13441					GCF_010669245.1-RS_2025_06_08	2025-06-08	2295672	1	1	Complete Genome	2020-02-17		1	39.5							2312	Streptococcaceae	97.82	2.07
ASM20840v1	GCF_000208405.1	GCA_000208405.1	Selenomonas sputigena ATCC 35185	546271		ATCC 35185					GCF_000208405.1-RS_2025_12_09	2025-12-09	2568361	1	1	Complete Genome	2011-04-21		1	57							2385	Selenomonas sputigena	98.75	0.18
ASM317299v1	GCF_003172995.1	GCA_003172995.1	Streptococcus sobrinus	1310		SL1					GCF_003172995.1-RS_2025_03_29	2025-03-29	2198571	1	1	Complete Genome	2018-05-27		1	43.5							2141	Streptococcus	99.13	0.26
ASM34088v1	GCF_000340885.1	GCA_000340885.1	Clostridium saccharoperbutylacetonicum N1-4(HMT)	931276		N1-4(HMT)					GCF_000340885.1-RS_2025_04_11	2025-04-11	6666445	2	2	Complete Genome	2013-02-19		2	29.5							6004	Clostridium	99.38	2.8
ASM2514978v1	GCF_025149785.1	GCA_025149785.1	Coprococcus comes ATCC 27758	470146		ATCC 27758					GCF_025149785.1-RS_2025_02_27	2025-02-27	3373066	1	1	Complete Genome	2022-09-12		1	42.5							3297	Coprococcus	97.88	3.03
ASM161868v1	GCF_001618685.1	GCA_001618685.1	Geobacillus subterraneus	129338		KCTC3922(T)					GCF_001618685.1-RS_2025_03_03	2025-03-03	3474426	1	1	Complete Genome	2016-04-12		1	52							3499	Geobacillus	98.56	0.37
ASM362875v1	GCF_003628755.1	GCA_003628755.1	Christensenella minuta	626937		DSM 22607					GCF_003628755.1-RS_2025_12_11	2025-12-11	2969292	1	1	Complete Genome	2018-10-11		1	51.5							2895	Clostridia	99.09	
ASM1602829v1	GCF_016028295.1	GCA_016028295.1	Staphylococcus auricularis	29379		FDAARGOS_882					GCF_016028295.1-RS_2025_12_13	2025-12-13	2216575	1	1	Complete Genome	2020-12-14		1	37.5							2138	Staphylococcus	95.67	1.36
ASM1304682v1	GCF_013046825.1	GCA_013046825.1	Turicibacter sanguinis	154288		MOL361					GCF_013046825.1-RS_2025_12_12	2025-12-12	2999687	1	1	Complete Genome	2020-05-12		1	34.5							2919	Turicibacter	95.65	3.29
ASM815178v1	GCF_008151785.1	GCA_008151785.1	Peptacetobacter hiranonis	89152		DSM 13275					GCF_008151785.1-RS_2025_12_13	2025-12-13	2521899	1	1	Complete Genome	2019-08-30		1	31.5							2359	Peptostreptococcaceae	99.34	0.33
45473_D02	GCF_900475675.1	GCA_900475675.1	Streptococcus lutetiensis	150055		NCTC13774					GCF_900475675.1-RS_2025_12_09	2025-12-09	1793521	1	1	Complete Genome	2018-06-17		1	37.5							1827	Streptococcus	98.97	0.06
ASM103862v1	GCF_001038625.1	GCA_001038625.1	Clostridium carboxidivorans P7	536227		P7					GCF_001038625.1-RS_2025_04_12	2025-04-12	5752782	2	2	Complete Genome	2015-06-24		2	30							5291	Clostridium	99.38	3.42
ASM411705v1	GCF_004117055.1	GCA_004117055.1	Brevibacillus agri	51101		DSM 6348					GCF_004117055.1-RS_2025_04_08	2025-04-08	5374818	1	1	Complete Genome	2019-01-29		1	53.5							5349	Brevibacillus	91.95	6.23
ASM105011v1	GCF_001050115.1	GCA_001050115.1	Bacillus smithii	1479		DSM 4216					GCF_001050115.1-RS_2025_04_26	2025-04-26	3381292	2	2	Complete Genome	2015-07-08		2	41							3174	Bacillus	98.67	0.29
ASM2245368v1	GCF_022453685.1	GCA_022453685.1	Agathobacter rectalis	39491		VPI 0990					GCF_022453685.1-RS_2025_12_13	2025-12-13	3451485	1	1	Complete Genome	2022-03-03		1	41.5							3381	Lachnospiraceae	98.44	
ASM2515024v1	GCF_025150245.1	GCA_025150245.1	Dorea formicigenerans	39486		ATCC 27755					GCF_025150245.1-RS_2025_04_07	2025-04-07	3188304	1	1	Complete Genome	2022-09-12		1	41							3120	Dorea	99.03	0.46
ASM1990v1	GCF_000019905.1	GCA_000019905.1	Exiguobacterium artemiae 255-15	262543		255-15					GCF_000019905.1-RS_2025_08_05	2025-08-05	3040786	3	3	Complete Genome	2008-04-03		3	47.5							3157	Exiguobacterium sibiricum	98.86	1.11
54984_A01	GCF_900638015.1	GCA_900638015.1	Listeria grayi	1641		NCTC 10812					GCF_900638015.1-RS_2025_12_13	2025-12-13	2751104	1	1	Complete Genome	2018-12-20		1	41.5							2747	Listeria	83.76	6.25
SBR5(T)	GCF_000981585.1	GCA_000981585.1	Paenibacillus riograndensis SBR5	1073571					SBR5(T)		GCF_000981585.1-RS_2025_12_11	2025-12-11	7919576	1	1	Complete Genome	2015-04-11		1	51							6824	Paenibacillus	98.56	1.87
ASM2514812v1	GCF_025148125.1	GCA_025148125.1	Blautia wexlerae DSM 19850	1121115		DSM 19850					GCF_025148125.1-RS_2025_02_27	2025-02-27	4685728	1	1	Complete Genome	2022-09-12		1	41.5							4454	Blautia wexlerae	98.67	1.85
ASM2514896v1	GCF_025148965.1	GCA_025148965.1	Intestinibacter bartlettii	261299		DSM 16795					GCF_025148965.1-RS_2025_03_25	2025-03-25	3006269	1	1	Complete Genome	2022-09-12		1	29							2790	Peptostreptococcaceae	100	
ASM2514776v1	GCF_025147765.1	GCA_025147765.1	Blautia obeum ATCC 29174	411459		ATCC 29174					GCF_025147765.1-RS_2025_04_07	2025-04-07	3649956	1	1	Complete Genome	2022-09-12		1	41.5							3504	Blautia	97.34	1.38
ASM2428v1	GCF_000024285.1	GCA_000024285.1	Alicyclobacillus acidocaldarius subsp. acidocaldarius DSM 446	521098		DSM 446					GCF_000024285.1-RS_2025_11_20	2025-11-20	3205686	4	4	Complete Genome	2009-09-09		4	62							3219	Alicyclobacillus acidocaldarius	99.14	0.59
ASM1807536v1	GCF_018075365.1	GCA_018075365.1	Virgibacillus pantothenticus	1473		DSM 26					GCF_018075365.1-RS_2025_04_27	2025-04-27	4761851	1	1	Complete Genome	2021-04-19		1	37.5							4434	Bacillaceae	99.1	1.31
ASM118759v1	GCF_001187595.1	GCA_001187595.1	Anoxybacillus gonensis	198467		G2					GCF_001187595.1-RS_2025_03_28	2025-03-28	2803668	1	1	Complete Genome	2015-07-27		1	41.5							2984	Anoxybacillus	98.94	1.67
ASM301291v1	GCF_003012915.1	GCA_003012915.1	Staphylococcus felis	46127		ATCC 49168					GCF_003012915.1-RS_2025_04_27	2025-04-27	2479423	1	1	Complete Genome	2018-03-21		1	35							2380	Staphylococcus	97.96	2.99
ASM189112v1	GCF_001891125.1	GCA_001891125.1	Leuconostoc suionicum	1511761		DSM 20241					GCF_001891125.1-RS_2024_12_23	2024-12-23	2048833	2	2	Complete Genome	2016-12-08		2	37.5							2067	Leuconostoc	98.66	0.55
ASM1138719v1	GCF_011387195.1	GCA_011387195.1	Streptococcus ruminicola	2686210		CNU_G2					GCF_011387195.1-RS_2025_03_28	2025-03-28	2046950	2	2	Complete Genome	2020-03-17		2	37.5							2058	Streptococcus	99.87	0.45
ASM176154v1	GCF_001761545.1	GCA_001761545.1	Weissella soli	155866		KACC 11848					GCF_001761545.1-RS_2025_03_05	2025-03-05	1683184	1	1	Complete Genome	2016-10-13		1	43.5							1634	Weissella	98.03	2
SOV	GCF_000445445.2	GCA_000445445.2	Sporomusa ovata DSM 2662	1123288		DSM 2662					GCF_000445445.2-RS_2025_04_05	2025-04-05	5433971	1	1	Complete Genome	2024-04-05		1	43.5							5405	Selenomonadales	100	3.55
ASM2267424v1	GCF_022674245.1	GCA_022674245.1	Alicyclobacillus acidoterrestris	1450		DSM 3922					GCF_022674245.1-RS_2025_12_09	2025-12-09	4346939	2	2	Complete Genome	2022-03-22		2	52							4370	Alicyclobacillus	98.61	7.5
ASM412431v2	GCF_004124315.2	GCA_004124315.2	Bacillus cabrialesii	2487276		TE3					GCF_004124315.2-RS_2025_05_18	2025-05-18	4125766	1	1	Complete Genome	2022-05-09		1	44							4224	Bacillus	98.79	
ASM2909454v1	GCF_029094545.1	GCA_029094545.1	Alkalihalophilus pseudofirmus	79885		DSM 8715					GCF_029094545.1-RS_2025_07_08	2025-07-08	4239319	2	2	Complete Genome	2023-03-09		2	40							4392	Bacillaceae	99.14	1.45
ASM168758v2	GCF_001687585.2	GCA_001687585.2	Planococcus halocryophilus	1215089		DSM 24743					GCF_001687585.2-RS_2025_03_05	2025-03-05	3424893	1	1	Complete Genome	2016-11-01		1	40							3397	Planococcus	93.68	5.81
ASM4129557v1	GCF_041295575.1	GCA_041295575.1	Sporosarcina pasteurii	1474		DSM 33					GCF_041295575.1-RS_2024_11_20	2024-11-20	3298318	1	1	Complete Genome	2024-08-16		1	39							3213	Sporosarcina	87.2	6.57
ASM1612747v1	GCF_016127475.1	GCA_016127475.1	Anaerococcus vaginalis	33037		FDAARGOS_988					GCF_016127475.1-RS_2025_12_09	2025-12-09	1893964	1	1	Complete Genome	2020-12-20		1	29							1798	Anaerococcus	99.88	0.04
ASM1839405v1	GCF_018394055.1	GCA_018394055.1	Weissella ceti	759620		CECT 7719					GCF_018394055.1-RS_2025_12_09	2025-12-09	1505791	1	1	Complete Genome	2021-05-18		1	40.5							1577	Weissella	98.14	0.09
ASM47399v1	GCF_000473995.1	GCA_000473995.1	Clostridium saccharobutylicum DSM 13864	1345695		DSM 13864					GCF_000473995.1-RS_2025_04_11	2025-04-11	5107814	1	1	Complete Genome	2013-10-18		1	28.5							4549	Clostridium	98.76	0.62
ASM14368v1	GCF_000143685.1	GCA_000143685.1	Clostridium ljungdahlii DSM 13528	748727		DSM 13528					GCF_000143685.1-RS_2025_04_11	2025-04-11	4630065	1	1	Complete Genome	2010-07-12		1	31							4342	Clostridium	98.76	1.86
ASM3632347v1	GCF_036323475.1	GCA_036323475.1	Solobacterium moorei	102148		JCM10645					GCF_036323475.1-RS_2025_04_02	2025-04-02	2615268	1	1	Complete Genome	2023-10-05		1	37							2616	Solobacterium moorei	99.05	9.5
51184_A01	GCF_900637515.1	GCA_900637515.1	Veillonella dispar	39778		NCTC11831					GCF_900637515.1-RS_2025_04_07	2025-04-07	2116915	1	1	Complete Genome	2018-12-20		1	39							1984	Veillonella	99.95	0.05
ASM154310v1	GCF_001543105.1	GCA_001543105.1	Aerococcus christensenii	87541		CCUG28831					GCF_001543105.1-RS_2025_03_03	2025-03-03	1634920	1	1	Complete Genome	2016-02-01		1	39							1596	Aerococcus	75.09	2.99
ASM3309646v1	GCF_033096465.1	GCA_033096465.1	Blautia luti	89014		JCM 17040					GCF_033096465.1-RS_2025_02_27	2025-02-27	3741599	1	1	Complete Genome	2023-06-13		1	43							3496	Blautia	99.23	0.73
ASM22534v1	GCF_000225345.1	GCA_000225345.1	Roseburia hominis A2-183	585394		A2-183					GCF_000225345.1-RS_2025_12_13	2025-12-13	3592125	1	1	Complete Genome	2011-09-06		1	48.5							3348	Roseburia	97.48	0.86
ASM3435603v1	GCF_034356035.1	GCA_034356035.1	Blautia hydrogenotrophica DSM 10507	476272		DSM 10507					GCF_034356035.1-RS_2025_02_27	2025-02-27	3597785	2	2	Complete Genome	2023-12-13		2	45							3461	Blautia	99.53	0.08
ASM2515008v1	GCF_025150085.1	GCA_025150085.1	Dorea longicatena	88431		DSM 13814					GCF_025150085.1-RS_2025_02_27	2025-02-27	2919963	1	1	Complete Genome	2022-09-12		1	41.5							2810	Dorea longicatena	96.48	0.9
ASM372231v1	GCF_003722315.1	GCA_003722315.1	Thermoanaerobacter ethanolicus JW 200	509192		JW 200					GCF_003722315.1-RS_2025_11_23	2025-11-23	2911280	1	1	Complete Genome	2018-11-13		1	34							2903	Thermoanaerobacter	97.74	1.2
ASM19685v1	GCF_000196855.1	GCA_000196855.1	Leuconostoc gasicomitatum LMG 18811	762550		type strain: LMG 18811					GCF_000196855.1-RS_2025_04_08	2025-04-08	1954080	1	1	Complete Genome	2010-06-30		1	36.5							1981	Leuconostoc	99.22	
ASM2206v1	GCF_000022065.1	GCA_000022065.1	Ruminiclostridium cellulolyticum H10	394503		H10					GCF_000022065.1-RS_2025_04_07	2025-04-07	4068724	1	1	Complete Genome	2009-01-13		1	37.5							3559	Ruminococcaceae	98.76	3.26
TEGL	GCF_036812735.1	GCA_036812735.1	Terrisporobacter glycolicus ATCC 14880 = DSM 1288	1121315		DSM 1288					GCF_036812735.1-RS_2025_04_05	2025-04-05	4060596	2	2	Complete Genome	2024-04-05		2	28.5							3965	Peptostreptococcaceae	100	0.66
ASM3077033v1	GCF_030770335.1	GCA_030770335.1	Lacticaseibacillus zeae subsp. silagei	3068307		NCIMB 15474					GCF_030770335.1-RS_2025_07_31	2025-07-31	3046355	1	1	Complete Genome	2023-08-17		1	48							2835	Lactobacillaceae	98.91	0.76
ASM1472v1	GCF_000014725.1	GCA_000014725.1	Syntrophomonas wolfei subsp. wolfei str. Goettingen G311	335541		Goettingen					GCF_000014725.1-RS_2025_04_10	2025-04-10	2936195	1	1	Complete Genome	2006-09-14		1	45							2723	Syntrophomonadaceae	99.86	0.42
ASM75872v1	GCF_000758725.1	GCA_000758725.1	Paenibacillus odorifer	189426		DSM 15391					GCF_000758725.1-RS_2025_04_26	2025-04-26	6812473	1	1	Complete Genome	2014-09-22		1	44							6073	Paenibacillus	98.61	1.37
ASM224041v1	GCF_002240415.1	GCA_002240415.1	Paenibacillus kribbensis	172713		AM49					GCF_002240415.1-RS_2025_04_22	2025-04-22	5778702	1	1	Complete Genome	2017-08-03		1	47							5184	Paenibacillus	99.72	1.11
ASM2665187v1	GCF_026651875.1	GCA_026651875.1	Alicyclobacillus fastidiosus	392011		DSM 17978					GCF_026651875.1-RS_2025_08_05	2025-08-05	6035649	4	4	Complete Genome	2022-12-05		4	51							5937	Alicyclobacillus	98.2	11.62
ASM799515v1	GCF_007995155.1	GCA_007995155.1	Cytobacillus dafuensis	1742359		FJAT-25496					GCF_007995155.1-RS_2025_12_09	2025-12-09	4916069	1	1	Complete Genome	2019-08-14		1	37							4683	Bacillaceae	99.35	0.99
ASM2887747v1	GCF_028877475.1	GCA_028877475.1	Lysinibacillus irui	2998077		IRB4-01					GCF_028877475.1-RS_2025_11_23	2025-11-23	4698732	2	2	Complete Genome	2023-02-27		2	37.5							4736	Lysinibacillus	92.49	5.26
ASM2601364v1	GCF_026013645.1	GCA_026013645.1	Virgibacillus natechei	1216297		DSM 25609					GCF_026013645.1-RS_2025_11_26	2025-11-26	3867590	1	1	Complete Genome	2022-11-06		1	38.5							3885	Bacillaceae	98.32	1.61
ASM222464v1	GCF_002224645.1	GCA_002224645.1	Dehalobacterium formicoaceticum	51515		DMC					GCF_002224645.1-RS_2025_03_29	2025-03-29	3766545	1	1	Complete Genome	2017-07-24		1	43							3672	Peptococcaceae	92.54	2.61
ASM2875152v1	GCF_028751525.1	GCA_028751525.1	Alicyclobacillus cycloheptanicus	1457		SCH					GCF_028751525.1-RS_2025_12_10	2025-12-10	3617228	1	1	Complete Genome	2023-02-21		1	58.5							3458	Alicyclobacillus	95.35	3.25
ASM284439v1	GCF_002844395.1	GCA_002844395.1	Acetivibrio saccincola	1677857		GGR1					GCF_002844395.1-RS_2025_04_12	2025-04-12	3604547	1	1	Complete Genome	2017-12-18		1	35							3340	Ruminococcaceae	98.14	0.62
ASM4506107v1	GCF_045061075.1	GCA_045061075.1	Sellimonas intestinalis	1653434		JCM 30749(T)					GCF_045061075.1-RS_2024_11_21	2024-11-21	3228050	1	1	Complete Genome	2024-11-25		1	45.5							3138	Lachnospiraceae	99.38	0.62
ASM415495v1	GCF_004154955.1	GCA_004154955.1	Intestinimonas butyriciproducens	1297617		SRB-521-5-I					GCF_004154955.1-RS_2025_03_28	2025-03-28	3224506	1	1	Complete Genome	2019-02-11		1	59.5							3253	Clostridiales	98.25	
ASM1050957v1	GCF_010509575.1	GCA_010509575.1	Faecalibacterium duncaniae	411483		JCM 31915					GCF_010509575.1-RS_2025_04_30	2025-04-30	3102523	1	1	Complete Genome	2020-02-13		1	56.5							3009	Faecalibacterium	88.18	6.74
ASM379514v1	GCF_003795145.1	GCA_003795145.1	Tetragenococcus koreensis	290335		KCTC 3924					GCF_003795145.1-RS_2025_03_28	2025-03-28	2732026	2	2	Complete Genome	2018-11-19		2	37							2646	Tetragenococcus	89.81	8.74
ASM168543v3	GCF_001685435.2	GCA_001685435.3	Salimicrobium jeotgali	1230341		MJ3					GCF_001685435.2-RS_2025_04_27	2025-04-27	2776927	3	3	Complete Genome	2016-11-16		3	46.5							2849	Bacillaceae	95.78	
50305_D01	GCF_900637235.1	GCA_900637235.1	Staphylococcus condimenti	70255		NCTC13827					GCF_900637235.1-RS_2025_12_13	2025-12-13	2650496	1	1	Complete Genome	2018-12-20		1	34.5							2583	Staphylococcus	99.66	0.42
ASM301925v1	GCF_003019255.1	GCA_003019255.1	Staphylococcus kloosii	29384		ATCC 43959					GCF_003019255.1-RS_2025_12_09	2025-12-09	2639038	2	2	Complete Genome	2018-03-26		2	33							2657	Staphylococcus	99.73	1.31
ASM1405842v1	GCF_014058425.1	GCA_014058425.1	Companilactobacillus pabuli	2714036		NFFJ11					GCF_014058425.1-RS_2025_03_28	2025-03-28	2497143	2	2	Complete Genome	2020-08-04		2	35.5							2441	Lactobacillaceae	99.13	1.31
ASM360997v1	GCF_003609975.1	GCA_003609975.1	Streptococcus ruminantium	1917441		GUT-187					GCF_003609975.1-RS_2025_12_09	2025-12-09	2090539	1	1	Complete Genome	2018-04-12		1	40							1954	Streptococcus	99.65	
ASM2439779v1	GCF_024397795.1	GCA_024397795.1	Lactobacillus intestinalis	151781		DSM 6629					GCF_024397795.1-RS_2025_08_08	2025-08-08	2038712	3	3	Complete Genome	2022-07-25		3	35.5							1929	Lactobacillus	99.03	0.16
ASM1439725v1	GCF_014397255.1	GCA_014397255.1	Weissella diestrammenae	1162633		KACC 16890					GCF_014397255.1-RS_2025_03_29	2025-03-29	1659381	1	1	Complete Genome	2020-09-02		1	39.5							1664	Weissella	95.83	1.66
ASM435937v1	GCF_004359375.1	GCA_004359375.1	Acetilactobacillus jinshanensis	1720083		HSLZ-75					GCF_004359375.1-RS_2025_03_07	2025-03-07	1616430	1	1	Complete Genome	2019-03-21		1	39.5							1604	Lactobacillaceae	91.98	1.33
ASM1896652v1	GCF_018966525.1	GCA_018966525.1	Paenibacillus sophorae	1333845		DSM 23020					GCF_018966525.1-RS_2025_05_06	2025-05-06	5867720	1	1	Complete Genome	2021-06-19		1	50							5758	Paenibacillus	98.83	4.76
ASM225005v1	GCF_002250055.1	GCA_002250055.1	Sutcliffiella cohnii	33932		DSM 6307					GCF_002250055.1-RS_2025_04_27	2025-04-27	4899141	1	1	Complete Genome	2017-08-14		1	36							5002	Bacillaceae	98.9	1.72
Lweihen2.0	GCF_003534205.1	GCA_003534205.1	Listeria weihenstephanensis	1006155		WS 4560					GCF_003534205.1-RS_2025_03_05	2025-03-05	3406292	1	1	Complete Genome	2017-03-13		1	41.5							3264	Listeria	85.38	6.11
ASM1326741v1	GCF_013267415.1	GCA_013267415.1	Abiotrophia defectiva	46125		FDAARGOS_785					GCF_013267415.1-RS_2025_12_09	2025-12-09	2046826	1	1	Complete Genome	2020-06-04		1	47							1898	Aerococcaceae	95.33	1.1
42206_H01	GCF_900475415.1	GCA_900475415.1	Streptococcus porcinus	1340		NCTC10999					GCF_900475415.1-RS_2025_11_22	2025-11-22	2033046	1	1	Complete Genome	2018-06-17		1	37							2027	Streptococcus	98.46	0.39
ASM1672648v1	GCF_016726485.1	GCA_016726485.1	Peptoniphilus harei	54005		FDAARGOS_1136					GCF_016726485.1-RS_2025_12_09	2025-12-09	1929566	1	1	Complete Genome	2021-01-20		1	34							1830	Peptoniphilus	96.57	1.23
ASM75661v1	GCF_000756615.1	GCA_000756615.1	Paenibacillus durus	44251		DSM 1735					GCF_000756615.1-RS_2025_12_11	2025-12-11	6053498	2	2	Complete Genome	2014-09-22		2	51							5482	Paenibacillus	99.11	3.3
SSP	GCF_001941975.2	GCA_001941975.2	Sporomusa sphaeroides DSM 2875	1337886		DSM 2875					GCF_001941975.2-RS_2025_04_05	2025-04-05	5015343	2	2	Complete Genome	2024-04-05		2	47							4721	Selenomonadales	100	4.29
ASM23708v1	GCF_000237085.1	GCA_000237085.1	Acetivibrio clariflavus DSM 19732	720554		DSM 19732					GCF_000237085.1-RS_2025_03_28	2025-03-28	4897678	1	1	Complete Genome	2011-12-12		1	35.5							4228	Clostridium clariflavum	98.1	2.43
ASM1868v1	GCF_000018685.1	GCA_000018685.1	Lachnoclostridium phytofermentans ISDg	357809		ISDg					GCF_000018685.1-RS_2025_12_13	2025-12-13	4847594	1	1	Complete Genome	2007-11-19		1	35.5							4134	Lachnospiraceae	97.92	4.17
ASM33199v1	GCF_000331995.1	GCA_000331995.1	Thermoclostridium stercorarium subsp. stercorarium DSM 8532	1121335		DSM 8532					GCF_000331995.1-RS_2025_04_07	2025-04-07	2974379	1	1	Complete Genome	2013-01-17		1	42							2646	Ruminococcaceae	96.25	1.48
ASM1908v1	GCF_000019085.1	GCA_000019085.1	Thermoanaerobacter pseudethanolicus ATCC 33223	340099		ATCC 33223; 39E					GCF_000019085.1-RS_2025_04_22	2025-04-22	2362816	1	1	Complete Genome	2008-02-05		1	34.5							2407	Thermoanaerobacter	98.89	0.1
ASM193633v1	GCF_001936335.1	GCA_001936335.1	Amylolactobacillus amylophilus DSM 20533 = JCM 1125	1423721		DSM 20533					GCF_001936335.1-RS_2025_03_05	2025-03-05	1610352	1	1	Complete Genome	2017-01-05		1	43.5							1696	Lactobacillaceae	98.04	5.09
SPACI	GCF_002257695.2	GCA_002257695.2	Sporomusa acidovorans DSM 3132	1123286		DSM 3132					GCF_002257695.2-RS_2024_09_07	2024-09-07	5955502	1	1	Complete Genome	2024-09-08		1	44.5							5790	Selenomonadales	99.4	5.46
ASM2931868v1	GCF_029318685.1	GCA_029318685.1	Ruminiclostridium papyrosolvens DSM 2782	588581		DSM 2782					GCF_029318685.1-RS_2025_04_07	2025-04-07	5027861	1	1	Complete Genome	2023-03-21		1	37							4421	Ruminococcaceae	100	2.95
ASM200635v2	GCF_002006355.2	GCA_002006355.2	Clostridium felsineum DSM 794	1121310		DSM 794					GCF_002006355.2-RS_2025_06_13	2025-06-13	5242194	3	3	Complete Genome	2022-06-10		3	30							4870	Clostridium	100	1.83
ASM1742v1	GCF_000017425.1	GCA_000017425.1	Bacillus cytotoxicus NVH 391-98	315749		NVH 391-98					GCF_000017425.1-RS_2025_12_11	2025-12-11	4094159	2	2	Complete Genome	2007-07-17		2	36							4264	Bacillus	98.76	
ASM1654v1	GCF_000016545.1	GCA_000016545.1	Caldicellulosiruptor saccharolyticus DSM 8903	351627		DSM 8903					GCF_000016545.1-RS_2025_12_13	2025-12-13	2970275	1	1	Complete Genome	2007-04-19		1	35.5							2927	Caldicellulosiruptor	99.09	0.1
ASM284989v1	GCF_002849895.1	GCA_002849895.1	Companilactobacillus alimentarius DSM 20249	1423720		DSM 20249					GCF_002849895.1-RS_2025_03_05	2025-03-05	2401923	2	2	Complete Genome	2018-01-03		2	35.5							2353	Lactobacillaceae	98.9	1.31
ASM2530v1	GCF_000025305.1	GCA_000025305.1	Acidaminococcus fermentans DSM 20731	591001		DSM 20731					GCF_000025305.1-RS_2025_03_12	2025-03-12	2329769	1	1	Complete Genome	2010-01-15		1	56							2192	Acidaminococcus	99.63	0.78
ASM9296v1	GCF_000092965.1	GCA_000092965.1	Thermoanaerobacter mathranii subsp. mathranii str. A3	583358		A3					GCF_000092965.1-RS_2025_12_13	2025-12-13	2306092	1	1	Complete Genome	2010-05-26		1	34.5							2338	Thermoanaerobacter	98.29	0.32
ASM14618v1	GCF_000146185.1	GCA_000146185.1	Lachnospira eligens ATCC 27750	515620		ATCC 27750					GCF_000146185.1-RS_2025_12_13	2025-12-13	2831389	3	3	Complete Genome	2009-06-04		3	37.5							2746	Lachnospira	77.26	13.12
ASM16389v2	GCF_000163895.2	GCA_000163895.2	Filifactor alocis ATCC 35896	546269		ATCC 35896					GCF_000163895.2-RS_2025_12_13	2025-12-13	1931012	1	1	Complete Genome	2011-01-27		1	35.5							1738	Clostridia	99.09	0.91
ASM96837v1	GCF_000968375.1	GCA_000968375.1	Clostridium scatologenes	1548		ATCC 25775					GCF_000968375.1-RS_2025_04_12	2025-04-12	5749410	1	1	Complete Genome	2015-04-02		1	29.5							5307	Clostridium	98.55	3.31
ASM309617v1	GCF_003096175.1	GCA_003096175.1	Clostridium drakei	332101		SL1					GCF_003096175.1-RS_2025_04_12	2025-04-12	5695241	1	1	Complete Genome	2018-05-07		1	29.5							5188	Clostridium	99.38	2.48
ASM1421833v1	GCF_014218335.1	GCA_014218335.1	Anaerocolumna cellulosilytica	433286		SN021					GCF_014218335.1-RS_2025_12_13	2025-12-13	5430627	1	1	Complete Genome	2020-08-07		1	36.5							4542	Lachnospiraceae	98.54	2.59
ASM142101v2	GCF_001421015.2	GCA_001421015.2	Paenibacillus bovis	1616788		BD3526					GCF_001421015.2-RS_2025_03_05	2025-03-05	5517199	2	2	Complete Genome	2017-05-15		2	47							4835	Paenibacillus	87.89	1.75
ASM670420v1	GCF_006704205.1	GCA_006704205.1	Cytobacillus solani	1637975		5L6					GCF_006704205.1-RS_2025_08_12	2025-08-12	5207802	1	1	Complete Genome	2019-07-07		1	37.5							5335	Bacillaceae	99.35	0.7
ASM208047v1	GCF_002080475.1	GCA_002080475.1	Clostridium formicaceticum	1497		DSM 92					GCF_002080475.1-RS_2025_04_12	2025-04-12	4586728	1	1	Complete Genome	2017-04-06		1	35.5							4363	Clostridium	97.52	1.14
ASM244185v2	GCF_002441855.2	GCA_002441855.2	Eubacterium maltosivorans	2041044		YI					GCF_002441855.2-RS_2025_04_13	2025-04-13	4337501	1	1	Complete Genome	2019-05-31		1	48							4127	Eubacterium	99.36	0.96
ASM104271v1	GCF_001042715.1	GCA_001042715.1	Clostridium aceticum	84022		DSM 1496					GCF_001042715.1-RS_2025_04_12	2025-04-12	4207037	2	2	Complete Genome	2015-06-12		2	35.5							4002	Clostridium	98.76	0.93
ASM235537v1	GCF_002355375.1	GCA_002355375.1	Aneurinibacillus soli	1500254		CB4					GCF_002355375.1-RS_2025_12_13	2025-12-13	4116770	1	1	Complete Genome	2016-01-13		1	46							4226	Paenibacillaceae	96.73	3.3
ASM3259878v1	GCF_032598785.1	GCA_032598785.1	Terrisporobacter petrolearius	1460447		JCM 19845					GCF_032598785.1-RS_2025_02_27	2025-02-27	4124338	3	3	Complete Genome	2023-10-12		3	29							4106	Peptostreptococcaceae	100	1.32
ASM1991526v1	GCF_019915265.1	GCA_019915265.1	Bacillus aquiflavi	2672567		3H-10					GCF_019915265.1-RS_2025_12_03	2025-12-03	3806094	1	1	Complete Genome	2021-09-09		1	35.5							3805	Bacillus	91.37	1.43
ASM200923v1	GCF_002009235.1	GCA_002009235.1	Planococcus faecalis	1598147		AJ003					GCF_002009235.1-RS_2025_05_03	2025-05-03	3495892	1	1	Complete Genome	2017-03-02		1	41							3481	Planococcus	91.29	7.32
ASM146583v2	GCF_001465835.2	GCA_001465835.2	Planococcus kocurii	1374		ATCC 43650					GCF_001465835.2-RS_2025_03_03	2025-03-03	3485580	2	2	Complete Genome	2016-01-29		2	41							3447	Planococcus	90.09	6.79
ASM280406v1	GCF_002804065.1	GCA_002804065.1	Kyrpidia spormannii	2055160		EA-1					GCF_002804065.1-RS_2025_12_11	2025-12-11	3352175	1	1	Complete Genome	2017-12-04		1	58.5							3267	Alicyclobacillaceae	98.17	0.52
ASM168760v2	GCF_001687605.2	GCA_001687605.2	Planococcus plakortidis	1038856		DSM 23997					GCF_001687605.2-RS_2025_03_05	2025-03-05	3261818	1	1	Complete Genome	2016-11-01		1	50							3295	Planococcus	82.71	6.58
ASM163428v1	GCF_001634285.1	GCA_001634285.1	Anoxybacteroides amylolyticum	294699		DSM 15939					GCF_001634285.1-RS_2024_12_29	2024-12-29	3158269	3	3	Complete Genome	2016-04-29		3	43.5							3348	Anoxybacillus	96.02	2.06
ASM358974v1	GCF_003589745.1	GCA_003589745.1	Lachnoanaerobaculum umeaense	617123		DSM 23576 = CCUG 58757					GCF_003589745.1-RS_2025_12_13	2025-12-13	2810441	1	1	Complete Genome	2018-09-23		1	35							2624	Lachnospiraceae	99.38	0.31
LzLMG22198_assembly	GCF_963243745.1	GCA_963243745.1	Levilactobacillus zymae	267363		LMG 22198					GCF_963243745.1-RS_2024_12_02	2024-12-02	2783705	1	1	Complete Genome	2024-11-20		1	53.5							2577	Lactobacillaceae	99.35	0.65
ASM360636v2	GCF_003606365.2	GCA_003606365.2	Companilactobacillus zhachilii	2304606		HBUAS52074					GCF_003606365.2-RS_2025_03_30	2025-03-30	2714973	1	1	Complete Genome	2019-01-29		1	36.5							2547	Lactobacillaceae	99.05	2.4
ASM2874349v1	GCF_028743495.1	GCA_028743495.1	Allobacillus halotolerans	570278		BCRC 17939					GCF_028743495.1-RS_2025_03_26	2025-03-26	2700297	1	1	Complete Genome	2023-02-20		1	39.5							2780	Bacillaceae	96.94	1.29
ASM197158v1	GCF_001971585.1	GCA_001971585.1	Companilactobacillus allii	1847728		WiKim39					GCF_001971585.1-RS_2025_03_05	2025-03-05	2534178	2	2	Complete Genome	2017-01-26		2	35.5							2570	Lactobacillaceae	99.13	
52121_G02	GCF_900187165.1	GCA_900187165.1	Clostridium cochlearium	1494		NCTC13027					GCF_900187165.1-RS_2025_04_01	2025-04-01	2435419	1	1	Complete Genome	2017-08-15		1	28.5							2448	Clostridium	96.89	0.78
ASM76357v1	GCF_000763575.1	GCA_000763575.1	Thermoanaerobacter kivui	2325		LKT-1					GCF_000763575.1-RS_2025_12_09	2025-12-09	2397824	1	1	Complete Genome	2014-10-06		1	35							2537	Thermoanaerobacter	91.49	3.78
ASM211980v1	GCF_002119805.1	GCA_002119805.1	Macrococcoides canis	1855823		KM 45013					GCF_002119805.1-RS_2024_12_22	2024-12-22	2363414	1	1	Complete Genome	2017-05-09		1	37							2496	Staphylococcaceae	91.72	1.74
ASM1676717v1	GCF_016767175.1	GCA_016767175.1	Keratinibaculum paraultunense	1278232		KD-1					GCF_016767175.1-RS_2025_03_23	2025-03-23	2307997	1	1	Complete Genome	2021-01-28		1	29.5							2279	Bacteria	98.12	2.59
ASM200540v1	GCF_002005405.1	GCA_002005405.1	Jeotgalibaca dankookensis	708126		EX-07					GCF_002005405.1-RS_2025_03_05	2025-03-05	2116498	2	2	Complete Genome	2017-02-21		2	37.5							2112	Carnobacteriaceae	98.79	3.07
ASM78510v2	GCF_000785105.2	GCA_000785105.2	Lentilactobacillus curieae	1138822		CCTCC M 2011381					GCF_000785105.2-RS_2025_03_05	2025-03-05	2095860	1	1	Complete Genome	2017-03-03		1	40							2058	Lactobacillaceae	99.35	
ASM198957v1	GCF_001989575.1	GCA_001989575.1	Abyssicoccus albus	1817405		S31					GCF_001989575.1-RS_2025_12_11	2025-12-11	1745789	1	1	Complete Genome	2017-02-07		1	34							1812	Bacillales	94.03	0.75
ASM1935749v1	GCF_019357495.1	GCA_019357495.1	Nosocomiicoccus ampullae	489910		DSM 19163					GCF_019357495.1-RS_2025_03_30	2025-03-30	1551959	2	2	Complete Genome	2021-07-27		2	34.5							1615	Staphylococcaceae	84.43	0.94
ASM75870v1	GCF_000758705.1	GCA_000758705.1	Paenibacillus graminis	189425		DSM 15220					GCF_000758705.1-RS_2025_04_26	2025-04-26	7166464	1	1	Complete Genome	2014-09-22		1	50.5							6323	Paenibacillus	99.11	1.87
ASM14527v1	GCF_000145275.1	GCA_000145275.1	Clostridium cellulovorans 743B	573061		743B					GCF_000145275.1-RS_2025_04_10	2025-04-10	5262222	1	1	Complete Genome	2010-08-11		1	31							4514	Clostridium	98.76	2.07
ASM2514828v1	GCF_025148285.1	GCA_025148285.1	Marvinbryantia formatexigens DSM 14469	478749		DSM 14469					GCF_025148285.1-RS_2025_02_27	2025-02-27	4577574	1	1	Complete Genome	2022-09-12		1	49.5							4288	Lachnospiraceae	98.75	0.62
ASM2515199v1	GCF_025151995.1	GCA_025151995.1	Ruminococcus gauvreauii	438033		DSM 19829					GCF_025151995.1-RS_2025_12_09	2025-12-09	4145839	1	1	Complete Genome	2022-09-12		1	47.5							3875	Ruminococcus	99.59	6.92
57435	GCF_047456285.1	GCA_047456285.1	Acetobacterium malicum subsp. dehalogenans DSM 11527	1068975		DSM 11527					GCF_047456285.1-RS_2025_02_06	2025-02-06	4140558	1	1	Complete Genome	2025-02-06		1	44							3839	Eubacteriaceae	99.29	
ASM168756v2	GCF_001687565.2	GCA_001687565.2	Planococcus antarcticus DSM 14505	1185653		DSM 14505					GCF_001687565.2-RS_2025_12_12	2025-12-12	3804624	3	3	Complete Genome	2016-11-01		3	43							3789	Planococcus	96.74	2.02
ASM1616v1	GCF_000016165.1	GCA_000016165.1	Desulforamulus reducens MI-1	349161		MI-1					GCF_000016165.1-RS_2025_03_27	2025-03-27	3608104	1	1	Complete Genome	2007-03-24		1	42.5							3649	Peptococcaceae	100	
ASM168766v2	GCF_001687665.2	GCA_001687665.2	Planococcus donghaensis	414778		DSM 22276					GCF_001687665.2-RS_2025_03_21	2025-03-21	3319331	2	2	Complete Genome	2016-11-01		2	40							3256	Planococcus	92.24	3.19
ASM2515257v1	GCF_025152575.1	GCA_025152575.1	Subdoligranulum variabile	214851		DSM 15176					GCF_025152575.1-RS_2025_12_02	2025-12-02	3244954	1	1	Complete Genome	2022-09-12		1	58							3077	Ruminococcaceae	99.38	0.62
ASM2000v1	GCF_000020005.1	GCA_000020005.1	Natranaerobius thermophilus JW/NM-WN-LF	457570		JW/NM-WN-LF					GCF_000020005.1-RS_2025_03_27	2025-03-27	3191453	3	3	Complete Genome	2008-04-09		3	36.5							3021	Clostridia	98.18	0.91
ASM156195v1	GCF_001561955.1	GCA_001561955.1	Anaerotignum propionicum DSM 1682	991789		X2					GCF_001561955.1-RS_2025_04_07	2025-04-07	3120417	1	1	Complete Genome	2016-02-16		1	39							3023	Clostridia	99.09	
ASM17811v2	GCF_000178115.2	GCA_000178115.2	Ethanoligenens harbinense YUAN-3	663278		YUAN-3					GCF_000178115.2-RS_2025_04_11	2025-04-11	3008576	1	1	Complete Genome	2010-12-27		1	55.5							2891	Ruminococcaceae	99.38	
ASM30593v1	GCF_000305935.1	GCA_000305935.1	Thermacetogenium phaeum DSM 12270	1089553		DSM 12270					GCF_000305935.1-RS_2025_12_11	2025-12-11	2939057	1	1	Complete Genome	2012-10-17		1	54							2926	Thermacetogenium phaeum	97.52	0.28
52087_C01	GCF_900187315.1	GCA_900187315.1	Listeria welshimeri	1643		NCTC11857					GCF_900187315.1-RS_2025_12_13	2025-12-13	2814137	1	1	Complete Genome	2017-08-15		1	36.5							2850	Listeria	99.73	
ASM21323v1	GCF_000213235.1	GCA_000213235.1	Tepidanaerobacter acetatoxydans Re1	1209989		Re1					GCF_000213235.1-RS_2025_04_26	2025-04-26	2759867	1	1	Complete Genome	2011-05-12		1	37.5							2687	Clostridia	99.09	
ASM2902494v1	GCF_029024945.1	GCA_029024945.1	Staphylococcus succinus	61015		DSM 14617					GCF_029024945.1-RS_2025_03_28	2025-03-28	2831135	3	3	Complete Genome	2023-03-08		3	33							2742	Staphylococcus	99.51	1.81
ASM1672524v1	GCF_016725245.1	GCA_016725245.1	Mammaliicoccus vitulinus	71237		FDAARGOS_1153					GCF_016725245.1-RS_2025_12_11	2025-12-11	2543530	2	2	Complete Genome	2021-01-20		2	32.5							2536	Staphylococcaceae	98.76	2.19
ASM14521v1	GCF_000145215.1	GCA_000145215.1	Caldicellulosiruptor obsidiansis OB47	608506		OB47					GCF_000145215.1-RS_2025_12_13	2025-12-13	2532343	1	1	Complete Genome	2010-08-11		1	35							2410	Caldicellulosiruptor	99.34	
ASM154317v1	GCF_001543175.1	GCA_001543175.1	Aerococcus urinae	1376		CCUG 36881					GCF_001543175.1-RS_2025_11_20	2025-11-20	1974262	1	1	Complete Genome	2016-02-01		1	42.5							1811	Aerococcus	97.86	2.68
ASM17883v2	GCF_000178835.2	GCA_000178835.2	Cellulosilyticum lentocellum DSM 5427	642492		DSM 5427					GCF_000178835.2-RS_2025_12_13	2025-12-13	4714237	1	1	Complete Genome	2011-03-22		1	34.5							4392	Clostridia	98.18	0.91
ASM14462v1	GCF_000144625.1	GCA_000144625.1	[Clostridium] saccharolyticum WM1	610130		WM1					GCF_000144625.1-RS_2025_12_13	2025-12-13	4662871	1	1	Complete Genome	2010-08-05		1	45							4342	Lachnospiraceae	98.68	1.03
ASM28451v1	GCF_000284515.1	GCA_000284515.1	Halobacillus halophilus DSM 2266	866895		type strain: DSM 2266					GCF_000284515.1-RS_2025_12_10	2025-12-10	4170008	3	3	Complete Genome	2012-04-11		3	42							4128	Halobacillus	98.53	0.7
ASM24760v1	GCF_000247605.1	GCA_000247605.1	Acetobacterium woodii DSM 1030	931626		DSM 1030					GCF_000247605.1-RS_2025_12_13	2025-12-13	4044777	1	1	Complete Genome	2012-02-14		1	39.5							3719	Eubacteriaceae	100	1.43
ASM1124v1	GCF_000011245.1	GCA_000011245.1	Oceanobacillus iheyensis HTE831	221109		HTE831					GCF_000011245.1-RS_2024_12_11	2024-12-11	3630528	1	1	Complete Genome	2002-09-18		1	35.5							3628	Oceanobacillus	97.99	0.11
ASM990v1	GCF_000009905.1	GCA_000009905.1	Symbiobacterium thermophilum IAM 14863	292459		IAM14863					GCF_000009905.1-RS_2025_03_29	2025-03-29	3566135	1	1	Complete Genome	2004-09-07		1	68.5							3403	Clostridiales	97.37	1.78
ASM14503v1	GCF_000145035.1	GCA_000145035.1	Butyrivibrio proteoclasticus B316	515622		B316					GCF_000145035.1-RS_2025_12_13	2025-12-13	4404886	4	4	Complete Genome	2010-08-10		4	40							3934	Butyrivibrio proteoclasticus	95.58	10.63
ASM2514991v1	GCF_025149915.1	GCA_025149915.1	Coprococcus eutactus	33043		ATCC 27759					GCF_025149915.1-RS_2025_12_13	2025-12-13	3112919	1	1	Complete Genome	2022-09-12		1	43							2757	Coprococcus	75.58	14.13
ASM21443v1	GCF_000214435.1	GCA_000214435.1	Desulfotomaculum nigrificans CO-1-SRB	868595		CO-1-SRB					GCF_000214435.1-RS_2025_05_13	2025-05-13	2892255	1	1	Complete Genome	2011-05-23		1	46.5							2879	Desulfotomaculum	99.7	
ASM16669v1	GCF_000166695.1	GCA_000166695.1	Caldicellulosiruptor acetigenus I77R1B	632335		177R1B					GCF_000166695.1-RS_2025_12_13	2025-12-13	2802443	2	2	Complete Genome	2010-11-17		2	36							2722	Caldicellulosiruptor kristjanssonii	96.77	1.46
ASM2515240v1	GCF_025152405.1	GCA_025152405.1	[Ruminococcus] lactaris ATCC 29176	471875		ATCC 29176					GCF_025152405.1-RS_2025_02_27	2025-02-27	2733858	1	1	Complete Genome	2022-09-12		1	42.5							2579	Lachnospiraceae	99.38	0.62
ASM2902382v1	GCF_029023825.1	GCA_029023825.1	Enterococcus saccharolyticus subsp. saccharolyticus	1814218		DSM 20726					GCF_029023825.1-RS_2025_03_28	2025-03-28	2622437	1	1	Complete Genome	2023-03-08		1	37							2665	Enterococcus	96.64	3.8
ASM18977v3	GCF_000189775.2	GCA_000189775.3	Thermoanaerobacterium xylanolyticum LX-11	858215		LX-11					GCF_000189775.2-RS_2025_06_10	2025-06-10	2534358	1	1	Complete Genome	2011-05-17		1	35							2498	Thermoanaerobacterium	98.56	0.08
ASM2514844v1	GCF_025148445.1	GCA_025148445.1	Eshraghiella crossota	45851		DSM 2876					GCF_025148445.1-RS_2025_03_09	2025-03-09	2521323	1	1	Complete Genome	2022-09-12		1	38							2523	Lachnospiraceae	98.75	
ASM1286v1	GCF_000012865.1	GCA_000012865.1	Carboxydothermus hydrogenoformans Z-2901	246194		Z-2901					GCF_000012865.1-RS_2025_03_28	2025-03-28	2401520	1	1	Complete Genome	2005-10-23		1	42							2537	Carboxydothermus	97.7	0.85
ASM49373v1	GCF_000493735.1	GCA_000493735.1	Carnobacterium inhibens subsp. gilichinskyi	1266845		WN1359					GCF_000493735.1-RS_2025_03_03	2025-03-03	2497115	6	6	Complete Genome	2013-10-29		6	35							2403	Carnobacteriaceae	97.46	2.2
ASM82939v1	GCF_000829395.1	GCA_000829395.1	Paucilactobacillus hokkaidonensis JCM 18461	1291742		LOOC260					GCF_000829395.1-RS_2025_03_29	2025-03-29	2400586	3	3	Complete Genome	2014-11-11		3	38							2394	Lactobacillaceae	99.29	1.63
50279_G02	GCF_900187035.1	GCA_900187035.1	Megamonas hypermegale	158847		NCTC10570					GCF_900187035.1-RS_2025_04_07	2025-04-07	2230342	1	1	Complete Genome	2017-08-15		1	34							2155	Megamonas	98.92	1.07
53750_F01	GCF_900476055.1	GCA_900476055.1	Streptococcus australis	113107		NCTC13166					GCF_900476055.1-RS_2025_12_11	2025-12-11	2161464	1	1	Complete Genome	2018-06-17		1	42							2068	Streptococcus australis	97.99	0.56
44927_H01	GCF_900636885.1	GCA_900636885.1	Streptococcus urinalis	149016		NCTC13766					GCF_900636885.1-RS_2025_12_13	2025-12-13	2144000	1	1	Complete Genome	2018-12-20		1	34.5							2244	Streptococcus urinalis	95.38	0.32
ASM9250v1	GCF_000092505.1	GCA_000092505.1	Leuconostoc kimchii IMSNU 11154	762051		IMSNU 11154					GCF_000092505.1-RS_2025_04_10	2025-04-10	2101787	6	6	Complete Genome	2010-05-06		6	38							2151	Leuconostoc kimchii	98.01	0.06
ASM2410v1	GCF_000024105.1	GCA_000024105.1	Anaerococcus prevotii DSM 20548	525919		DSM 20548					GCF_000024105.1-RS_2025_03_28	2025-03-28	1998633	2	2	Complete Genome	2009-08-28		2	35.5							1915	Anaerococcus prevotii	98.49	3.8
ASM972062v1	GCF_009720625.1	GCA_009720625.1	Metabacillus sediminilitoris	2567941		DSL-17					GCF_009720625.1-RS_2025_11_28	2025-11-28	5602542	1	1	Complete Genome	2019-11-30		1	36							5482	Bacillaceae	99.35	0.94
ASM2860698v1	GCF_028606985.1	GCA_028606985.1	Paenibacillus kyungheensis	1452732		KACC 18744					GCF_028606985.1-RS_2025_03_24	2025-03-24	5260882	1	1	Complete Genome	2023-02-13		1	39.5							4592	Paenibacillus	87.73	0.87
ASM289685v1	GCF_002896855.1	GCA_002896855.1	Clostridium thermosuccinogenes	84032		DSM 5807					GCF_002896855.1-RS_2025_04_07	2025-04-07	4731216	1	1	Complete Genome	2018-01-24		1	41.5							4118	Clostridium	97.52	4.78
ASM60010v1	GCF_000600105.1	GCA_000600105.1	Lysinibacillus varians	1145276		GY32					GCF_000600105.1-RS_2025_12_02	2025-12-02	4662822	1	1	Complete Genome	2014-03-25		1	37							4625	Lysinibacillus	88.7	6.61
ASM2080940v1	GCF_020809405.1	GCA_020809405.1	Terrisporobacter hibernicus	2813371		MCA3					GCF_020809405.1-RS_2025_12_13	2025-12-13	4116837	2	2	Complete Genome	2021-11-09		2	29							4049	Peptostreptococcaceae	100	0.66
ASM399113v1	GCF_003991135.1	GCA_003991135.1	Anoxybacter fermentans	1323375		DY22613					GCF_003991135.1-RS_2025_03_07	2025-03-07	3557532	1	1	Complete Genome	2019-01-03		1	36							3303	Halanaerobiales	91.82	6.7
ASM118615v3	GCF_001186155.3	GCA_001186155.3	Planococcus versutus	1302659		L10.15					GCF_001186155.3-RS_2025_03_28	2025-03-28	3330075	3	3	Complete Genome	2016-11-01		3	39.5							3404	Planococcus	85.39	5.52
ASM1439711v1	GCF_014397115.1	GCA_014397115.1	Vagococcus carniphilus	218144		ATCC BAA-640					GCF_014397115.1-RS_2025_05_05	2025-05-05	3128613	3	3	Complete Genome	2020-09-02		3	32.5							3063	Enterococcaceae	96.72	6.48
ASM399925v1	GCF_003999255.1	GCA_003999255.1	Caldicellulosiruptor changbaiensis	1222016		CBS-Z					GCF_003999255.1-RS_2025_12_13	2025-12-13	2905633	1	1	Complete Genome	2019-01-08		1	35							2843	Caldicellulosiruptor	98.92	3.41
ASM228549v1	GCF_002285495.1	GCA_002285495.1	Clostridium isatidis	182773		DSM 15098					GCF_002285495.1-RS_2025_03_05	2025-03-05	2869927	1	1	Complete Genome	2017-09-05		1	29							2787	Clostridium	95.96	1.55
ASM4503840v1	GCF_045038405.1	GCA_045038405.1	Sellimonas caecigallum	2592333		JCM 35759					GCF_045038405.1-RS_2025_03_02	2025-03-02	2758996	1	1	Complete Genome	2024-11-25		1	45							2674	Lachnospiraceae	99.38	
45532_E01	GCF_901482605.1	GCA_901482605.1	Hathewaya histolytica	1498		NCTC503					GCF_901482605.1-RS_2025_09_29	2025-09-29	2740791	1	1	Complete Genome	2019-05-11		1	29.5							2695	Clostridiaceae	98.31	2.76
ASM371873v1	GCF_003718735.1	GCA_003718735.1	Staphylococcus debuckii	2044912		SDB 2975					GCF_003718735.1-RS_2025_03_30	2025-03-30	2691850	1	1	Complete Genome	2018-11-08		1	36.5							2618	Staphylococcus	99.39	1.03
50377_C01	GCF_900186985.1	GCA_900186985.1	Staphylococcus piscifermentans	70258		NCTC13836					GCF_900186985.1-RS_2025_12_13	2025-12-13	2613271	1	1	Complete Genome	2017-08-15		1	36.5							2483	Staphylococcus	99.46	0.39
ASM1053733v1	GCF_010537335.1	GCA_010537335.1	Amedibacterium intestinale	2583452		9CBEGH2					GCF_010537335.1-RS_2025_12_13	2025-12-13	2488096	1	1	Complete Genome	2020-01-27		1	34							2491	Erysipelotrichaceae	98.74	0.31
ASM1612665v1	GCF_016126655.1	GCA_016126655.1	Tuanshanicoccus lijuaniae	2774330		zg-1292					GCF_016126655.1-RS_2025_09_26	2025-09-26	2424983	1	1	Complete Genome	2020-12-20		1	38							2095	Aerococcaceae	97.78	0.88
ASM1612771v1	GCF_016127715.1	GCA_016127715.1	Staphylococcus saccharolyticus	33028		FDAARGOS_1074					GCF_016127715.1-RS_2025_04_21	2025-04-21	2346516	1	1	Complete Genome	2020-12-20		1	32							2348	Staphylococcus	88.04	0.56
ASM193261v1	GCF_001932615.1	GCA_001932615.1	Weissella jogaejeotgali	1631871		FOL01					GCF_001932615.1-RS_2025_03_05	2025-03-05	2149545	2	2	Complete Genome	2017-01-04		2	39							2171	Weissella	97.99	0.8
ASM362713v1	GCF_003627135.1	GCA_003627135.1	Streptococcus koreensis	2382163		KCOM 2890 (=JS71)					GCF_003627135.1-RS_2025_03_07	2025-03-07	2009598	1	1	Complete Genome	2018-10-07		1	42							1938	Streptococcus	99.9	0.19
ASM1331581v1	GCF_013315815.1	GCA_013315815.1	Caproicibacterium lactatifermentans	2666138		LBM19010					GCF_013315815.1-RS_2025_03_28	2025-03-28	1989979	1	1	Complete Genome	2020-06-10		1	50.5							1953	Ruminococcaceae	98.69	
ASM396355v1	GCF_003963555.1	GCA_003963555.1	Streptococcus periodonticum	2490633		KCOM 2412					GCF_003963555.1-RS_2025_11_23	2025-11-23	1903815	1	1	Complete Genome	2018-12-23		1	39							1878	Streptococcus	99.65	0.68
ASM410204v2	GCF_004102045.2	GCA_004102045.2	Oenococcus sicerae	2203724		UCMA15228					GCF_004102045.2-RS_2025_03_31	2025-03-31	1664394	1	1	Complete Genome	2020-02-07		1	40.5							1703	Oenococcus	89.83	2.52
ASM2514912v1	GCF_025149125.1	GCA_025149125.1	[Clostridium] asparagiforme DSM 15981	518636		DSM 15981					GCF_025149125.1-RS_2025_12_13	2025-12-13	6353279	1	1	Complete Genome	2022-09-12		1	55.5							5733	Lachnospiraceae	98.75	5.07
SPSIL	GCF_002257705.2	GCA_002257705.2	Sporomusa silvacetica DSM 10669	1123289		DSM 10669					GCF_002257705.2-RS_2024_09_07	2024-09-07	6046356	1	1	Complete Genome	2024-09-08		1	43							5910	Selenomonadales	100	3.37
ASM23560v1	GCF_000235605.1	GCA_000235605.1	Desulfosporosinus orientis DSM 765	768706		DSM 765					GCF_000235605.1-RS_2025_05_13	2025-05-13	5863081	1	1	Complete Genome	2011-11-16		1	43							5579	Desulfosporosinus	99.83	1.61
ASM1698v1	GCF_000016985.1	GCA_000016985.1	Alkaliphilus metalliredigens QYMF	293826		QYMF					GCF_000016985.1-RS_2025_12_13	2025-12-13	4929566	1	1	Complete Genome	2007-06-28		1	37							5015	Alkaliphilus	88.6	25.16
ASM25511v3	GCF_000255115.2	GCA_000255115.3	Desulfosporosinus acidiphilus SJ4	646529		SJ4					GCF_000255115.2-RS_2025_05_13	2025-05-13	4991181	3	3	Complete Genome	2012-06-15		3	42							4726	Desulfosporosinus	99.05	
ASM23138v3	GCF_000231385.2	GCA_000231385.3	Desulfosporosinus meridiei DSM 13257	768704		DSM 13257					GCF_000231385.2-RS_2025_05_13	2025-05-13	4873567	1	1	Complete Genome	2012-08-27		1	42							4588	Desulfosporosinus	99.09	0.02
ASM23371v3	GCF_000233715.2	GCA_000233715.3	Desulfoscipio gibsoniae DSM 7213	767817		DSM 7213					GCF_000233715.2-RS_2025_07_03	2025-07-03	4855529	1	1	Complete Genome	2013-05-06		1	45.5							4713	Clostridiales	98.25	1.75
ASM17723v2	GCF_000177235.2	GCA_000177235.2	Evansella cellulosilytica DSM 2522	649639		DSM 2522					GCF_000177235.2-RS_2025_05_01	2025-05-01	4681672	1	1	Complete Genome	2010-12-27		1	36.5							4419	Bacillaceae	99.03	0.48
ASM2420v1	GCF_000024205.1	GCA_000024205.1	Desulfofarcimen acetoxidans DSM 771	485916		DSM 771					GCF_000024205.1-RS_2025_04_07	2025-04-07	4545624	1	1	Complete Genome	2009-09-10		1	41.5							4411	Peptococcaceae	99.67	
48290_A02	GCF_900478165.1	GCA_900478165.1	Lederbergia lenta	1467		NCTC4824					GCF_900478165.1-RS_2025_03_28	2025-03-28	4384366	1	1	Complete Genome	2018-06-18		1	36.5							4195	Bacillaceae	97.77	0.97
ASM24315v3	GCF_000243155.2	GCA_000243155.3	Desulfitobacterium dehalogenans ATCC 51507	756499		ATCC 51507					GCF_000243155.2-RS_2025_05_13	2025-05-13	4321753	1	1	Complete Genome	2012-06-11		1	45							4250	Clostridiales	99.12	1.75
ASM22770v3	GCF_000227705.2	GCA_000227705.3	Thermobacillus composti KWC4	717605		KWC4					GCF_000227705.2-RS_2025_12_13	2025-12-13	4355525	2	2	Complete Genome	2012-12-18		2	60							4116	Paenibacillaceae	97.34	
ASM21508v1	GCF_000215085.1	GCA_000215085.1	Desulforamulus ruminis DSM 2154	696281		DSM 2154					GCF_000215085.1-RS_2025_03_27	2025-03-27	3969014	1	1	Complete Genome	2011-05-26		1	47							4010	Peptococcaceae	99.67	
ASM21470v1	GCF_000214705.1	GCA_000214705.1	Desulfofundulus kuznetsovii DSM 6115	760568		DSM 6115					GCF_000214705.1-RS_2025_07_05	2025-07-05	3601386	1	1	Complete Genome	2011-05-24		1	55							3624	Peptococcaceae	100	
ASM9308v1	GCF_000093085.1	GCA_000093085.1	[Bacillus] selenitireducens MLS10	439292		MLS10					GCF_000093085.1-RS_2025_12_13	2025-12-13	3592487	1	1	Complete Genome	2010-05-28		1	48.5							3410	Bacillaceae	94.44	
ASM19063v1	GCF_000190635.1	GCA_000190635.1	Syntrophobotulus glycolicus DSM 8271	645991		DSM 8271					GCF_000190635.1-RS_2025_05_13	2025-05-13	3406739	1	1	Complete Genome	2011-03-01		1	46.5							3393	Clostridiales	99.56	
ASM9290v1	GCF_000092905.1	GCA_000092905.1	Kyrpidia tusciae DSM 2912	562970		DSM 2912					GCF_000092905.1-RS_2025_12_10	2025-12-10	3384766	1	1	Complete Genome	2010-04-29		1	59							3365	Alicyclobacillaceae	99.48	0.07
ASM23140v3	GCF_000231405.2	GCA_000231405.3	Desulfitobacterium metallireducens DSM 15288	871968		DSM 15288					GCF_000231405.2-RS_2025_05_13	2025-05-13	3176073	1	1	Complete Genome	2014-01-03		1	42							3128	Clostridiales	100	0.88
ASM21325v1	GCF_000213255.1	GCA_000213255.1	Mahella australiensis 50-1 BON	697281		50-1 BON					GCF_000213255.1-RS_2025_05_01	2025-05-01	3135972	1	1	Complete Genome	2011-05-12		1	43.5							3003	Thermoanaerobacterales	98.67	1.58
ASM1832v1	GCF_000018325.1	GCA_000018325.1	Alkaliphilus oremlandii OhILAs	350688		OhILAs					GCF_000018325.1-RS_2025_12_13	2025-12-13	3123558	1	1	Complete Genome	2007-10-11		1	36.5							3095	Alkaliphilus	98.06	0.04
ASM29935v1	GCF_000299355.1	GCA_000299355.1	Gottschalkia acidurici 9a	1128398		9a					GCF_000299355.1-RS_2025_03_28	2025-03-28	3108248	2	2	Complete Genome	2012-09-27		2	30							3086	Bacteria	97.41	
ASM1916v1	GCF_000019165.1	GCA_000019165.1	Heliomicrobium modesticaldum Ice1	498761		Ice1; ATCC 51547					GCF_000019165.1-RS_2025_03_03	2025-03-03	3075407	1	1	Complete Genome	2008-04-01		1	57							2877	Clostridiales	97.78	0.88
ASM222259v2	GCF_002222595.2	GCA_002222595.2	Blautia hansenii DSM 20583	537007		DSM 20583					GCF_002222595.2-RS_2025_01_26	2025-01-26	3065949	1	1	Complete Genome	2017-08-30		1	39							3075	Blautia	90.3	1.82
ASM3663291v2	GCF_036632915.2	GCA_036632915.2	Faecalibacterium taiwanense	3030638		HLW78					GCF_036632915.2-RS_2024_12_16	2024-12-16	2955389	1	1	Complete Genome	2024-05-24		1	56							2936	Faecalibacterium	91.19	3.64
ASM18470v1	GCF_000184705.1	GCA_000184705.1	Thermaerobacter marianensis DSM 12885	644966		DSM 12885					GCF_000184705.1-RS_2025_04_11	2025-04-11	2844696	1	1	Complete Genome	2010-12-29		1	72.5							2438	Thermaerobacter	95.84	0.14
ASM16677v1	GCF_000166775.1	GCA_000166775.1	Caldicellulosiruptor kronotskyensis 2002	632348		2002					GCF_000166775.1-RS_2025_12_13	2025-12-13	2843785	1	1	Complete Genome	2010-11-17		1	35							2643	Caldicellulosiruptor	99.56	1.18
ASM14769v3	GCF_000147695.2	GCA_000147695.3	Thermoanaerobacter wiegelii Rt8.B1	697303		Rt8.B1					GCF_000147695.2-RS_2025_04_22	2025-04-22	2785056	1	1	Complete Genome	2011-08-23		1	34.5							2795	Thermoanaerobacter	96.64	0.12
ASM16635v1	GCF_000166355.1	GCA_000166355.1	Caldicellulosiruptor hydrothermalis 108	632292		108					GCF_000166355.1-RS_2025_12_13	2025-12-13	2770676	1	1	Complete Genome	2010-11-10		1	36							2681	Caldicellulosiruptor	99.81	0.3
ASM19645v1	GCF_000196455.1	GCA_000196455.1	Acetoanaerobium sticklandii	1511		DSM 519					GCF_000196455.1-RS_2024_04_07	2024-04-07	2715461	1	1	Complete Genome	2010-10-16		1	33.5							2615	Clostridia	99.09	0.91
ASM32862v1	GCF_000328625.1	GCA_000328625.1	Halobacteroides halobius DSM 5150	748449		DSM 5150					GCF_000328625.1-RS_2025_05_02	2025-05-02	2649255	1	1	Complete Genome	2012-12-28		1	32.5							2629	Halobacteroidaceae	99.89	
50377_D01	GCF_900187055.1	GCA_900187055.1	Staphylococcus simiae	308354		NCTC13838					GCF_900187055.1-RS_2025_12_13	2025-12-13	2643976	1	1	Complete Genome	2017-08-15		1	32							2478	Staphylococcus	99.22	0.2
ASM2048v1	GCF_000020485.1	GCA_000020485.1	Halothermothrix orenii H 168	373903		H 168					GCF_000020485.1-RS_2025_05_13	2025-05-13	2578146	1	1	Complete Genome	2009-01-13		1	38							2493	Halanaerobiales	100	
ASM30716v1	GCF_000307165.1	GCA_000307165.1	Amphibacillus xylanus NBRC 15112	698758		NBRC 15112					GCF_000307165.1-RS_2025_12_11	2025-12-11	2569486	1	1	Complete Genome	2012-10-01		1	35.5							2483	Bacillaceae	88.01	0.65
ASM2514946v1	GCF_025149465.1	GCA_025149465.1	Thomasclavelia spiroformis DSM 1552	428126		DSM 1552					GCF_025149465.1-RS_2025_03_09	2025-03-09	2528470	1	1	Complete Genome	2022-09-12		1	29							2420	Erysipelotrichales	98.74	
ASM14469v1	GCF_000144695.1	GCA_000144695.1	Acetohalobium arabaticum DSM 5501	574087		DSM 5501					GCF_000144695.1-RS_2025_05_01	2025-05-01	2469596	1	1	Complete Genome	2010-08-05		1	36.5							2438	Halobacteroidaceae	99.39	0.11
ASM2564v1	GCF_000025645.1	GCA_000025645.1	Thermoanaerobacter italicus Ab9	580331		Ab9					GCF_000025645.1-RS_2025_05_01	2025-05-01	2451061	1	1	Complete Genome	2010-02-24		1	34							2462	Thermoanaerobacter	98.49	0.1
ASM16633v1	GCF_000166335.1	GCA_000166335.1	Caldicellulosiruptor owensensis OL	632518		OL					GCF_000166335.1-RS_2025_12_13	2025-12-13	2428903	1	1	Complete Genome	2010-11-10		1	35.5							2341	Caldicellulosiruptor	98.61	
ASM9240v1	GCF_000092405.1	GCA_000092405.1	Syntrophothermus lipocalidus DSM 12680	643648		DSM 12680					GCF_000092405.1-RS_2025_04_10	2025-04-10	2405559	1	1	Complete Genome	2010-05-28		1	51							2416	Syntrophomonadaceae	99.46	0.05
50624_E01	GCF_900187085.1	GCA_900187085.1	Streptococcus merionis	400065		NCTC13788					GCF_900187085.1-RS_2025_12_13	2025-12-13	2384128	1	1	Complete Genome	2017-08-15		1	42							2232	Streptococcus	99.55	0.39
ASM17529v2	GCF_000175295.2	GCA_000175295.2	Thermoanaerobacter brockii subsp. finnii Ako-1	509193		Ako-1					GCF_000175295.2-RS_2025_04_22	2025-04-22	2344824	1	1	Complete Genome	2011-01-24		1	34.5							2392	Thermoanaerobacter	98.93	0.1
ASM4605894v1	GCF_046058945.1	GCA_046058945.1	Brochothrix campestris	2757		DSM 4712					GCF_046058945.1-RS_2024_12_15	2024-12-15	2324176	1	1	Complete Genome	2024-12-16		1	40.5							2278	Listeriaceae	94.93	1.17
ASM16546v1	GCF_000165465.1	GCA_000165465.1	Halanaerobium praevalens DSM 2228	572479		DSM 2228					GCF_000165465.1-RS_2025_05_01	2025-05-01	2309262	1	1	Complete Genome	2010-10-21		1	30.5							2185	Halanaerobium	99.23	0.54
ASM14464v1	GCF_000144645.1	GCA_000144645.1	Thermosediminibacter oceani DSM 16646	555079		DSM 16646					GCF_000144645.1-RS_2025_05_01	2025-05-01	2280035	1	1	Complete Genome	2010-08-05		1	47							2341	Clostridia	98.18	
48128_D02	GCF_900637075.1	GCA_900637075.1	Streptococcus pseudoporcinus	361101		NCTC13786					GCF_900637075.1-RS_2025_12_13	2025-12-13	2156061	1	1	Complete Genome	2018-12-20		1	37							2095	Streptococcus pseudoporcinus	95.42	1.74
ASM2460v1	GCF_000024605.1	GCA_000024605.1	Ammonifex degensii KC4	429009		KC4					GCF_000024605.1-RS_2025_04_08	2025-04-08	2157067	2	2	Complete Genome	2009-10-08		2	59.5							2262	Thermoanaerobacteraceae	100	
41906_G01	GCF_900475025.1	GCA_900475025.1	Streptococcus ferus	1345		NCTC12278					GCF_900475025.1-RS_2025_12_13	2025-12-13	1872314	1	1	Complete Genome	2018-06-17		1	43							1913	Streptococcus	100	
50279_D01	GCF_900476045.1	GCA_900476045.1	Gemella morbillorum	29391		NCTC11323					GCF_900476045.1-RS_2025_04_21	2025-04-21	1760930	1	1	Complete Genome	2018-06-17		1	30.5							1718	Gemella	99.05	0.75
ASM219241v1	GCF_002192415.1	GCA_002192415.1	Paenibacillus donghaensis	414771		KCTC 13049					GCF_002192415.1-RS_2025_05_03	2025-05-03	8542333	1	1	Complete Genome	2017-06-13		1	49.5							7795	Paenibacillus	97.79	1
ASM1284909v1	GCF_012849095.1	GCA_012849095.1	Cohnella herbarum	2728023		MFER-1					GCF_012849095.1-RS_2025_09_19	2025-09-19	8522788	2	2	Complete Genome	2020-04-27		2	50.5							7232	Cohnella	95.31	14.49
ASM75866v1	GCF_000758665.1	GCA_000758665.1	Paenibacillus borealis	160799		DSM 13188					GCF_000758665.1-RS_2025_05_02	2025-05-02	8156808	1	1	Complete Genome	2014-09-22		1	51.5							7042	Paenibacillus	99.17	2.48
ASM972893v1	GCF_009728935.1	GCA_009728935.1	Paenibacillus psychroresistens	1778678		ML311-T8					GCF_009728935.1-RS_2025_11_24	2025-11-24	8101785	1	1	Complete Genome	2019-12-04		1	41							7284	Paenibacillus	98.36	0.56
ASM2536993v1	GCF_025369935.1	GCA_025369935.1	Paenibacillus andongensis	2975482		SS4					GCF_025369935.1-RS_2025_07_22	2025-07-22	7639302	1	1	Complete Genome	2022-09-22		1	45							6885	Paenibacillus	99.72	0.11
ASM2473489v1	GCF_024734895.1	GCA_024734895.1	Paenibacillus spongiae	2909671		PHS-Z3					GCF_024734895.1-RS_2025_09_09	2025-09-09	7613364	1	1	Complete Genome	2022-08-24		1	51.5							6857	Paenibacillus	99.72	0.87
ASM394534v1	GCF_003945345.1	GCA_003945345.1	Paenibacillus baekrokdamisoli	1712516		KCTC 33723					GCF_003945345.1-RS_2025_12_13	2025-12-13	7261317	1	1	Complete Genome	2018-11-14		1	45.5							6493	Paenibacillus	99.58	0.74
ASM429558v1	GCF_004295585.1	GCA_004295585.1	Cohnella abietis	2507935		KCTC 43028					GCF_004295585.1-RS_2025_12_13	2025-12-13	7059027	1	1	Complete Genome	2019-01-29		1	45							6224	Cohnella	90.9	14.2
ASM1036528v1	GCF_010365285.1	GCA_010365285.1	Paenibacillus rhizovicinus	2704463		14171R-81					GCF_010365285.1-RS_2025_11_23	2025-11-23	7524325	3	3	Complete Genome	2020-02-09		3	54.5							6820	Paenibacillus	99.17	1.45
ASM936307v1	GCF_009363075.1	GCA_009363075.1	Paenibacillus guangzhouensis	1473112		KCTC 33171					GCF_009363075.1-RS_2025_12_09	2025-12-09	6948340	2	2	Complete Genome	2019-10-27		2	47.5							6328	Paenibacillus	99.61	0.57
ASM5205648v1	GCF_052056485.1	GCA_052056485.1	Paenibacillus nitricinens	3367691		AC7					GCF_052056485.1-RS_2025_08_16	2025-08-16	6788974	1	1	Complete Genome	2025-08-16		1	44							6046	Paenibacillus	98.61	1.09
ASM1011993v1	GCF_010119935.1	GCA_010119935.1	Paenibacillus lycopersici	2704462		12200R-189					GCF_010119935.1-RS_2025_11_23	2025-11-23	6743310	1	1	Complete Genome	2020-02-04		1	58							5939	Paenibacillus	99.17	0.99
ASM3086676v1	GCF_030866765.1	GCA_030866765.1	Paenibacillus silvisoli	3110539		TW38					GCF_030866765.1-RS_2025_12_09	2025-12-09	6734763	1	1	Complete Genome	2023-08-24		1	54.5							6171	Paenibacillus	99.72	1.33
ASM395222v1	GCF_003952225.1	GCA_003952225.1	Paenibacillus albus	2495582		18JY67-1					GCF_003952225.1-RS_2025_12_09	2025-12-09	6632345	1	1	Complete Genome	2018-12-18		1	51							6082	Paenibacillus	98.99	1.41
ASM274105v1	GCF_002741055.1	GCA_002741055.1	Paenibacillus ihbetae	1870820		IHBB 9852					GCF_002741055.1-RS_2025_03_05	2025-03-05	6593819	1	1	Complete Genome	2016-08-05		1	52							5927	Paenibacillus	99.44	
ASM2151327v1	GCF_021513275.1	GCA_021513275.1	Paenibacillus hexagrammi	2908839		YPD9-1					GCF_021513275.1-RS_2025_11_23	2025-11-23	6639679	2	2	Complete Genome	2022-01-19		2	47.5							6263	Paenibacillus	90.61	0.14
ASM399142v1	GCF_003991425.1	GCA_003991425.1	Paenibacillus lutimineralis	2707005		MBLB1234					GCF_003991425.1-RS_2025_03_07	2025-03-07	6497679	1	1	Complete Genome	2019-01-03		1	46.5							5874	Paenibacillus	98.56	0.57
SATMAO3	GCF_041428895.1	GCA_041428895.1	Sporomusa aerivorans	204936		DSM 13326					GCF_041428895.1-RS_2024_08_23	2024-08-23	6511628	2	2	Complete Genome	2024-08-23		2	46.5							6246	Selenomonadales	100	4.78
ASM3159967v1	GCF_031599675.1	GCA_031599675.1	Paenibacillus pedocola	3242193		TW48					GCF_031599675.1-RS_2025_08_18	2025-08-18	6472393	1	1	Complete Genome	2023-09-18		1	50.5							5758	Paenibacillus	99.11	1.87
ASM1410749v1	GCF_014107495.1	GCA_014107495.1	Cohnella cholangitidis	2598458		1605-214					GCF_014107495.1-RS_2025_12_09	2025-12-09	6408853	1	1	Complete Genome	2020-08-07		1	51							5991	Cohnella	91.51	11.02
ASM401518v1	GCF_004015185.1	GCA_004015185.1	Clostridium manihotivorum	2320868		CT4					GCF_004015185.1-RS_2025_03_28	2025-03-28	6364326	1	1	Complete Genome	2019-01-14		1	32							5733	Clostridium	99.38	5.33
ASM3226860v1	GCF_032268605.1	GCA_032268605.1	Paenibacillus aurantius	2918900		MBLB1776					GCF_032268605.1-RS_2025_12_02	2025-12-02	6303770	1	1	Complete Genome	2023-10-02		1	56							5732	Paenibacillus	98	
ASM1708636v1	GCF_017086365.1	GCA_017086365.1	Paenibacillus tianjinensis	2810347		TB2019					GCF_017086365.1-RS_2025_12_13	2025-12-13	6273877	1	1	Complete Genome	2021-03-01		1	49.5							5857	Paenibacillus	98.97	2.43
ASM2021566v1	GCF_020215665.1	GCA_020215665.1	Blautia parvula	2877527		NBRC 113351					GCF_020215665.1-RS_2025_12_13	2025-12-13	6247046	1	1	Complete Genome	2021-10-02		1	46.5							5660	Blautia	97.61	2.57
ASM1814144v1	GCF_018141445.1	GCA_018141445.1	Vallitalea pronyensis	1348613		FatNI3					GCF_018141445.1-RS_2025_12_13	2025-12-13	6325483	2	2	Complete Genome	2021-04-27		2	36.5							5310	Clostridia	99.09	5.91
ASM3667002v1	GCF_036670025.1	GCA_036670025.1	Niallia oryzisoli	1737571		DSM 29761					GCF_036670025.1-RS_2025_04_05	2025-04-05	6231504	1	1	Complete Genome	2024-04-05		1	38.5							6214	Bacillaceae	99.35	6.1
ASM1997765v1	GCF_019977655.1	GCA_019977655.1	Clostridium gelidum	704125		C5S11					GCF_019977655.1-RS_2025_11_23	2025-11-23	6041432	1	1	Complete Genome	2021-07-31		1	29							5588	Clostridium	99.07	0.54
ASM3227194v1	GCF_032271945.1	GCA_032271945.1	Paenibacillus roseipurpureus	2918901		MBLB1832					GCF_032271945.1-RS_2025_11_22	2025-11-22	5852554	1	1	Complete Genome	2023-10-02		1	47							5346	Paenibacillus	97.51	1.11
SRRS	GCF_041428845.1	GCA_041428845.1	Sporomusa rhizae	357999		DSM 16652					GCF_041428845.1-RS_2024_08_23	2024-08-23	5829736	1	1	Complete Genome	2024-08-23		1	43.5							5466	Selenomonadales	98.35	4.91
ASM175068v1	GCF_001750685.1	GCA_001750685.1	Geosporobacter ferrireducens	1424294		IRF9					GCF_001750685.1-RS_2025_12_13	2025-12-13	5817221	2	2	Complete Genome	2016-10-03		2	38.5							5584	Clostridia	99.09	7.27
ASM1421783v1	GCF_014217835.1	GCA_014217835.1	Metabacillus elymi	2745198		KUDC1714					GCF_014217835.1-RS_2025_11_22	2025-11-22	5764082	1	1	Complete Genome	2020-08-17		1	35.5							5415	Bacillaceae	99.35	0.95
ASM96109v1	GCF_000961095.1	GCA_000961095.1	Paenibacillus beijingensis	1126833		DSM 24997					GCF_000961095.1-RS_2025_03_27	2025-03-27	5749967	1	1	Complete Genome	2015-03-24		1	52.5							5273	Paenibacillus	99.72	1.19
ASM75868v1	GCF_000758685.1	GCA_000758685.1	Paenibacillus stellifer	169760		DSM 14472					GCF_000758685.1-RS_2025_05_02	2025-05-02	5658798	1	1	Complete Genome	2014-09-22		1	53.5							5321	Paenibacillus	99.11	2.52
ASM2374655v1	GCF_023746555.1	GCA_023746555.1	Brevibacillus ruminantium	2950604		BB3-R1					GCF_023746555.1-RS_2025_12_10	2025-12-10	5636736	2	2	Complete Genome	2022-06-16		2	50							5556	Brevibacillus	87.64	13.67
ASM1814142v1	GCF_018141425.1	GCA_018141425.1	Vallitalea guaymasensis	1185412		Ra1766G1					GCF_018141425.1-RS_2025_12_13	2025-12-13	5626074	1	1	Complete Genome	2021-04-27		1	31							4854	Clostridia	99.09	6.36
ASM1421835v1	GCF_014218355.1	GCA_014218355.1	Anaerocolumna chitinilytica	1727145		CTTW					GCF_014218355.1-RS_2025_12_13	2025-12-13	5621910	1	1	Complete Genome	2020-08-07		1	38.5							4953	Lachnospiraceae	97.92	2.6
ASM654227v1	GCF_006542275.1	GCA_006542275.1	Saccharibacillus brassicae	2583377		ATSA2					GCF_006542275.1-RS_2025_05_04	2025-05-04	5619468	1	1	Complete Genome	2019-07-02		1	58.5							4759	Saccharibacillus	91.41	5.2
ASM993169v1	GCF_009931695.1	GCA_009931695.1	Anaerocolumna sedimenticola	2696063		CBA3638					GCF_009931695.1-RS_2025_12_13	2025-12-13	5500435	1	1	Complete Genome	2020-01-27		1	36.5							5041	Lachnospiraceae	91.48	3.72
SMWOGL2	GCF_041428715.1	GCA_041428715.1	Sporomusa malonica	112901		DSM 5090					GCF_041428715.1-RS_2024_08_23	2024-08-23	5312210	1	1	Complete Genome	2024-08-23		1	44.5							5088	Selenomonadales	100	3.42
ASM371306v1	GCF_003713065.1	GCA_003713065.1	Cohnella candidum	2674991		18JY8-7					GCF_003713065.1-RS_2025_03_31	2025-03-31	5289049	1	1	Complete Genome	2018-11-06		1	57							4908	Cohnella	95.31	11.09
ASM393185v1	GCF_003931855.1	GCA_003931855.1	Paenibacillus lentus	1338368		DSM 25539					GCF_003931855.1-RS_2025_05_04	2025-05-04	5288676	1	1	Complete Genome	2018-12-09		1	46.5							4750	Paenibacillus	99.65	0.56
ASM1663870v1	GCF_016638705.1	GCA_016638705.1	Lysinibacillus agricola	2590012		FJAT-51161					GCF_016638705.1-RS_2025_05_05	2025-05-05	5285903	1	1	Complete Genome	2021-01-14		1	36.5							5396	Lysinibacillus	83.59	10.01
ASM61250v1	GCF_000612505.1	GCA_000612505.1	Paenibacillus sabinae T27	1268072		T27					GCF_000612505.1-RS_2025_03_29	2025-03-29	5270569	1	1	Complete Genome	2014-04-04		1	52.5							4955	Paenibacillus	98.28	2.54
ASM216235v1	GCF_002162355.1	GCA_002162355.1	Tumebacillus avium	1903704		AR23208					GCF_002162355.1-RS_2025_12_13	2025-12-13	5249768	1	1	Complete Genome	2017-05-31		1	56							4861	Alicyclobacillaceae	93.84	10.08
ASM1729863v1	GCF_017298635.1	GCA_017298635.1	Alicyclobacillus mengziensis	2931921		S30H14					GCF_017298635.1-RS_2025_05_19	2025-05-19	5293537	2	2	Complete Genome	2021-03-08		2	51							4988	Alicyclobacillus	96.26	3.9
ASM186607v4	GCF_001866075.4	GCA_001866075.4	Anaerobacillus isosaccharinicus	1532552		NB2006					GCF_001866075.4-RS_2025_05_04	2025-05-04	5227226	1	1	Complete Genome	2025-04-22		1	36							5334	Bacillaceae	98.58	1.85
ASM764125v1	GCF_007641255.1	GCA_007641255.1	Sporomusa termitida	2377		DSM 4440					GCF_007641255.1-RS_2025_05_04	2025-05-04	5316008	2	2	Complete Genome	2019-07-30		2	49							5000	Selenomonadales	100	3.09
ASM1267690v1	GCF_012676905.1	GCA_012676905.1	Paenibacillus albicereus	2726185		UniB2					GCF_012676905.1-RS_2025_12_11	2025-12-11	5168992	1	1	Complete Genome	2020-04-21		1	63.5							4623	Paenibacillus	99.44	
ASM4470406v1	GCF_044704065.1	GCA_044704065.1	Niallia tiangongensis	3237105		JL1B1071					GCF_044704065.1-RS_2025_03_09	2025-03-09	5166230	1	1	Complete Genome	2024-11-09		1	35.5							4882	Bacillaceae	94.84	2.69
ASM168912v2	GCF_001689125.2	GCA_001689125.2	Blautia pseudococcoides	1796616		YL58					GCF_001689125.2-RS_2025_12_13	2025-12-13	5128746	1	1	Complete Genome	2017-04-05		1	45.5							4886	Blautia	98.16	1.49
ASM4623763v1	GCF_046237635.1	GCA_046237635.1	Peribacillus sedimenti	3115297		SCS-155					GCF_046237635.1-RS_2025_02_09	2025-02-09	5112234	1	1	Complete Genome	2024-12-21		1	41.5							4972	Bacillaceae	99.35	1.87
ASM1659197v1	GCF_016591975.1	GCA_016591975.1	Anaeromicropila herbilytica	2785025		TB5					GCF_016591975.1-RS_2024_12_16	2024-12-16	5089009	1	1	Complete Genome	2020-12-19		1	32.5							4356	Lachnospiraceae	98.12	2.59
ASM965009v1	GCF_009650095.1	GCA_009650095.1	Gracilibacillus salitolerans	2663022		SCU50					GCF_009650095.1-RS_2025_12_09	2025-12-09	5088110	1	1	Complete Genome	2019-11-12		1	36.5							4783	Bacillaceae	98.71	1.51
ASM3012720v1	GCF_030127205.1	GCA_030127205.1	Metabacillus hrfriensis	3048891		CT-WN-B3					GCF_030127205.1-RS_2025_04_14	2025-04-14	5065943	1	1	Complete Genome	2023-05-29		1	40							5024	Bacillaceae	100	1.24
ASM1993315v2	GCF_019933155.2	GCA_019933155.2	Metabacillus dongyingensis	2874282		BY2G20					GCF_019933155.2-RS_2025_03_28	2025-03-28	5416110	2	2	Complete Genome	2022-03-18		2	40							5351	Bacillaceae	99.89	0.59
ASM164460v1	GCF_001644605.1	GCA_001644605.1	Paenibacillus swuensis	1178515		DY6					GCF_001644605.1-RS_2025_12_11	2025-12-11	5012599	1	1	Complete Genome	2016-05-16		1	49							4573	Paenibacillus	99.06	0.56
ASM168539v1	GCF_001685395.1	GCA_001685395.1	Paenibacillus yonginensis	1462996		DCY84					GCF_001685395.1-RS_2025_03_05	2025-03-05	4985901	1	1	Complete Genome	2016-07-15		1	51							4590	Paenibacillus	98.63	0.67
ASM1524357v1	GCF_015243575.1	GCA_015243575.1	Anoxybacterium hadale	3408580		MT110					GCF_015243575.1-RS_2025_03_15	2025-03-15	4941017	1	1	Complete Genome	2020-11-05		1	44.5							4395	Clostridia	97.05	0.45
ASM3026393v1	GCF_030263935.1	GCA_030263935.1	Paenibacillus polygoni	3050112		C31					GCF_030263935.1-RS_2025_12_02	2025-12-02	4939088	1	1	Complete Genome	2023-06-13		1	42							4703	Paenibacillus	99.67	0.56
ASM2092343v1	GCF_020923435.1	GCA_020923435.1	Brevibacillus humidisoli	2895522		MMS20-4M-10-Y					GCF_020923435.1-RS_2025_04_01	2025-04-01	4908260	1	1	Complete Genome	2021-11-23		1	52							4840	Brevibacillus	79.72	10.46
ASM2291983v1	GCF_022919835.1	GCA_022919835.1	Halobacillus shinanisalinarum	2932258		SSTM10-2					GCF_022919835.1-RS_2025_11_23	2025-11-23	4887025	1	1	Complete Genome	2022-04-12		1	40.5							4917	Halobacillus	84.59	19.03
ASM2281849v1	GCF_022818495.1	GCA_022818495.1	Fodinisporobacter ferrooxydans	2901836		MYW30-H2					GCF_022818495.1-RS_2025_05_27	2025-05-27	4856687	1	1	Complete Genome	2022-04-05		1	44							4673	Alicyclobacillaceae	97.71	6.91
ASM547390v2	GCF_005473905.2	GCA_005473905.2	Ruminiclostridium herbifermentans	2488810		MA18					GCF_005473905.2-RS_2025_04_26	2025-04-26	4817678	1	1	Complete Genome	2020-09-22		1	33							3868	Ruminococcaceae	99.38	1.55
ASM2291957v1	GCF_022919575.1	GCA_022919575.1	Gracilibacillus salinarum	2932255		SSPM10-3					GCF_022919575.1-RS_2025_08_08	2025-08-08	4801263	1	1	Complete Genome	2022-04-12		1	39							4475	Bacillaceae	97.31	2.1
SPX	GCF_041428605.1	GCA_041428605.1	Sporomusa paucivorans	2376		DSM 3697					GCF_041428605.1-RS_2024_08_23	2024-08-23	4787310	1	1	Complete Genome	2024-09-02		1	47.5							4480	Selenomonadales	100	4.29
ASM396689v1	GCF_003966895.1	GCA_003966895.1	Methylomusa anaerophila	1930071		MMFC1					GCF_003966895.1-RS_2025_12_13	2025-12-13	4781198	1	1	Complete Genome	2018-09-11		1	46.5							4323	Selenomonadales	99.75	3.88
ASM3913470v1	GCF_039134705.1	GCA_039134705.1	Kineothrix sedimenti	3123317		IPX_CK					GCF_039134705.1-RS_2025_04_27	2025-04-27	4723253	1	1	Complete Genome	2024-05-03		1	43							4468	Lachnospiraceae	97.81	1.56
ASM2665160v1	GCF_026651605.1	GCA_026651605.1	Alicyclobacillus dauci	1475485		DSM 28700					GCF_026651605.1-RS_2025_12_09	2025-12-09	4881158	3	3	Complete Genome	2022-12-05		3	50.5							4926	Alicyclobacillus	97.78	7.3
ASM185794v1	GCF_001857945.1	GCA_001857945.1	Paenibacillus crassostreae	1763538		LPB0068					GCF_001857945.1-RS_2025_03_05	2025-03-05	4757181	4	4	Complete Genome	2016-10-31		4	40							4525	Paenibacillus	98.69	0.02
ASM1988478v1	GCF_019884785.1	GCA_019884785.1	Crassaminicella profunda	1286698		Ra1766H					GCF_019884785.1-RS_2025_05_06	2025-05-06	4589101	1	1	Complete Genome	2021-09-06		1	31.5							4261	Clostridiaceae	98.13	10.47
ASM4623759v1	GCF_046237595.1	GCA_046237595.1	Neobacillus oceani	3115292		SCS-31					GCF_046237595.1-RS_2025_02_16	2025-02-16	4610304	2	2	Complete Genome	2024-12-21		2	45							4632	Bacillaceae	98.39	1.03
ASM4827062v1	GCF_048270625.1	GCA_048270625.1	Bacillus haimaensis	3160967		CSS-39					GCF_048270625.1-RS_2025_03_03	2025-03-03	4544581	1	1	Complete Genome	2025-03-05		1	42.5							4569	Bacillus	95.05	0.2
ASM224351v1	GCF_002243515.1	GCA_002243515.1	Tumebacillus algifaecis	1214604		THMBR28					GCF_002243515.1-RS_2025_12_09	2025-12-09	4516965	1	1	Complete Genome	2017-08-08		1	53							4158	Alicyclobacillaceae	92.38	8.07
ASM1649572v1	GCF_016495725.1	GCA_016495725.1	Salicibibacter cibarius	2743000		NKC5-3					GCF_016495725.1-RS_2025_05_05	2025-05-05	4513310	1	1	Complete Genome	2021-01-05		1	44.5							4542	Bacillaceae	96.51	0.81
ASM2291911v1	GCF_022919115.1	GCA_022919115.1	Gracilibacillus caseinilyticus	2932256		SSWR10-1					GCF_022919115.1-RS_2025_08_13	2025-08-13	4509959	1	1	Complete Genome	2022-04-12		1	38.5							4346	Bacillaceae	98.71	2.1
ASM557743v1	GCF_005577435.1	GCA_005577435.1	Paenibacillus algicola	2565926		HB172198					GCF_005577435.1-RS_2025_12_09	2025-12-09	4475055	1	1	Complete Genome	2019-05-22		1	51							4207	Paenibacillus	99.72	0.11
ASM1640610v1	GCF_016406105.1	GCA_016406105.1	Brevibacillus composti	2796470		FJAT-54423					GCF_016406105.1-RS_2025_12_09	2025-12-09	4468589	2	2	Complete Genome	2020-12-27		2	54.5							4483	Brevibacillus	82.52	7.91
ASM2051966v1	GCF_020519665.1	GCA_020519665.1	Bacillus shivajii	1983719		JCM 32183					GCF_020519665.1-RS_2025_11_23	2025-11-23	4440119	1	1	Complete Genome	2021-10-18		1	38							4274	Bacillus	97.16	1.21
ASM4623760v1	GCF_046237605.1	GCA_046237605.1	Paraperibacillus marinus	3115295		SCS-26					GCF_046237605.1-RS_2025_02_09	2025-02-09	4408267	1	1	Complete Genome	2024-12-21		1	45.5							4426	Bacillaceae	99.35	0.34
ASM188916v1	GCF_001889165.1	GCA_001889165.1	Bacillus weihaiensis	1547283		Alg07					GCF_001889165.1-RS_2025_03_29	2025-03-29	4361276	2	2	Complete Genome	2016-12-05		2	36.5							4301	Bacillus	99.41	0.7
ASM222436v1	GCF_002224365.1	GCA_002224365.1	Virgibacillus necropolis	163877		LMG 19488					GCF_002224365.1-RS_2025_11_24	2025-11-24	4337422	1	1	Complete Genome	2017-07-24		1	37.5							4210	Bacillaceae	99.35	1.94
ASM897348v1	GCF_008973485.1	GCA_008973485.1	Psychrobacillus glaciei	2283160		PB01					GCF_008973485.1-RS_2025_11_23	2025-11-23	4351338	2	2	Complete Genome	2019-10-04		2	36							4208	Bacillaceae	99.35	0.65
ASM1677227v1	GCF_016772275.1	GCA_016772275.1	Heyndrickxia vini	1476025		JCM 19841					GCF_016772275.1-RS_2025_05_05	2025-05-05	4309805	1	1	Complete Genome	2021-01-29		1	36							4303	Bacillaceae	98.01	0.32
ASM4623762v1	GCF_046237625.1	GCA_046237625.1	Paraperibacillus esterisolvens	3115296		SCS-37					GCF_046237625.1-RS_2025_02_09	2025-02-09	4270749	1	1	Complete Genome	2024-12-21		1	45.5							4285	Bacillaceae	98.23	0.51
ASM4986056v1	GCF_049860565.1	GCA_049860565.1	Desulfitobacterium nosdiversum	3375356		Sab5					GCF_049860565.1-RS_2025_04_24	2025-04-24	4259800	1	1	Complete Genome	2025-05-13		1	41.5							4153	Clostridiales	99.12	1.75
ASM2291909v1	GCF_022919095.1	GCA_022919095.1	Halobacillus salinarum	2932257		SSBR10-3					GCF_022919095.1-RS_2025_11_23	2025-11-23	4240228	1	1	Complete Genome	2022-04-12		1	42.5							4380	Halobacillus	83.16	8.12
ASM413536v1	GCF_004135365.1	GCA_004135365.1	Paenibacillus protaetiae	2509456		FW100M-2					GCF_004135365.1-RS_2025_04_22	2025-04-22	4228822	1	1	Complete Genome	2019-02-03		1	51.5							4005	Paenibacillus	97.21	0.83
ASM2971418v1	GCF_029714185.1	GCA_029714185.1	Halobacillus naozhouensis	554880		KCTC 13234					GCF_029714185.1-RS_2025_05_17	2025-05-17	4237314	2	2	Complete Genome	2023-04-13		2	41.5							4341	Halobacillus	83.93	13.95
ASM4623764v1	GCF_046237645.1	GCA_046237645.1	Rossellomorea sedimentorum	3115294		SCS-153A					GCF_046237645.1-RS_2025_02_09	2025-02-09	4200439	1	1	Complete Genome	2024-12-21		1	42.5							4091	Bacillus	98.24	0.81
ASM2292111v1	GCF_022921115.1	GCA_022921115.1	Halobacillus amylolyticus	2932259		SSHM10-5					GCF_022921115.1-RS_2025_11_23	2025-11-23	4299351	2	2	Complete Genome	2022-04-12		2	40.5							4383	Halobacillus	82.39	12.66
SCACP	GCF_041428575.1	GCA_041428575.1	Sporomusa carbonis	3076075		ACPt					GCF_041428575.1-RS_2025_04_19	2025-04-19	4144804	1	1	Complete Genome	2025-04-21		1	46							4243	Selenomonadales	100	2.59
ASM2954262v1	GCF_029542625.1	GCA_029542625.1	Tepidibacter hydrothermalis	3036126		SWIR-1					GCF_029542625.1-RS_2025_02_27	2025-02-27	4161809	2	2	Complete Genome	2023-04-03		2	29.5							4029	Peptostreptococcaceae	98.01	1.32
ASM2874780v1	GCF_028747805.1	GCA_028747805.1	Solibacillus daqui	2912187		ZS111008			Daqu		GCF_028747805.1-RS_2025_03_27	2025-03-27	4107949	1	1	Complete Genome	2023-02-21		1	37							4071	Planococcaceae	92.47	9.06
ASM335200v1	GCF_003352005.1	GCA_003352005.1	Oceanobacillus zhaokaii	2052660		160					GCF_003352005.1-RS_2025_04_12	2025-04-12	4103611	1	1	Complete Genome	2018-08-01		1	37							4035	Oceanobacillus	67.4	20.62
ASM1779202v1	GCF_017792025.1	GCA_017792025.1	Sediminibacillus dalangtanensis	2729421		DP4-553-S					GCF_017792025.1-RS_2025_09_12	2025-09-12	4100703	1	1	Complete Genome	2021-04-06		1	43.5							4010	Bacillaceae	99.03	0.22
ASM2139007v1	GCF_021390075.1	GCA_021390075.1	Cytobacillus spongiae	2901381		CY-G					GCF_021390075.1-RS_2025_06_10	2025-06-10	4789051	2	2	Complete Genome	2022-01-08		2	39							4854	Bacillaceae	99.35	9.03
118465	GCF_047456275.1	GCA_047456275.1	Acetobacterium carbinolicum	52690		DSM 2925					GCF_047456275.1-RS_2025_02_06	2025-02-06	4094424	1	1	Complete Genome	2025-02-06		1	42.5							3822	Eubacteriaceae	100	0.71
ASM221677v1	GCF_002216775.1	GCA_002216775.1	Virgibacillus phasianinus	2017483		LM2416					GCF_002216775.1-RS_2025_05_03	2025-05-03	4071214	1	1	Complete Genome	2017-07-12		1	39.5							4010	Bacillaceae	97.42	0.05
ASM2873587v1	GCF_028735875.1	GCA_028735875.1	Shouchella hunanensis	766894		DSM 23008					GCF_028735875.1-RS_2025_06_17	2025-06-17	4064600	1	1	Complete Genome	2023-02-19		1	40							4180	Bacillaceae	100	0.16
ASM3120228v1	GCF_031202285.1	GCA_031202285.1	Terrisporobacter mayombei	1541		DSM 6539					GCF_031202285.1-RS_2025_02_27	2025-02-27	4064271	3	3	Complete Genome	2023-09-06		3	29							4064	Peptostreptococcaceae	100	0.99
TPELB	GCF_051148895.1	GCA_051148895.1	Terrisporobacter vanillatitrophus	3058402		COM					GCF_051148895.1-RS_2025_06_30	2025-06-30	4062251	4	4	Complete Genome	2025-07-01		4	28.5							3975	Peptostreptococcaceae	100	0.66
ASM396351v1	GCF_003963515.1	GCA_003963515.1	Brevibacillus marinus	2496837		SCSIO 07484					GCF_003963515.1-RS_2025_04_01	2025-04-01	4079826	2	2	Complete Genome	2018-12-23		2	56							3934	Brevibacillus	75.39	9.64
ASM696554v2	GCF_006965545.2	GCA_006965545.2	Paenalkalicoccus suaedae	2592382		M4U3P1					GCF_006965545.2-RS_2025_05_26	2025-05-26	4040495	3	3	Complete Genome	2020-06-16		3	43							4016	Bacillaceae	99.35	0.81
ASM2104924v1	GCF_021049245.1	GCA_021049245.1	Radiobacillus kanasensis	2844358		80					GCF_021049245.1-RS_2025_12_11	2025-12-11	4031766	2	2	Complete Genome	2021-12-06		2	39							4094	Bacillaceae	98.71	0.58
ASM1428751v2	GCF_014287515.2	GCA_014287515.2	Roseburia rectibacter	2763062		NSJ-69					GCF_014287515.2-RS_2025_12_13	2025-12-13	3959994	1	1	Complete Genome	2022-03-09		1	41.5							3644	Roseburia	89.13	11.62
ASM3041359v1	GCF_030413595.1	GCA_030413595.1	Planococcus liqunii	3058394		N056					GCF_030413595.1-RS_2025_07_19	2025-07-19	3955745	1	1	Complete Genome	2023-07-10		1	46.5							3917	Planococcus	87.97	19.54
ASM1433721v1	GCF_014337215.1	GCA_014337215.1	Wansuia hejianensis	2763667		NSJ-29					GCF_014337215.1-RS_2024_12_16	2024-12-16	3949724	1	1	Complete Genome	2020-08-31		1	49.5							3673	Lachnospiraceae	99.06	1.15
ASM1775114v1	GCF_017751145.1	GCA_017751145.1	Iocasia fonsfrigidae	2682810		NS-1					GCF_017751145.1-RS_2025_12_11	2025-12-11	3926493	1	1	Complete Genome	2021-04-05		1	35							3809	Halanaerobiaceae	89	17.55
ASM436758v1	GCF_004367585.1	GCA_004367585.1	Paenisporosarcina antarctica	417367		CGMCC 1.6503					GCF_004367585.1-RS_2025_12_09	2025-12-09	3972524	2	2	Complete Genome	2019-03-22		2	37							3815	Planococcaceae	94.44	4.9
ASM130780v2	GCF_001307805.1	GCA_001307805.2	Lentibacillus amyloliquefaciens	1472767		LAM0015					GCF_001307805.1-RS_2025_03_03	2025-03-03	3858284	1	1	Complete Genome	2016-01-12		1	42							3945	Bacillaceae	92.5	2.47
ASM2847190v1	GCF_028471905.1	GCA_028471905.1	Aneurinibacillus uraniidurans	2966586		B1					GCF_028471905.1-RS_2025_04_07	2025-04-07	3853322	1	1	Complete Genome	2023-02-06		1	45.5							3887	Paenibacillaceae	97.53	2.46
ASM219764v1	GCF_002197645.1	GCA_002197645.1	Enterococcus wangshanyuanii	2005703		MN05					GCF_002197645.1-RS_2025_03_05	2025-03-05	4155954	5	5	Complete Genome	2017-06-19		5	37.5							4234	Enterococcus	98.47	4.16
ASM2156003v1	GCF_021560035.1	GCA_021560035.1	Virgibacillus salidurans	2831673		NKC19-16					GCF_021560035.1-RS_2025_08_18	2025-08-18	3829764	1	1	Complete Genome	2022-01-24		1	39.5							3861	Bacillaceae	98.73	1.29
ASM3971900v1	GCF_039719005.1	GCA_039719005.1	Bengtsoniella intestinalis	3073143		BP47G					GCF_039719005.1-RS_2024_12_28	2024-12-28	3827159	1	1	Complete Genome	2024-12-28		1	48.5							3670	Ruminococcaceae	94.18	4.8
ASM154401v1	GCF_001544015.1	GCA_001544015.1	Limnochorda pilosa	1555112		HC45					GCF_001544015.1-RS_2025_12_11	2025-12-11	3817036	1	1	Complete Genome	2015-08-21		1	69.5							3603	Bacteria	98.28	
ASM1649586v1	GCF_016495865.1	GCA_016495865.1	Salicibibacter cibi	2743001		NKC21-4					GCF_016495865.1-RS_2025_05_05	2025-05-05	3814380	1	1	Complete Genome	2021-01-05		1	45							3896	Bacillaceae	95.81	1.16
ASM74602v2	GCF_000746025.2	GCA_000746025.2	Thermanaerosceptrum fracticalcis	1712410		DRI-13					GCF_000746025.2-RS_2025_03_28	2025-03-28	3805411	1	1	Complete Genome	2020-08-27		1	45							3899	Peptococcaceae	98.37	3.05
ASM635192v1	GCF_006351925.1	GCA_006351925.1	Clostridium thermarum	1716543		SYSU GA15002					GCF_006351925.1-RS_2025_04_13	2025-04-13	3805212	1	1	Complete Genome	2019-06-17		1	37							3631	Clostridium	97.52	1.86
M3-9	GCF_940670685.1	GCA_940670685.1	Anaeropeptidivorans aminofermentans	2934315		M3/9					GCF_940670685.1-RS_2025_12_13	2025-12-13	3757330	1	1	Complete Genome	2022-05-11		1	38.5							3198	Lachnospiraceae	94.38	3.96
ASM674070v1	GCF_006740705.1	GCA_006740705.1	Salicibibacter halophilus	2502791		NKC3-5					GCF_006740705.1-RS_2025_11_24	2025-11-24	3754174	1	1	Complete Genome	2019-07-08		1	46							3820	Bacillaceae	94.75	1.61
ASM4363358v1	GCF_043633585.1	GCA_043633585.1	Lacrimispora sinapis	3111456		JR3					GCF_043633585.1-RS_2025_02_16	2025-02-16	3753647	1	1	Complete Genome	2024-10-24		1	44							3543	Lachnospiraceae	98.06	1.65
ASM2718626v1	GCF_027186265.1	GCA_027186265.1	Lentibacillus daqui	2911514		ZS110521					GCF_027186265.1-RS_2025_08_08	2025-08-08	3752521	1	1	Complete Genome	2022-12-21		1	40.5							3753	Bacillaceae	97.24	0.22
ASM410371v1	GCF_004103715.1	GCA_004103715.1	Acidilutibacter cellobiosedens	2507161		JN-28					GCF_004103715.1-RS_2025_11_27	2025-11-27	3743723	1	1	Complete Genome	2019-01-23		1	33.5							3684	Bacteria	98.28	0.86
ASM326859v1	GCF_003268595.1	GCA_003268595.1	Paraliobacillus zengyii	2213194		X-1125					GCF_003268595.1-RS_2025_04_05	2025-04-05	3728451	1	1	Complete Genome	2018-06-27		1	35							3679	Bacillaceae	93.55	1.08
ASM3557369v1	GCF_035573695.1	GCA_035573695.1	Metallumcola ferriviriculae	3039180		MK1					GCF_035573695.1-RS_2025_05_18	2025-05-18	3720236	1	1	Complete Genome	2024-01-10		1	43.5							3688	Clostridia	99.09	0.91
ASM199990v1	GCF_001999905.1	GCA_001999905.1	Planococcus lenghuensis	2213202		Y42					GCF_001999905.1-RS_2025_12_13	2025-12-13	4149733	4	4	Complete Genome	2017-02-15		4	48.5							4206	Planococcus	77.94	21.76
ASM1446701v1	GCF_014467015.1	GCA_014467015.1	Alkalicella caledoniensis	2731377		LB2					GCF_014467015.1-RS_2025_05_05	2025-05-05	3695371	1	1	Complete Genome	2020-09-03		1	36							3646	Clostridiales	97.77	2.63
ASM801477v2	GCF_008014775.2	GCA_008014775.2	Alkalicoccus halolimnae	1667239		BZ-SZ-XJ29					GCF_008014775.2-RS_2025_04_05	2025-04-05	3694897	1	1	Complete Genome	2024-04-05		1	45							3361	Bacillaceae	95.38	
ASM333636v1	GCF_003336365.1	GCA_003336365.1	Salicibibacter kimchii	2099786		NKC1-1					GCF_003336365.1-RS_2025_03_05	2025-03-05	3641602	1	1	Complete Genome	2018-07-24		1	45							3763	Bacillaceae	96.68	0.97
ASM200516v1	GCF_002005165.1	GCA_002005165.1	Novibacillus thermophilus	1471761		SG-1					GCF_002005165.1-RS_2025_03_05	2025-03-05	3629225	1	1	Complete Genome	2017-02-21		1	50.5							3648	Thermoactinomycetaceae	71.5	15.06
Tepidibacter_sp_8C15b	GCF_934924865.1	GCA_934924865.1	Tepidibacter aestuarii	2925782		8C15b					GCF_934924865.1-RS_2025_12_13	2025-12-13	3666533	2	2	Complete Genome	2022-04-28		2	30							3648	Peptostreptococcaceae	98.01	1.32
ASM4012605v1	GCF_040126055.1	GCA_040126055.1	Pseudalkalibacillus nanhaiensis	3115291		SCS-8					GCF_040126055.1-RS_2025_02_09	2025-02-09	3623697	1	1	Complete Genome	2024-06-13		1	43							3742	Bacillales	99.25	1.24
ASM730151v1	GCF_007301515.1	GCA_007301515.1	Radiobacillus deserti	2594883		TKL69					GCF_007301515.1-RS_2025_12_09	2025-12-09	3615398	1	1	Complete Genome	2019-07-23		1	38.5							3825	Bacillaceae	96.16	0.86
ASM4586553v1	GCF_045865535.1	GCA_045865535.1	Owariibacterium komagatae	3136601		13GAM1G					GCF_045865535.1-RS_2025_01_19	2025-01-19	3606305	1	1	Complete Genome	2024-12-11		1	54.5							3604	Ruminococcaceae	99.07	1.94
ASM2599983v1	GCF_025999835.1	GCA_025999835.1	Caldinitratiruptor microaerophilus	671077		JCM 16183					GCF_025999835.1-RS_2025_11_26	2025-11-26	3599694	1	1	Complete Genome	2022-10-15		1	71							3534	Clostridiales	95.61	1.75
ASM528065v1	GCF_005280655.1	GCA_005280655.1	Anaerostipes rhamnosivorans	1229621		1y2					GCF_005280655.1-RS_2025_12_13	2025-12-13	3588860	1	1	Complete Genome	2019-05-12		1	44.5							3558	Lachnospiraceae	98.1	3.54
ASM172168v1	GCF_001721685.1	GCA_001721685.1	Salisediminibacterium beveridgei	632773		MLTeJB					GCF_001721685.1-RS_2025_12_09	2025-12-09	3582268	1	1	Complete Genome	2016-09-08		1	46							3465	Bacillaceae	95.86	
ASM1433717v1	GCF_014337175.1	GCA_014337175.1	Simiaoa sunii	2763672		NSJ-8					GCF_014337175.1-RS_2025_12_13	2025-12-13	3572951	1	1	Complete Genome	2020-08-31		1	46							3338	Lachnospiraceae	98.75	
ASM1328221v1	GCF_013282215.1	GCA_013282215.1	Kroppenstedtia eburnea	714067		DSM 45196					GCF_013282215.1-RS_2025_04_27	2025-04-27	3564999	1	1	Complete Genome	2020-06-05		1	54							3562	Thermoactinomycetaceae	95.2	2.43
ASM2255844v1	GCF_022558445.1	GCA_022558445.1	Candidatus Contubernalis alkaliaceticus	338645		Z-7904					GCF_022558445.1-RS_2025_12_02	2025-12-02	3558951	1	1	Complete Genome	2022-03-14		1	41							3566	Bacteria	100	4.31
PRJNA448822_chromosome	GCF_900538275.1	GCA_900538275.1	Petrocella atlantisensis	2173034					70B-A		GCF_900538275.1-RS_2025_12_13	2025-12-13	3518882	1	1	Complete Genome	2018-11-28		1	37.5							3278	Clostridia	99.09	1.36
ASM1515959v1	GCF_015159595.1	GCA_015159595.1	Blautia liquoris	2779518		LZLJ-3					GCF_015159595.1-RS_2025_12_13	2025-12-13	3518434	1	1	Complete Genome	2020-10-31		1	42							3229	Blautia	87.9	1.72
ASM1012071v1	GCF_010120715.1	GCA_010120715.1	Aminipila terrae	2697030		CBA3637					GCF_010120715.1-RS_2025_12_13	2025-12-13	3512404	1	1	Complete Genome	2020-01-19		1	37							3529	Clostridia	86.82	0.91
ASM146579v2	GCF_001465795.2	GCA_001465795.2	Planococcus rifietoensis	200991		M8					GCF_001465795.2-RS_2025_03_03	2025-03-03	3505011	1	1	Complete Genome	2016-01-25		1	48.5							3534	Planococcus	86.41	9.46
ASM3330461v1	GCF_033304615.1	GCA_033304615.1	Sporosarcina oncorhynchi	3056444		T2O-4					GCF_033304615.1-RS_2025_06_02	2025-06-02	3480384	1	1	Complete Genome	2023-11-03		1	42.5							3465	Sporosarcina	93.5	5.89
ASM1509705v1	GCF_015097055.1	GCA_015097055.1	Effusibacillus dendaii	2743772		skT53					GCF_015097055.1-RS_2025_11_23	2025-11-23	3454394	1	1	Complete Genome	2020-10-05		1	48							3712	Alicyclobacillaceae	97.79	4.82
ASM175320v1	GCF_001753205.1	GCA_001753205.1	Sporosarcina ureilytica	298596		LMG 22257					GCF_001753205.1-RS_2025_05_02	2025-05-02	3436578	1	1	Complete Genome	2016-10-06		1	39							3372	Sporosarcina	89.03	7.21
ASM1886624v1	GCF_018866245.1	GCA_018866245.1	Novisyntrophococcus fermenticellae	2068655		JN500902					GCF_018866245.1-RS_2025_12_13	2025-12-13	3420321	1	1	Complete Genome	2021-06-14		1	43.5							3192	Lachnospiraceae	97.81	
ASM1811858v1	GCF_018118585.1	GCA_018118585.1	Aristaeella lactis	3046383		WTE2008					GCF_018118585.1-RS_2025_08_08	2025-08-08	3450610	2	2	Complete Genome	2021-04-21		2	53.5							3102	Clostridiales	96.46	0.29
ASM3006783v1	GCF_030067835.1	GCA_030067835.1	Chakrabartyella piscis	2918914		BP5G					GCF_030067835.1-RS_2025_02_27	2025-02-27	3403101	1	1	Complete Genome	2023-05-24		1	38.5							3096	Lachnospiraceae	92.5	0.51
ASM1812894v1	GCF_018128945.1	GCA_018128945.1	Aristaeella hokkaidonensis	3046382		R-7					GCF_018128945.1-RS_2025_08_08	2025-08-08	3390518	1	1	Complete Genome	2021-04-22		1	53							3037	Clostridiales	95.61	1.17
ASM1326558v1	GCF_013265585.1	GCA_013265585.1	Kroppenstedtia pulmonis	1380685		W9323					GCF_013265585.1-RS_2025_05_05	2025-05-05	3345811	1	1	Complete Genome	2020-06-03		1	46.5							3252	Thermoactinomycetaceae	83.55	5.57
ASM1066930v1	GCF_010669305.1	GCA_010669305.1	Aminipila butyrica	433296		DSM 103574					GCF_010669305.1-RS_2025_12_13	2025-12-13	3334849	1	1	Complete Genome	2020-02-17		1	45							3139	Clostridia	98.18	0.45
ASM435352v2	GCF_004353525.1	GCA_004353525.2	Zhaonella formicivorans	2528593		K32					GCF_004353525.1-RS_2025_05_18	2025-05-18	3314304	1	1	Complete Genome	2021-11-01		1	45.5							3249	Clostridia	99.09	1.82
ASM3559330v1	GCF_035593305.1	GCA_035593305.1	Carboxydichorda subterranea	3109565		L945					GCF_035593305.1-RS_2025_11_23	2025-11-23	3313549	1	1	Complete Genome	2024-01-11		1	69.5							3109	Bacteria	99.14	
ASM328789v1	GCF_003287895.1	GCA_003287895.1	Blautia argi	1912897		KCTC 15426					GCF_003287895.1-RS_2025_12_13	2025-12-13	3297975	1	1	Complete Genome	2018-07-04		1	42							3218	Blautia	87.09	1.49
AMBF275_2_hybrid	GCF_947539765.1	GCA_947539765.1	Lactiplantibacillus carotarum	2993456		AMBF275					GCF_947539765.1-RS_2025_11_28	2025-11-28	3447133	9	9	Complete Genome	2023-03-10		9	47.5							3517	Lactobacillaceae	80.33	0.98
ASM1935539v1	GCF_019355395.1	GCA_019355395.1	Chordicoccus furentiruminis	2709410		MP1D12					GCF_019355395.1-RS_2025_12_13	2025-12-13	3267205	1	1	Complete Genome	2021-07-27		1	56.5							2966	Lachnospiraceae	96.88	0.62
ASM2253940v1	GCF_022539405.1	GCA_022539405.1	Natranaerofaba carboxydovora	2742683		ANCO1					GCF_022539405.1-RS_2025_03_29	2025-03-29	3264732	1	1	Complete Genome	2022-03-10		1	35.5							3142	Clostridia	98.18	1.82
ASM200514v1	GCF_002005145.1	GCA_002005145.1	Desulforamulus ferrireducens	1833852		GSS09					GCF_002005145.1-RS_2025_03_27	2025-03-27	3240180	1	1	Complete Genome	2017-02-21		1	45.5							3225	Peptococcaceae	100	1.2
ASM4050047v1	GCF_040500475.1	GCA_040500475.1	Bacillus maqinnsis	3229854		Bos-x6-28					GCF_040500475.1-RS_2024_07_04	2024-07-04	3329571	3	3	Complete Genome	2024-07-04		3	40							3494	Bacillus	98.92	0.29
ASM2466189v1	GCF_024661895.1	GCA_024661895.1	Fundicoccus culcitae	2969821		DM20194951					GCF_024661895.1-RS_2025_11_20	2025-11-20	3224940	1	1	Complete Genome	2022-08-15		1	38							2921	Aerococcaceae	98.8	2.39
ASM964995v1	GCF_009649955.1	GCA_009649955.1	Heliorestis convoluta	356322		HH					GCF_009649955.1-RS_2025_07_29	2025-07-29	3218981	1	1	Complete Genome	2019-11-12		1	43							3093	Clostridiales	97.16	
ASM392587v1	GCF_003925875.1	GCA_003925875.1	Intestinibaculum porci	2487118		SG0102					GCF_003925875.1-RS_2025_12_13	2025-12-13	3212924	1	1	Complete Genome	2018-11-14		1	39.5							3098	Erysipelotrichaceae	99.37	1.26
ASM3330459v1	GCF_033304595.1	GCA_033304595.1	Sporosarcina jeotgali	3020056		B2O-1					GCF_033304595.1-RS_2025_06_02	2025-06-02	3203634	1	1	Complete Genome	2023-11-03		1	43.5							3233	Sporosarcina	87.76	5.69
ASM1832642v1	GCF_018326425.1	GCA_018326425.1	Polycladomyces abyssicola	1125966		JIR-001					GCF_018326425.1-RS_2025_03_28	2025-03-28	3197230	1	1	Complete Genome	2021-04-30		1	52							3207	Thermoactinomycetaceae	82.73	10.14
ASM1295560v1	GCF_012955605.1	GCA_012955605.1	Bacillus fonticola	2728853		CS13					GCF_012955605.1-RS_2025_12_09	2025-12-09	3159449	1	1	Complete Genome	2020-05-03		1	43.5							3136	Bacillus	96.98	0.29
ASM2654722v1	GCF_026547225.1	GCA_026547225.1	Fervidibacillus albus	2980026		MEBiC13591					GCF_026547225.1-RS_2025_03_29	2025-03-29	3150493	1	1	Complete Genome	2022-11-30		1	39							3021	Bacillaceae	95.81	0.22
ASM2270119v1	GCF_022701195.1	GCA_022701195.1	Allobaculum mucilyticum	2834459		128					GCF_022701195.1-RS_2025_04_10	2025-04-10	3144153	1	1	Complete Genome	2022-03-28		1	48.5							2619	Erysipelotrichaceae	94.77	3.52
ASM1548258v1	GCF_015482585.1	GCA_015482585.1	Mangrovibacillus cuniculi	2593652		R1DC41					GCF_015482585.1-RS_2025_03_29	2025-03-29	3153416	2	2	Complete Genome	2020-11-16		2	38.5							3232	Bacillaceae	97.38	0.17
ASM3077029v1	GCF_030770295.1	GCA_030770295.1	Lacticaseibacillus styriensis	3068306		NCIMB 15473					GCF_030770295.1-RS_2025_08_11	2025-08-11	3134053	1	1	Complete Genome	2023-08-17		1	48							2946	Lactobacillaceae	98.91	0.11
ASM3309750v1	GCF_033097505.1	GCA_033097505.1	Helicovermis profundi	3065157		S502					GCF_033097505.1-RS_2025_04_05	2025-04-05	3122901	1	1	Complete Genome	2023-08-05		1	28							2855	Clostridia	100	0.91
ASM3029677v1	GCF_030296775.1	GCA_030296775.1	Claveliimonas bilis	3028070		12BBH14					GCF_030296775.1-RS_2025_02_27	2025-02-27	3111590	1	1	Complete Genome	2023-05-11		1	44							3024	Lachnospiraceae	98.75	0.83
ASM1730161v1	GCF_017301615.1	GCA_017301615.1	Koleobacter methoxysyntrophicus	2751313		NRmbB1					GCF_017301615.1-RS_2025_04_04	2025-04-04	3102782	1	1	Complete Genome	2021-03-08		1	41							3065	Clostridia	99.09	1.39
ASM2972635v1	GCF_029726355.1	GCA_029726355.1	Lacticaseibacillus huelsenbergensis	3035291		DSM 115425					GCF_029726355.1-RS_2025_11_20	2025-11-20	3094327	1	1	Complete Genome	2023-04-03		1	48							2874	Lactobacillaceae	98.91	0.84
ASM4026768v1	GCF_040267685.1	GCA_040267685.1	Proteinivorax tanatarense	1260629		Z-910T					GCF_040267685.1-RS_2025_06_23	2025-06-23	3091218	1	1	Complete Genome	2024-06-24		1	35							3008	Clostridiales	99.12	2.63
ASM1433719v1	GCF_014337195.1	GCA_014337195.1	Qiania dongpingensis	2763669		NSJ-38					GCF_014337195.1-RS_2025_12_13	2025-12-13	3084832	1	1	Complete Genome	2020-08-31		1	49							2900	Lachnospiraceae	97.92	0.62
ASM3040677v1	GCF_030406775.1	GCA_030406775.1	Sporosarcina trichiuri	3056445		0.2-SM1T-5					GCF_030406775.1-RS_2025_06_02	2025-06-02	3056487	1	1	Complete Genome	2023-07-05		1	54							3120	Sporosarcina	86.58	4.68
ASM3077026v1	GCF_030770265.1	GCA_030770265.1	Lacticaseibacillus parahuelsenbergensis	3068305		NCIMB 15471					GCF_030770265.1-RS_2025_08_16	2025-08-16	3055873	1	1	Complete Genome	2023-08-17		1	48							2859	Lactobacillaceae	98.91	0.76
ASM815232v1	GCF_008152325.1	GCA_008152325.1	Crassaminicella thermophila	2599308		SY095					GCF_008152325.1-RS_2025_12_13	2025-12-13	3083380	2	2	Complete Genome	2019-08-30		2	31							3231	Clostridiaceae	96.75	6.54
ASM1130419v1	GCF_011304195.1	GCA_011304195.1	Vagococcus hydrophili	2714947		HDW17B					GCF_011304195.1-RS_2025_03_28	2025-03-28	3045783	1	1	Complete Genome	2020-03-16		1	34.5							2986	Enterococcaceae	94.92	4.88
ASM435832v1	GCF_004358325.1	GCA_004358325.1	Periweissella cryptocerci	2506420		26KH-42					GCF_004358325.1-RS_2025_04_13	2025-04-13	3020651	1	1	Complete Genome	2019-03-20		1	41							2764	Lactobacillaceae	98.35	1.45
ASM3559326v1	GCF_035593265.1	GCA_035593265.1	Geochorda subterranea	3109564		LN					GCF_035593265.1-RS_2025_11_23	2025-11-23	3019339	1	1	Complete Genome	2024-01-11		1	71							2940	Bacteria	96.55	
ASM3839663v1	GCF_038396635.1	GCA_038396635.1	Defluviitalea saccharophila	879970		LIND6LT2					GCF_038396635.1-RS_2025_04_23	2025-04-23	3014560	1	1	Complete Genome	2024-04-23		1	36							2894	Clostridia	97.95	0.45
ASM1446705v1	GCF_014467055.1	GCA_014467055.1	Caproicibacterium amylolyticum	2766537		LBM18003					GCF_014467055.1-RS_2025_05_05	2025-05-05	2996201	1	1	Complete Genome	2020-09-03		1	48.5							2916	Ruminococcaceae	99.38	0.23
ASM3794950v1	GCF_037949505.1	GCA_037949505.1	Tepidibacillus marianensis	3131995		LSZ-M11000					GCF_037949505.1-RS_2024_11_20	2024-11-20	2965063	1	1	Complete Genome	2024-04-05		1	38							3411	Bacillaceae	66.24	2.42
ASM395575v1	GCF_003955755.1	GCA_003955755.1	Jeotgalibaca ciconiae	2496265		H21T32					GCF_003955755.1-RS_2025_12_09	2025-12-09	2950593	1	1	Complete Genome	2018-12-19		1	37							2774	Carnobacteriaceae	99.49	3.13
ASM1433715v1	GCF_014337155.1	GCA_014337155.1	Wujia chipingensis	2763670		NSJ-4					GCF_014337155.1-RS_2025_12_13	2025-12-13	2942917	1	1	Complete Genome	2020-08-31		1	44							2756	Lachnospiraceae	98.12	0.78
ASM2654720v1	GCF_026547205.1	GCA_026547205.1	Fervidibacillus halotolerans	2980027		MEBiC13594					GCF_026547205.1-RS_2025_03_29	2025-03-29	2938013	1	1	Complete Genome	2022-11-30		1	38							2786	Bacillaceae	95.59	0.22
M2/40	GCF_000577895.1	GCA_000577895.1	Clostridium bornimense	1216932		M2/40					GCF_000577895.1-RS_2025_04_11	2025-04-11	3617025	2	2	Complete Genome	2014-02-11		2	29.5							3391	Clostridium	98.76	2.74
ASM2921132v2	GCF_029211325.2	GCA_029211325.2	Caproicibacterium argilliputei	3030016		ZCY20-5					GCF_029211325.2-RS_2025_12_09	2025-12-09	2904997	1	1	Complete Genome	2023-10-16		1	52							2826	Ruminococcaceae	98.14	0.31
ASM1840870v1	GCF_018408705.1	GCA_018408705.1	Pusillibacter faecalis	2714358		MM59					GCF_018408705.1-RS_2025_05_18	2025-05-18	3407680	3	3	Complete Genome	2021-04-12		3	55.5							3480	Ruminococcaceae	98.14	0.75
ASM4352071v1	GCF_043520715.1	GCA_043520715.1	Megasphaera hexanoica	1675036		MH					GCF_043520715.1-RS_2024_10_22	2024-10-22	2882434	1	1	Complete Genome	2024-10-24		1	49							2790	Megasphaera	99.18	7
Z710-final	GCF_040515995.1	GCA_040515995.1	Proteinivorax hydrogeniformans	1826727		Z-710					GCF_040515995.1-RS_2024_07_05	2024-07-05	2833627	1	1	Complete Genome	2024-07-05		1	37							2722	Clostridiales	99.12	2.19
ASM2998309v1	GCF_029983095.1	GCA_029983095.1	Enterococcus montenegrensis	3031993		CoE-012-22					GCF_029983095.1-RS_2025_12_09	2025-12-09	2829429	1	1	Complete Genome	2023-05-11		1	37.5							2706	Enterococcus	96.75	2.04
ASM360035v1	GCF_003600355.1	GCA_003600355.1	Clostridium fermenticellae	2068654		JN500901					GCF_003600355.1-RS_2025_04_13	2025-04-13	2819963	1	1	Complete Genome	2018-09-26		1	31							2651	Clostridium	98.76	0.16
ASM3029440v1	GCF_030294405.1	GCA_030294405.1	Staphylococcus casei	201828		DSM 15096					GCF_030294405.1-RS_2025_06_20	2025-06-20	2913362	9	9	Complete Genome	2023-06-20		9	33							2822	Staphylococcus	99.03	1.17
ASM83164v3	GCF_000831645.3	GCA_000831645.3	Companilactobacillus heilongjiangensis	1074467		DSM 28069					GCF_000831645.3-RS_2025_05_02	2025-05-02	2790548	1	1	Complete Genome	2015-08-31		1	37.5							2499	Lactobacillaceae	98.97	1.82
43874_A01	GCF_900636685.1	GCA_900636685.1	Staphylococcus schweitzeri	1654388		NCTC13712					GCF_900636685.1-RS_2025_12_13	2025-12-13	2784939	1	1	Complete Genome	2018-12-20		1	32.5							2691	Staphylococcus	99.7	0.08
MCACP	GCF_045278715.1	GCA_045278715.1	Neomoorella carbonis	3062783		ACPs					GCF_045278715.1-RS_2025_05_18	2025-05-18	2773270	1	1	Complete Genome	2024-11-26		1	54.5							2833	Moorella	89.94	9.91
ASM1920318v1	GCF_019203185.1	GCA_019203185.1	Crassaminicella indica	2855394		143-21					GCF_019203185.1-RS_2025_03_28	2025-03-28	2756133	1	1	Complete Genome	2021-07-13		1	31							2651	Clostridiaceae	98.17	2.13
ASM410373v1	GCF_004103735.1	GCA_004103735.1	Aminipila luticellarii	2507160		JN-18					GCF_004103735.1-RS_2025_12_13	2025-12-13	2750839	1	1	Complete Genome	2019-01-23		1	42.5							2598	Clostridia	99.09	0.45
ASM1139711v1	GCF_011397115.1	GCA_011397115.1	Enterococcus saigonensis	1805431		VE80					GCF_011397115.1-RS_2025_12_13	2025-12-13	2844986	4	4	Complete Genome	2020-02-26		4	36.5							2768	Enterococcus	97.52	2.7
ASM3076280v1	GCF_030762805.1	GCA_030762805.1	Aciduricibacillus chroicocephali	3054939		44XB					GCF_030762805.1-RS_2025_05_31	2025-05-31	2730537	1	1	Complete Genome	2023-08-16		1	42.5							2779	Bacillaceae	96.98	0.66
ASM385649v1	GCF_003856495.1	GCA_003856495.1	Staphylospora marina	2490858		SCSIO 07575					GCF_003856495.1-RS_2025_03_31	2025-03-31	2751094	2	2	Complete Genome	2018-12-03		2	56.5							2779	Thermoactinomycetaceae	77.98	5.67
ASM696544v1	GCF_006965445.1	GCA_006965445.1	Lactococcus protaetiae	2592653		KACC 19320					GCF_006965445.1-RS_2025_04_30	2025-04-30	2696018	1	1	Complete Genome	2019-07-14		1	38							2626	Lactococcus	83.87	2.08
ASM362709v1	GCF_003627095.1	GCA_003627095.1	Lactococcus allomyrinae	2419773		1JSPR-7					GCF_003627095.1-RS_2025_03_29	2025-03-29	2758410	3	3	Complete Genome	2018-10-07		3	37.5							2682	Lactococcus	93.72	1.9
ASM3027344v1	GCF_030273445.1	GCA_030273445.1	Anaerosinus gibii	3054208		ICN-92133					GCF_030273445.1-RS_2025_06_23	2025-06-23	2679003	1	1	Complete Genome	2023-06-15		1	35.5							2579	Selenomonadales	99.4	1.2
ASM336790v1	GCF_003367905.1	GCA_003367905.1	Megasphaera stantonii	2144175		AJH120					GCF_003367905.1-RS_2025_03_29	2025-03-29	2652760	1	1	Complete Genome	2018-08-09		1	52.5							2515	Megasphaera	97.63	3.2
ASM3856195v1	GCF_038561955.2	GCA_038561955.2	Salinicoccus bachuensis	3136731		Bachu38					GCF_038561955.2-RS_2025_04_14	2025-04-14	2617944	1	1	Complete Genome	2024-09-06		1	49.5							2665	Salinicoccus	81.5	11.49
SD1D	GCF_900070325.1	GCA_900070325.1	Herbinix luporum	1679721		SD1D					GCF_900070325.1-RS_2025_12_13	2025-12-13	2609352	1	1	Complete Genome	2015-09-14		1	35.5							2441	Lachnospiraceae	94.79	1.46
ASM1734758v1	GCF_017347585.1	GCA_017347585.1	Anaerocellum diazotrophicum	2806205		YA01					GCF_017347585.1-RS_2025_12_13	2025-12-13	2597825	3	3	Complete Genome	2021-02-13		3	35							2460	Caldicellulosiruptor	99.61	0.69
ASM105047v1	GCF_001050475.1	GCA_001050475.1	Companilactobacillus ginsenosidimutans	1007676		EMML 3041					GCF_001050475.1-RS_2025_03_03	2025-03-03	2590556	1	1	Complete Genome	2015-07-09		1	36.5							2596	Lactobacillaceae	98.47	
ASM354686v1	GCF_003546865.1	GCA_003546865.1	Suicoccus acidiformans	2036206		ZY16052					GCF_003546865.1-RS_2025_03_28	2025-03-28	2572159	1	1	Complete Genome	2018-09-11		1	42.5							2446	Aerococcaceae	99.49	1.01
ASM1577597v1	GCF_015775975.1	GCA_015775975.1	Staphylococcus lloydii	2781774		23_2_7_LY					GCF_015775975.1-RS_2025_04_20	2025-04-20	2569383	1	1	Complete Genome	2020-12-07		1	33.5							2579	Staphylococcus	99.81	1.28
ASM1840857v1	GCF_018408575.1	GCA_018408575.1	Vescimonas coprocola	2714355		MM50					GCF_018408575.1-RS_2024_12_16	2024-12-16	2557760	2	2	Complete Genome	2021-04-12		2	58							2507	Ruminococcaceae	91.3	1.32
ASM2873623v1	GCF_028736235.1	GCA_028736235.1	Lacticaseibacillus pabuli	3025672		KACC 23028					GCF_028736235.1-RS_2025_03_11	2025-03-11	2582146	2	2	Complete Genome	2023-02-19		2	51.5							2514	Lactobacillaceae	99.35	1.72
ASM156445v1	GCF_001564455.1	GCA_001564455.1	Faecalibaculum rodentium	1702221		ALO17					GCF_001564455.1-RS_2025_03_28	2025-03-28	2542486	1	1	Complete Genome	2016-02-22		1	54							2465	Erysipelotrichaceae	95.86	3.2
ASM1514023v1	GCF_015140235.1	GCA_015140235.1	Solibaculum mannosilyticum	2780922		12CBH8					GCF_015140235.1-RS_2025_05_05	2025-05-05	2541474	1	1	Complete Genome	2020-10-21		1	50.5							2369	Ruminococcaceae	97.52	0.93
ASM359519v1	GCF_003595195.1	GCA_003595195.1	Paenisporosarcina cavernae	2320858		K2R23-3					GCF_003595195.1-RS_2025_03_27	2025-03-27	2537131	1	1	Complete Genome	2018-09-25		1	40							2683	Planococcaceae	85.15	0.5
ASM210133v1	GCF_002101335.1	GCA_002101335.1	Staphylococcus lutrae	155085		ATCC 700373					GCF_002101335.1-RS_2025_04_27	2025-04-27	2533115	1	1	Complete Genome	2017-04-20		1	37.5							2368	Staphylococcus	96.18	1.16
ASM3632162v1	GCF_036321625.1	GCA_036321625.1	Microaceticoccus formicicus	3118105		AMB_02					GCF_036321625.1-RS_2025_07_20	2025-07-20	2510182	1	1	Complete Genome	2024-01-31		1	35							2390	Bacteria	98.28	
ASM154509v1	GCF_001545095.1	GCA_001545095.1	Erysipelothrix larvae	1514105		LV19					GCF_001545095.1-RS_2025_03_03	2025-03-03	2511486	2	2	Complete Genome	2016-02-02		2	37.5							2391	Erysipelothrix	76.35	24.92
ASM2691428v1	GCF_026914285.1	GCA_026914285.1	Caldicellulosiruptor naganoensis	29324		DSM 8991					GCF_026914285.1-RS_2025_12_13	2025-12-13	2494610	1	1	Complete Genome	2022-12-15		1	35.5							2448	Caldicellulosiruptor	94.16	2.18
ASM2681022v1	GCF_026810225.1	GCA_026810225.1	Caldicellulosiruptor morganii	1387555		DSM 8990					GCF_026810225.1-RS_2025_12_13	2025-12-13	2475467	1	1	Complete Genome	2022-12-12		1	36.5							2417	Caldicellulosiruptor	93.83	1.57
ASM4742587v1	GCF_047425875.1	GCA_047425875.1	Macrococcus animalis	3395467		EM39E					GCF_047425875.1-RS_2025_02_05	2025-02-05	2464859	1	1	Complete Genome	2025-02-05		1	33.5							2623	Staphylococcaceae	93.88	3.73
ASM1735221v1	GCF_017352215.1	GCA_017352215.1	Alkalibacter rhizosphaerae	2815577		ES005					GCF_017352215.1-RS_2025_09_12	2025-09-12	2449552	1	1	Complete Genome	2021-03-14		1	47							2452	Eubacteriaceae	96.07	
ASM308635v2	GCF_003086355.1	GCA_003086355.2	Streptococcus chenjunshii	2173853		Z15					GCF_003086355.1-RS_2025_04_05	2025-04-05	2443046	1	1	Complete Genome	2018-08-27		1	42							2320	Streptococcus	99.49	0.06
ASM560113v1	GCF_005601135.1	GCA_005601135.1	Ruminococcus bovis	2564099		JE7A12					GCF_005601135.1-RS_2025_12_13	2025-12-13	2440231	1	1	Complete Genome	2019-05-22		1	34.5							2348	Ruminococcus	93.89	1.37
50432_F01	GCF_900187075.1	GCA_900187075.1	Mammaliicoccus stepanovicii	643214		NCTC13839					GCF_900187075.1-RS_2025_12_13	2025-12-13	2439098	1	1	Complete Genome	2017-08-15		1	32							2436	Staphylococcaceae	98.02	1.86
ASM1570863v1	GCF_015708635.1	GCA_015708635.1	Candidatus Sarcina troglodytae	2726954					JB2		GCF_015708635.1-RS_2025_05_05	2025-05-05	2641856	11	11	Complete Genome	2020-12-01		11	27.5							2514	Clostridiaceae	89.78	5.36
ASM3707642v1	GCF_037076425.1	GCA_037076425.1	Turicibacter faecis	2963365		TC023					GCF_037076425.1-RS_2025_06_16	2025-06-16	2431147	1	1	Complete Genome	2024-04-05		1	37							2363	Turicibacter	66.15	6.62
MHOCP	GCF_037477945.1	GCA_037477945.1	Neomoorella humiferrea	676965		64-FGQ					GCF_037477945.1-RS_2025_06_01	2025-06-01	2414751	1	1	Complete Genome	2024-04-05		1	54							2527	Moorella	89.43	8.28
ASM716472v1	GCF_007164725.1	GCA_007164725.1	Dialister hominis	2582419		5BBH33					GCF_007164725.1-RS_2025_12_13	2025-12-13	2407548	1	1	Complete Genome	2019-07-10		1	48							2242	Dialister	97.11	5.37
ASM1645882v1	GCF_016458825.1	GCA_016458825.1	Miniphocaeibacter halophilus	2931922		AMB_01					GCF_016458825.1-RS_2025_03_29	2025-03-29	2394777	1	1	Complete Genome	2021-01-03		1	29							2415	Bacteria	94.83	
ASM3064422v1	GCF_030644225.1	GCA_030644225.1	Selenomonas dianae	135079		ATCC 43527					GCF_030644225.1-RS_2025_08_08	2025-08-08	2391311	1	1	Complete Genome	2023-08-04		1	56.5							2306	Selenomonas	99.21	0.39
ASM410178v1	GCF_004101785.1	GCA_004101785.1	Gudongella oleilytica	1582259		W6					GCF_004101785.1-RS_2025_03_29	2025-03-29	2356157	1	1	Complete Genome	2019-01-22		1	42.5							2315	Bacteria	98.28	
ASM1110046v1	GCF_011100465.1	GCA_011100465.1	Jeotgalibaca arthritidis	1868794		CECT 9157					GCF_011100465.1-RS_2025_11_24	2025-11-24	2348096	1	1	Complete Genome	2020-03-10		1	38							2360	Carnobacteriaceae	98.66	3.98
ASM379512v1	GCF_003795125.1	GCA_003795125.1	Tetragenococcus osmophilus	526944		JCM 31126					GCF_003795125.1-RS_2025_03_29	2025-03-29	2384293	3	3	Complete Genome	2018-11-19		3	36.5							2306	Tetragenococcus	88.98	8.14
ASM3707635v1	GCF_037076355.1	GCA_037076355.1	Streptococcus parapneumoniae	2993430		SP4011					GCF_037076355.1-RS_2025_03_16	2025-03-16	2327012	1	1	Complete Genome	2024-04-05		1	40							2278	Streptococcus	99.94	
ASM2088353v1	GCF_020883535.1	GCA_020883535.1	Staphylococcus ratti	2892440		CCM 9025					GCF_020883535.1-RS_2025_03_29	2025-03-29	2323337	3	3	Complete Genome	2021-11-18		3	36							2287	Staphylococcus	98.17	0.73
ASM3309598v1	GCF_033095985.1	GCA_033095985.1	Xylocopilactobacillus apicola	2932184		XA3					GCF_033095985.1-RS_2025_05_12	2025-05-12	2311735	1	1	Complete Genome	2023-06-13		1	37.5							2237	Lactobacillaceae	92.82	1.96
ASM162356v1	GCF_001623565.1	GCA_001623565.1	Streptococcus marmotae	1825069		HTS5					GCF_001623565.1-RS_2025_03_03	2025-03-03	2322791	3	3	Complete Genome	2016-04-19		3	41							2287	Streptococcus	98.44	0.39
ASM3259507v1	GCF_032595075.1	GCA_032595075.1	Streptococcus iners	3028084		29887					GCF_032595075.1-RS_2025_01_26	2025-01-26	2315477	2	2	Complete Genome	2023-10-12		2	42							2259	Streptococcus	99.9	
ASM1129909v1	GCF_011299095.1	GCA_011299095.1	Jeotgalibaca porci	1868793		CCUG 69148					GCF_011299095.1-RS_2025_11_24	2025-11-24	2350884	2	2	Complete Genome	2020-03-16		2	40.5							2372	Carnobacteriaceae	96.74	2.07
ASM170830v1	GCF_001708305.1	GCA_001708305.1	Streptococcus himalayensis	1888195		HTS2					GCF_001708305.1-RS_2025_11_22	2025-11-22	2275471	1	1	Complete Genome	2016-08-23		1	41.5							2166	Streptococcus	99.68	0.26
ASM3309596v1	GCF_033095965.1	GCA_033095965.1	Xylocopilactobacillus apis	2932183		KimC2					GCF_033095965.1-RS_2025_05_12	2025-05-12	2271855	1	1	Complete Genome	2023-06-13		1	35							2163	Lactobacillaceae	92.68	
ASM1735786v1	GCF_017357865.1	GCA_017357865.1	Aceticella autotrophica	2755338		3443-3Ac					GCF_017357865.1-RS_2025_06_06	2025-06-06	2267618	1	1	Complete Genome	2021-03-16		1	33							2253	Thermoanaerobacteraceae	97.55	2.5
ASM677028v1	GCF_006770285.1	GCA_006770285.1	Pseudolactococcus paracarnosus	2749962		TMW 2.1615					GCF_006770285.1-RS_2025_06_08	2025-06-08	2265140	1	1	Complete Genome	2019-07-09		1	38							2265	Lactococcus	89.79	2.99
ASM2105478v1	GCF_021054785.1	GCA_021054785.1	Tannockella kyphosi	2899121		BP52G					GCF_021054785.1-RS_2025_11_23	2025-11-23	2260890	1	1	Complete Genome	2021-12-06		1	30.5							2190	Erysipelotrichales	96.07	0.27
ASM59786v1	GCF_000597865.1	GCA_000597865.1	Peptoclostridium acidaminophilum DSM 3953	1286171		al-2					GCF_000597865.1-RS_2025_12_13	2025-12-13	3055036	2	2	Complete Genome	2014-03-19		2	44							2991	Clostridia	98.91	
ASM164208v1	GCF_001642085.1	GCA_001642085.1	Streptococcus pantholopis	1811193		TA 26					GCF_001642085.1-RS_2025_03_05	2025-03-05	2241302	1	1	Complete Genome	2016-05-11		1	42							2124	Streptococcus	98.6	0.26
ASM2914418v1	GCF_029144185.1	GCA_029144185.1	Vagococcus intermedius	2991418		STAA11					GCF_029144185.1-RS_2025_07_22	2025-07-22	2300692	5	5	Complete Genome	2023-03-10		5	35.5							2201	Enterococcaceae	95.35	5.59
ASM1439616v1	GCF_014396165.1	GCA_014396165.1	Erysipelothrix inopinata	225084		DSM 15511					GCF_014396165.1-RS_2025_05_05	2025-05-05	2217552	1	1	Complete Genome	2020-09-02		1	35.5							2152	Erysipelothrix	77.1	14.33
ASM2009713v1	GCF_020097135.1	GCA_020097135.1	Macrococcus armenti	2875764		JEK37					GCF_020097135.1-RS_2025_04_01	2025-04-01	2205777	2	2	Complete Genome	2021-09-23		2	35.5							2370	Staphylococcaceae	92.59	1.64
ASM1813798v1	GCF_018137985.1	GCA_018137985.1	Streptococcus oriscaviae	2781599		HKU75					GCF_018137985.1-RS_2025_05_17	2025-05-17	2197335	1	1	Complete Genome	2021-04-24		1	44							2213	Streptococcus	98.63	
ASM3878920v1	GCF_038789205.1	GCA_038789205.1	Staphylococcus hsinchuensis	3051183		H164					GCF_038789205.1-RS_2025_04_30	2025-04-30	2278600	2	2	Complete Genome	2024-05-01		2	34							2286	Staphylococcus	96.82	
PRJEB5505_assembly_1	GCF_000756715.1	GCA_000756715.2	Jeotgalicoccus saudimassiliensis	1461582		13MG44_air					GCF_000756715.1-RS_2025_12_11	2025-12-11	2191063	1	1	Complete Genome	2014-09-15	CCSE01	1	42.5							2226	Jeotgalicoccus	88.88	4.27
ASM514500v1	GCF_005145005.1	GCA_005145005.1	Vagococcus zengguangii	2571750		MN-17					GCF_005145005.1-RS_2025_05_04	2025-05-04	2190262	1	1	Complete Genome	2019-05-05		1	36.5							2095	Enterococcaceae	95.88	0.94
ASM159803v1	GCF_001598035.1	GCA_001598035.1	Streptococcus halotolerans	1814128		HTS9					GCF_001598035.1-RS_2025_03_03	2025-03-03	2182100	1	1	Complete Genome	2016-03-28		1	39							2056	Streptococcus	97.88	0.77
ASM187020v1	GCF_001870205.1	GCA_001870205.1	Vagococcus teuberi	519472		DSM 21459					GCF_001870205.1-RS_2025_03_29	2025-03-29	2184285	2	2	Complete Genome	2016-11-07		2	34							2200	Enterococcaceae	96.7	0.94
ASM677026v1	GCF_006770265.1	GCA_006770265.1	Pseudolactococcus carnosus	2749961		TMW 2.1612					GCF_006770265.1-RS_2025_06_08	2025-06-08	2156377	1	1	Complete Genome	2019-07-09		1	39							2112	Lactococcus	88.91	3.86
ASM1812772v1	GCF_018127725.1	GCA_018127725.1	Streptococcus lactarius	684066		CCUG 66490					GCF_018127725.1-RS_2025_03_29	2025-03-29	2144372	1	1	Complete Genome	2021-04-22		1	41.5							2073	Streptococcus	99.6	0.27
ASM2463787v1	GCF_024637875.1	GCA_024637875.1	Vagococcus luciliae	2920380		G314F					GCF_024637875.1-RS_2025_04_15	2025-04-15	2150567	2	2	Complete Genome	2022-08-12		2	33.5							2101	Enterococcaceae	97.28	1.56
ASM3259491v1	GCF_032594915.1	GCA_032594915.1	Streptococcus suivaginalis	3028082		29896					GCF_032594915.1-RS_2025_01_26	2025-01-26	2133007	1	1	Complete Genome	2023-10-12		1	43.5							1974	Streptococcus	99.9	0.58
AMBV1719_hybrid	GCF_947539375.1	GCA_947539375.1	Lactobacillus isalae	2993455		AMBV1719					GCF_947539375.1-RS_2025_11_21	2025-11-21	2119816	1	1	Complete Genome	2023-03-10		1	35							2041	Lactobacillus	98.71	0.48
ASM3413480v1	GCF_034134805.1	GCA_034134805.1	Streptococcus lingualis	3098076		S5					GCF_034134805.1-RS_2025_12_02	2025-12-02	2111933	1	1	Complete Genome	2023-12-06		1	42							2055	Streptococcus	99.08	0.17
ASM1623770v1	GCF_016237705.1	GCA_016237705.1	Tuanshanicoccus yangjingiae	2796928		zg-252					GCF_016237705.1-RS_2025_09_26	2025-09-26	2098780	1	1	Complete Genome	2020-12-22		1	36							1994	Aerococcaceae	96.62	1.77
ASM235521v1	GCF_002355215.1	GCA_002355215.1	Streptococcus troglodytae	1111760		TKU 31					GCF_002355215.1-RS_2025_09_28	2025-09-28	2097874	1	1	Complete Genome	2015-02-05		1	37							2082	Streptococcus	86.81	0.26
ASM1339336v1	GCF_013393365.1	GCA_013393365.1	Veillonella nakazawae	2682456		T1-7					GCF_013393365.1-RS_2025_03_17	2025-03-17	2097818	1	1	Complete Genome	2020-06-25		1	38.5							1963	Veillonella	99.92	0.05
50569_B01	GCF_900187005.1	GCA_900187005.1	Staphylococcus muscae	1294		NCTC13833					GCF_900187005.1-RS_2025_12_13	2025-12-13	2095116	1	1	Complete Genome	2017-08-15		1	37.5							2085	Staphylococcus	95.72	1.06
ASM1763985v1	GCF_017639855.1	GCA_017639855.1	Streptococcus zhangguiae	2664091		zg-86					GCF_017639855.1-RS_2025_12_02	2025-12-02	2092558	1	1	Complete Genome	2021-03-30		1	40.5							1961	Streptococcus	99.77	0.46
ASM1840650v1	GCF_018406505.1	GCA_018406505.1	Veillonella orientalis	2682455		S12025-13					GCF_018406505.1-RS_2025_08_24	2025-08-24	2072807	1	1	Complete Genome	2021-04-02		1	38.5							1921	Veillonella	99.97	0.05
ASM2434658v1	GCF_024346585.1	GCA_024346585.1	Streptococcus toyakuensis	2819619		TP1632					GCF_024346585.1-RS_2025_03_16	2025-03-16	2055023	1	1	Complete Genome	2022-04-27		1	40							2045	Streptococcus	99.87	
ASM359552v1	GCF_003595525.1	GCA_003595525.1	Streptococcus respiraculi	2021971		HTS25					GCF_003595525.1-RS_2025_03_29	2025-03-29	2067971	2	2	Complete Genome	2017-08-08		2	42							1998	Streptococcus	99.9	0.97
51342_C02	GCF_900187285.1	GCA_900187285.1	Veillonella rodentium	248315		NCTC12018					GCF_900187285.1-RS_2025_04_07	2025-04-07	2041290	1	1	Complete Genome	2017-08-15		1	43							1888	Veillonella	99.05	0.24
ASM3809555v1	GCF_038095555.1	GCA_038095555.1	Macrococcus psychrotolerans	3039389		CCM 8659					GCF_038095555.1-RS_2025_04_13	2025-04-13	2078186	7	7	Complete Genome	2025-03-16		7	37							2187	Staphylococcaceae	92.85	1.12
DSM6011	GCF_940677205.1	GCA_940677205.1	[Clostridium] colinum	36835		DSM 6011					GCF_940677205.1-RS_2025_12_13	2025-12-13	2035557	1	1	Complete Genome	2022-05-11		1	26							2029	Lachnospiraceae	88.12	4.67
ASM154314v1	GCF_001543145.1	GCA_001543145.1	Aerococcus sanguinicola	119206		CCUG43001					GCF_001543145.1-RS_2025_04_21	2025-04-21	2033849	1	1	Complete Genome	2016-02-01		1	47.5							1850	Aerococcus	85.75	6.89
ASM5207364v1	GCF_052073645.1	GCA_052073645.1	Desulfothermobacter acidiphilus	1938353		3408-1					GCF_052073645.1-RS_2025_08_17	2025-08-17	2031228	2	2	Complete Genome	2025-08-17	JBQGPT01	2	58							2066	Thermoanaerobacteraceae	98.19	0.83
ASM4214004v1	GCF_042140045.1	GCA_042140045.1	Streptococcus nidrosiense	3140788		SO-23-1					GCF_042140045.1-RS_2024_11_20	2024-11-20	2018446	1	1	Complete Genome	2024-09-25		1	39.5							1933	Streptococcus	99.69	
ASM3591831v1	GCF_035918315.1	GCA_035918315.1	Vagococcus jeotgali	3109030		B2T-5					GCF_035918315.1-RS_2025_08_18	2025-08-18	2016295	1	1	Complete Genome	2024-01-21		1	34							1986	Enterococcaceae	94.2	
ASM2712535v1	GCF_027125355.1	GCA_027125355.1	Peptostreptococcus equinus	3003601		CBA3647					GCF_027125355.1-RS_2025_04_07	2025-04-07	1995029	1	1	Complete Genome	2022-12-20		1	30							2013	Peptostreptococcus	91.23	7.65
ASM47933v1	GCF_000479335.1	GCA_000479335.1	Streptococcus ilei	1156431		I-G2					GCF_000479335.1-RS_2025_09_03	2025-09-03	1992567	1	1	Complete Genome	2013-10-24		1	42							1924	Streptococcus	99.32	
ASM479251v1	GCF_004792515.1	GCA_004792515.1	Vagococcus xieshaowenii	2562451		CF-49					GCF_004792515.1-RS_2025_04_30	2025-04-30	2071287	3	3	Complete Genome	2019-04-14		3	35.5							2021	Enterococcaceae	95.45	1.32
ASM3983009v1	GCF_039830095.1	GCA_039830095.1	Dolosigranulum savutiense	3110288		MSK294					GCF_039830095.1-RS_2024_08_25	2024-08-25	1978477	1	1	Complete Genome	2024-05-26		1	39.5							1840	Carnobacteriaceae	98.31	1.35
ASM3413768v1	GCF_034137685.1	GCA_034137685.1	Streptococcus dentalis	3098075		S1					GCF_034137685.1-RS_2025_12_02	2025-12-02	1973130	1	1	Complete Genome	2023-12-06		1	42.5							1947	Streptococcus	99.52	
ASM362715v1	GCF_003627155.1	GCA_003627155.1	Streptococcus gwangjuensis	1433513		KCOM 1679 (=ChDC B345)					GCF_003627155.1-RS_2025_03_16	2025-03-16	1972481	1	1	Complete Genome	2018-10-07		1	40							1941	Streptococcus	99.94	0.06
ASM2449829v1	GCF_024498295.1	GCA_024498295.1	Thermocaproicibacter melissae	2966552		MDTJ8					GCF_024498295.1-RS_2025_05_18	2025-05-18	1960795	2	2	Complete Genome	2022-08-01		2	49.5							1894	Ruminococcaceae	97.52	0.62
ASM2691320v2	GCF_026913205.2	GCA_026913205.2	Lentilactobacillus terminaliae	3003483		SPB1-3					GCF_026913205.2-RS_2025_02_02	2025-02-02	1932998	1	1	Complete Genome	2024-08-31		1	38							2018	Lactobacillaceae	99.02	0.08
ASM2361452v1	GCF_023614525.1	GCA_023614525.1	Peptoniphilus genitalis	3036303		SAHP1					GCF_023614525.1-RS_2025_07_07	2025-07-07	1917962	1	1	Complete Genome	2022-06-01		1	34.5							1859	Peptoniphilus	98.7	1.44
A18Y020d	GCF_940143175.1	GCA_940143175.1	Erysipelothrix amsterdamensis	2929157		A18Y020d					GCF_940143175.1-RS_2025_07_21	2025-07-21	1908712	1	1	Complete Genome	2022-06-30		1	36.5							1834	Erysipelothrix	93.75	2.47
LMG 32930	GCF_964340835.1	GCA_964340835.1	Bombilactobacillus bombi	1303590		LMG 32930			CCM 8440		GCF_964340835.1-RS_2024_12_18	2024-12-18	1912075	2	2	Complete Genome	2024-12-18		2	35							1837	Lactobacillaceae	98.89	
ASM154324v1	GCF_001543245.1	GCA_001543245.1	Aerococcus urinaehominis	128944		CCUG42038B					GCF_001543245.1-RS_2025_03_03	2025-03-03	1831400	1	1	Complete Genome	2016-02-01		1	43							1727	Aerococcus	82.61	8.94
ASM299892v1	GCF_002998925.1	GCA_002998925.1	Mogibacterium diversum	114527		CCUG 47132					GCF_002998925.1-RS_2025_12_13	2025-12-13	1815831	1	1	Complete Genome	2018-03-14		1	41							1732	Clostridia	97.95	
ASM299829v1	GCF_002998295.1	GCA_002998295.1	Fastidiosipila sanguinis	236753		CCUG 47711					GCF_002998295.1-RS_2025_04_12	2025-04-12	1785891	1	1	Complete Genome	2018-03-14		1	33.5							1539	Ruminococcaceae	75.98	0.7
ASM3064420v1	GCF_030644205.1	GCA_030644205.1	Mogibacterium neglectum	114528		ATCC 700924					GCF_030644205.1-RS_2025_02_27	2025-02-27	1747241	3	3	Complete Genome	2023-08-04		3	40.5							1669	Clostridia	97.95	
ASM3506660v1	GCF_035066605.1	GCA_035066605.1	Erysipelothrix enhydrae	2890314		UCD-4322-04					GCF_035066605.1-RS_2024_12_11	2024-12-11	1735515	1	1	Complete Genome	2023-12-29		1	36.5							1698	Erysipelothrix	91.9	2.77
ASM393179v1	GCF_003931795.1	GCA_003931795.1	Erysipelothrix piscisicarius	2485784		15TAL0474					GCF_003931795.1-RS_2025_12_09	2025-12-09	1722938	1	1	Complete Genome	2018-12-09		1	37							1883	Erysipelothrix	86.7	1
ASM2338020v1	GCF_023380205.1	GCA_023380205.1	Nicoliella spurrieriana	2925830		SGEP1_A5					GCF_023380205.1-RS_2025_04_15	2025-04-15	2053587	2	2	Complete Genome	2022-05-17		2	42							1740	Lactobacillaceae	97.16	
ASM2792144v1	GCF_027921445.1	GCA_027921445.1	Peptoniphilus equinus	3016343		CBA3646					GCF_027921445.1-RS_2025_11_20	2025-11-20	1709189	1	1	Complete Genome	2023-01-20		1	45.5							1655	Peptoniphilus	93.4	2.16
ASM3309600v1	GCF_033096005.1	GCA_033096005.1	Lactobacillus xylocopicola	2976676		Kim32-2					GCF_033096005.1-RS_2025_05_12	2025-05-12	1635875	1	1	Complete Genome	2023-06-13		1	43							1579	Lactobacillus	96.13	0.24
ASM94316963v2	GCF_943169635.2	GCA_943169635.2	Fenollaria sporofastidiosus	2811778		EMRHCC_24					GCF_943169635.2-RS_2025_09_11	2025-09-11	1630063	1	1	Complete Genome	2022-05-24		1	36.5							1644	Clostridiales	90.47	
ASM2338026v1	GCF_023380265.1	GCA_023380265.1	Bombilactobacillus folatiphilus	2923362		SG4_D2					GCF_023380265.1-RS_2025_11_23	2025-11-23	1637944	2	2	Complete Genome	2022-05-17		2	38.5							1631	Lactobacillaceae	96.75	
ASM1130435v1	GCF_011304355.1	GCA_011304355.1	Weissella coleopterorum	2714949		HDW19					GCF_011304355.1-RS_2025_05_05	2025-05-05	1618880	1	1	Complete Genome	2020-03-16		1	37							1651	Weissella	95.42	1.95
ASM3038949v1	GCF_030389495.1	GCA_030389495.1	Ligilactobacillus cholophilus	3050131		BD7642					GCF_030389495.1-RS_2025_07_04	2025-07-04	1587935	1	1	Complete Genome	2023-07-03		1	31.5							1608	Lactobacillaceae	99.24	2.26
ASM276233v1	GCF_002762335.1	GCA_002762335.1	Lactobacillus terrae	2269374		NIBRBAC000499792					GCF_002762335.1-RS_2025_05_03	2025-05-03	1548794	1	1	Complete Genome	2017-11-09		1	33							1628	Lactobacillus	97.34	0.16
ASM1130395v1	GCF_011303955.1	GCA_011303955.1	Vagococcus coleopterorum	2714946		HDW17A					GCF_011303955.1-RS_2025_03_28	2025-03-28	1530734	1	1	Complete Genome	2020-03-16		1	36.5							1528	Enterococcaceae	88.96	1.7
ASM4611550v1	GCF_046115505.1	GCA_046115505.1	Dellaglioa kimchii	3344667		P0083					GCF_046115505.1-RS_2024_12_17	2024-12-17	1570579	2	2	Complete Genome	2024-12-17		2	34							1567	Lactobacillaceae	96.33	0.65
ASM1832630v1	GCF_018326305.1	GCA_018326305.1	Vescimonas fastidiosa	2714353		MM35					GCF_018326305.1-RS_2025_12_11	2025-12-11	2504406	3	3	Complete Genome	2021-04-12		3	56.5							2433	Ruminococcaceae	91.93	1.53
ASM2338024v1	GCF_023380245.1	GCA_023380245.1	Bombilactobacillus thymidiniphilus	2923363		SG4_A1					GCF_023380245.1-RS_2025_11_23	2025-11-23	1494436	1	1	Complete Genome	2022-05-17		1	36.5							1546	Lactobacillaceae	98.51	0.33
ASM2402967v1	GCF_024029675.1	GCA_024029675.1	Fructilactobacillus carniphilus	2940297		KI4_A6					GCF_024029675.1-RS_2025_03_29	2025-03-29	1491353	1	1	Complete Genome	2022-06-29		1	44.5							1494	Lactobacillaceae	99.03	0.16
ASM2338022v1	GCF_023380225.1	GCA_023380225.1	Apilactobacillus apisilvae	2923364		SG5_A10					GCF_023380225.1-RS_2025_11_23	2025-11-23	1550949	3	3	Complete Genome	2022-05-17		3	31							1584	Lactobacillaceae	97.16	
ASM2402943v1	GCF_024029435.1	GCA_024029435.1	Fructilactobacillus hinvesii	2940300		KI11_C11					GCF_024029435.1-RS_2025_03_29	2025-03-29	1465046	1	1	Complete Genome	2022-06-29		1	44							1498	Lactobacillaceae	99.16	0.25
ASM2402933v1	GCF_024029335.1	GCA_024029335.1	Fructilactobacillus myrtifloralis	2940301		KI16_H9					GCF_024029335.1-RS_2025_03_29	2025-03-29	1458675	1	1	Complete Genome	2022-06-29		1	47							1478	Lactobacillaceae	99.22	0.16
ASM2402977v1	GCF_024029775.1	GCA_024029775.1	Fructobacillus americanaquae	2940302		KI3_B9					GCF_024029775.1-RS_2025_03_29	2025-03-29	1414204	1	1	Complete Genome	2022-06-29		1	43.5							1392	Lactobacillaceae	91.7	0.33
ASM2402991v1	GCF_024029915.1	GCA_024029915.1	Fructilactobacillus ixorae	1750535		Ru20-1					GCF_024029915.1-RS_2025_07_06	2025-07-06	1422963	2	2	Complete Genome	2022-06-29		2	46.5							1446	Lactobacillaceae	99.22	0.16
ASM362703v1	GCF_003627035.1	GCA_003627035.1	Apilactobacillus bombintestini	2419772		BHWM-4					GCF_003627035.1-RS_2025_04_07	2025-04-07	1289211	1	1	Complete Genome	2018-10-07		1	34							1245	Lactobacillaceae	97.33	0.65
ASM2061659v1	GCF_020616595.1	GCA_020616595.1	Lentilactobacillus laojiaonis	2883998		IM3328					GCF_020616595.1-RS_2025_05_26	2025-05-26	1242019	1	1	Complete Genome	2021-10-26		1	33.5							1290	Lactobacillaceae	96.08	0.41
ATCC9714_	GCF_000953675.1	GCA_000953675.1	Paraclostridium sordellii	1505		ATCC 9714					GCF_000953675.1-RS_2024_12_22	2024-12-22	3534945	3	59	Chromosome	2014-11-20		3	27.5							3505	Peptostreptococcaceae	99.56	1.32
ASM706608v1	GCF_007066085.1	GCA_007066085.1	Paenibacillus thiaminolyticus	49283		NRRL B-4156					GCF_007066085.1-RS_2025_04_07	2025-04-07	6612542	1	1	Chromosome	2019-07-17		1	53.5							5921	Paenibacillus	99.11	0.62
ASM1944400v1	GCF_019444005.1	GCA_019444005.1	Liquorilactobacillus nagelii DSM 13675	1122150		DSM 13675					GCF_019444005.1-RS_2025_03_13	2025-03-13	2563476	2	2	Chromosome	2021-08-03		2	37							2574	Lactobacillaceae	99.35	2.07
ASM21009v1	GCF_000210095.1	GCA_000210095.1	Ruminococcus champanellensis 18P13 = JCM 17042	213810		type strain: 18P13					GCF_000210095.1-RS_2025_03_29	2025-03-29	2573208	1	92	Chromosome	2010-03-25		1	53.5							2402	Ruminococcus	96.8	1.1
ASM287453v1	GCF_002874535.1	GCA_002874535.1	Mesobacillus jeotgali	129985		DSM 18226					GCF_002874535.1-RS_2025_12_10	2025-12-10	4703554	1	3	Chromosome	2017-12-06		1	42							4783	Bacillaceae	99.35	0.65
ASM369158v1	GCF_003691585.1	GCA_003691585.1	Biomaibacter acetigenes	2316383		SK-G1					GCF_003691585.1-RS_2025_05_04	2025-05-04	3398411	1	1	Chromosome	2018-10-29		1	44							3557	Clostridia	90.45	
ASM146534v1	GCF_001465345.1	GCA_001465345.1	Enterococcus rotai	118060		LMG 26678					GCF_001465345.1-RS_2025_08_18	2025-08-18	3746111	1	15	Chromosome	2015-12-11		1	36							3361	Enterococcus	95.8	3.46
IMG-taxon 2503538017 annotated assembly	GCF_900176005.1	GCA_900176005.1	Thermanaeromonas toyohensis ToBE	698762		ToBE					GCF_900176005.1-RS_2025_05_18	2025-05-18	3334124	1	1	Chromosome	2017-04-06		1	49.5							3422	Clostridia	100	2.27
IMG-taxon 2529292568 annotated assembly	GCF_900177425.1	GCA_900177425.1	Paenibacillus uliginis N3/975	1313296		N3/975					GCF_900177425.1-RS_2025_04_25	2025-04-25	6452185	1	24	Chromosome	2017-04-19		1	45							6072	Paenibacillus	99.72	0.16
ASM5088831v1	GCF_050888315.1	GCA_050888315.1	Wukongibacter baidiensis	1723361		DY30321					GCF_050888315.1-RS_2025_06_12	2025-06-12	6383735	1	1	Chromosome	2025-06-13		1	34							5861	Clostridiaceae	100	16.6
ASM3720179v1	GCF_037201795.1	GCA_037201795.1	Metabacillus rhizosphaerae	3117747		FJAT-53654					GCF_037201795.1-RS_2025_02_02	2025-02-02	5656060	1	1	Chromosome	2024-04-05		1	36							5373	Bacillaceae	98.94	1.16
ASM4568996v1	GCF_045689965.1	GCA_045689965.1	Desulfosporosinus paludis	3115649		SB140					GCF_045689965.1-RS_2025_02_02	2025-02-02	5424653	1	1	Chromosome	2024-12-06		1	42.5							5379	Desulfosporosinus	87.3	7.97
ASM772540v1	GCF_007725405.1	GCA_007725405.1	Shouchella miscanthi	2598861		AK13					GCF_007725405.1-RS_2025_07_22	2025-07-22	4250708	1	1	Chromosome	2019-07-31		1	40							4434	Bacillaceae	100	0.48
ASM3720181v1	GCF_037201815.1	GCA_037201815.1	Metabacillus sediminis	3117746		FJAT-52054					GCF_037201815.1-RS_2024_04_05	2024-04-05	4130057	3	3	Chromosome	2024-04-05		3	43.5							4246	Bacillaceae	99.35	
ASM220147v1	GCF_002201475.1	GCA_002201475.1	Acutalibacter muris	1796620		KB18					GCF_002201475.1-RS_2025_12_11	2025-12-11	3802913	1	1	Chromosome	2017-06-20		1	54.5							4009	Clostridiales	98.25	0.22
ASM3720180v1	GCF_037201805.1	GCA_037201805.1	Bacillus kandeliae	3129297		FJAT-52991					GCF_037201805.1-RS_2025_02_02	2025-02-02	3740334	3	3	Chromosome	2024-04-05		3	39.5							3817	Bacillus	99.2	0.74
ASM973562v1	GCF_009735625.1	GCA_009735625.1	Neomoorella glycerini	55779		DSM 11254					GCF_009735625.1-RS_2025_06_01	2025-06-01	3559563	2	2	Chromosome	2019-11-28		2	54.5							3588	Moorella	88.75	30.94
ASM1814140v1	GCF_018141405.1	GCA_018141405.1	Serpentinicella alkaliphila	1734049		3B					GCF_018141405.1-RS_2025_12_13	2025-12-13	3257681	1	1	Chromosome	2021-04-27		1	32.5							3442	Clostridia	98.18	0.45
ASM224022v1	GCF_002240225.1	GCA_002240225.1	Paenibacillus physcomitrellae	1619311		XB					GCF_002240225.1-RS_2025_04_27	2025-04-27	4828665	1	4	Chromosome	2017-08-02		1	50.5							4389	Paenibacillus	99.61	0.11
ASM2439947v1	GCF_024399475.1	GCA_024399475.1	Allocoprobacillus halotolerans	2944914		LH1062					GCF_024399475.1-RS_2025_07_07	2025-07-07	2931225	1	1	Chromosome	2022-07-25		1	31.5							3497	Erysipelotrichaceae	79.33	1.26
ASM1433405v1	GCF_014334055.1	GCA_014334055.1	Oscillibacter hominis	2763056		NSJ-62					GCF_014334055.1-RS_2025_11_23	2025-11-23	2823823	1	1	Chromosome	2020-08-30		1	58.5							2769	Ruminococcaceae	93.79	1.37
ASM127870v1	GCF_001278705.1	GCA_001278705.1	Bacillus gobiensis	1441095		FJAT-4402					GCF_001278705.1-RS_2025_11_23	2025-11-23	4597707	1	4	Chromosome	2015-09-04		1	40.5							4770	Bacillus	98.77	1.69
ASM1425047v1	GCF_014250475.1	GCA_014250475.1	Selenomonas timonae	2754044		Marseille-Q3039					GCF_014250475.1-RS_2025_11_23	2025-11-23	2351879	1	1	Chromosome	2020-08-19		1	57							2279	Selenomonas	99.66	0.16
CRIB_assembly_V1	GCF_900015215.1	GCA_900015215.1	Romboutsia ilealis	1115758		CRIB					GCF_900015215.1-RS_2025_12_13	2025-12-13	2588193	2	4	Chromosome	2017-04-01		2	28							2518	Peptostreptococcaceae	99.34	
ASM1944398v1	GCF_019443985.1	GCA_019443985.1	Liquorilactobacillus hordei DSM 19519	1423759		DSM 19519					GCF_019443985.1-RS_2025_02_16	2025-02-16	2440903	3	3	Chromosome	2021-08-03		3	35							2441	Lactobacillaceae	98.04	0.08
ASM287477v1	GCF_002874775.1	GCA_002874775.1	Monoglobus pectinilyticus	1981510		14					GCF_002874775.1-RS_2025_12_12	2025-12-12	2759678	1	3	Chromosome	2018-01-11		1	37.5							2343	Clostridia	97.27	0.91
ASM2910154v1	GCF_029101545.1	GCA_029101545.1	Amygdalobacter indicium	3029272		UPII 610-J					GCF_029101545.1-RS_2025_11_20	2025-11-20	1555175	2	2	Chromosome	2023-03-09		2	42							1319	Ruminococcaceae	81.71	0.62
ASM224338v1	GCF_002243385.1	GCA_002243385.1	Mogibacterium pumilum	86332		ATCC 700696					GCF_002243385.1-RS_2025_12_13	2025-12-13	1862768	1	133	Chromosome	2017-08-08		1	41							1808	Clostridia	96.44	1.82
ASM16161v1	GCF_000161615.1	GCA_000161615.1	Bacillus thuringiensis serovar berliner ATCC 10792	527031		ATCC 10792					GCF_000161615.1-RS_2025_03_29	2025-03-29	6260142	1	253	Chromosome	2009-05-29	ACNF01	1	35							6500	Bacillus thuringiensis	99.48	0.36
ASM16145v1	GCF_000161455.1	GCA_000161455.1	Bacillus pseudomycoides DSM 12442	527000		DSM 12442					GCF_000161455.1-RS_2025_04_22	2025-04-22	5782514	1	305	Chromosome	2009-05-29	ACMX01	1	35.5							6066	Bacillus	98.82	0.31
ASM24105v1	GCF_000241055.1	GCA_000241055.1	Oenococcus kitaharae DSM 17330	1045004		DSM 17330					GCF_000241055.1-RS_2025_04_11	2025-04-11	1842238	2	2	Chromosome	2012-01-05	AFVZ01	2	42.5							1878	Oenococcus	98.05	0.07
ASM24489v1	GCF_000244895.1	GCA_000244895.1	Desulfosporosinus youngiae DSM 17734	768710		DSM 17734					GCF_000244895.1-RS_2025_05_13	2025-05-13	5660978	1	4	Chromosome	2012-02-01	AHLV01	1	44							5416	Desulfosporosinus	99.1	0.8
ASM34047v1	GCF_000340475.1	GCA_000340475.1	Oceanobacillus kimchii X50	1238184		X50					GCF_000340475.1-RS_2025_03_30	2025-03-30	3830781	1	20	Chromosome	2013-02-22	AOCX01	1	35							3840	Oceanobacillus	97.74	1.07
ASM26244v1	GCF_000262445.1	GCA_000262445.1	Thermoanaerobacter siderophilus SR4	880478		SR4					GCF_000262445.1-RS_2025_04_22	2025-04-22	2540159	1	22	Chromosome	2012-06-19	AJUD01	1	34							2611	Thermoanaerobacter	84.77	0.76
ASM14634v1	GCF_000146345.1	GCA_000146345.1	Peptoniphilus duerdenii ATCC BAA-1640	862517		ATCC BAA-1640					GCF_000146345.1-RS_2025_05_01	2025-05-01	2124844	1	61	Scaffold	2010-08-27	AEEH01	16	34							1959	Peptoniphilus	98.48	0.14
ASM4652407v1	GCF_046524075.1	GCA_046524075.1	Bacillus cereus ATCC 14579	226900		P1					GCF_046524075.1-RS_2025_01_07	2025-01-07	5450604	1	3	Contig	2025-01-06	JBJJSR01	3	35.5							5627	Bacillus cereus	98.59	0.79
KCTC_13613_01	GCF_000262045.1	GCA_000262045.1	Bacillus siamensis KCTC 13613	1177185		KCTC 13613(T)					GCF_000262045.1-RS_2024_03_24	2024-03-24	3779696		51	Contig	2012-05-08	AJVF01	51	46.5							3876	Bacillus	99.41	
44343_D01	GCF_900458255.1	GCA_900458255.1	Staphylococcus cohnii	29382		NCTC11041					GCF_900458255.1-RS_2025_08_04	2025-08-04	2694244		2	Contig	2018-08-01	UHDA01	2	32.5							2665	Staphylococcus	98.33	0.2
50681_C01	GCF_900445365.1	GCA_900445365.1	Cytobacillus firmus	1399		NCTC10335					GCF_900445365.1-RS_2025_04_27	2025-04-27	4803910		3	Contig	2018-08-08	UFTC01	3	41.5							4972	Bacillaceae	99.35	1.83
PPe03	GCF_000236805.1	GCA_000236805.2	Paenibacillus peoriae KCTC 3763	1087481		KCTC 3763					GCF_000236805.1-RS_2025_04_04	2025-04-04	5771987	1	49	Scaffold	2011-12-05	AGFX01	49	46.5							5209	Paenibacillus	98.98	0.56
ASM26275v1	GCF_000262755.1	GCA_000262755.1	Bacillus methanolicus PB1	997296		PB1					GCF_000262755.1-RS_2025_03_27	2025-03-27	3426513	1	7	Contig	2012-05-14	AFEU01	7	39							3416	Bacillus methanolicus	96.39	1.67
IMG-taxon 2599185264 annotated assembly	GCF_900115845.1	GCA_900115845.1	Priestia endophytica DSM 13796	1121089		DSM 13796					GCF_900115845.1-RS_2025_12_11	2025-12-11	5118421		46	Scaffold	2016-11-02	FOXX01	38	36.5							5249	Bacillaceae	99.25	1.34
ASM223773v1	GCF_002237735.1	GCA_002237735.1	Priestia filamentosa	1402861		DSM 27955					GCF_002237735.1-RS_2025_03_30	2025-03-30	5149214		32	Scaffold	2017-08-01	MWSI01	31	36.5							5205	Bacillaceae	99.25	0.7
ASM127471v1	GCF_001274715.1	GCA_001274715.1	Aneurinibacillus migulanus	47500		DSM 2895					GCF_001274715.1-RS_2025_12_09	2025-12-09	6348994		54	Scaffold	2015-08-26	LGUG01	28	43							6893	Paenibacillaceae	98.7	2.77
ASM218960v1	GCF_002189605.1	GCA_002189605.1	Pseudobacillus badius	1455		DSM 28241					GCF_002189605.1-RS_2025_04_02	2025-04-02	3963196		62	Scaffold	2017-06-08	MWMM01	60	44							4012	Bacillaceae	99.35	0.32
ASM188423v1	GCF_001884235.1	GCA_001884235.1	Bacillus paramycoides	2026194		NH24A2					GCF_001884235.1-RS_2025_03_30	2025-03-30	5453107		144	Contig	2016-11-18	MAOI01	144	35							5708	Bacillus	98.82	0.51
ASM653998v1	GCF_006539985.1	GCA_006539985.1	Kurthia gibsonii	33946		NBRC 15534					GCF_006539985.1-RS_2025_01_12	2025-01-12	2778614		113	Contig	2019-06-12	BJOB01	113	36.5							2797	Planococcaceae	85.37	4.39
ASM1419619v1	GCF_014196195.1	GCA_014196195.1	Anoxybacteroides rupiense	311460		DSM 17127					GCF_014196195.1-RS_2024_12_29	2024-12-29	3705654		30	Scaffold	2020-08-14	JACIDF01	27	42.5							3658	Bacillales	99.25	
ASM1239643v1	GCF_012396435.1	GCA_012396435.1	Weissella hellenica	46256		CCUG 33494					GCF_012396435.1-RS_2025_04_27	2025-04-27	1818703		27	Contig	2020-04-15	JAAXPM01	27	37							1825	Weissella	97.69	0.26
ASM333731v1	GCF_003337315.1	GCA_003337315.1	Vagococcus fluvialis	2738		DSM 5731					GCF_003337315.1-RS_2025_05_17	2025-05-17	2651514		31	Scaffold	2018-07-24	QPJV01	29	32.5							2657	Enterococcaceae	97.34	4.12
ASM1376101v1	GCF_013761015.1	GCA_013761015.1	Anoxybacillus ayderensis	265546		DSM 14988					GCF_013761015.1-RS_2025_05_05	2025-05-05	2560828		21	Scaffold	2020-07-27	JACDUV01	19	41.5							2771	Anoxybacillus	98.34	0.98
ASM193906v1	GCF_001939065.1	GCA_001939065.1	Exiguobacterium indicum HHS 31	1358421		HHS 31					GCF_001939065.1-RS_2025_04_10	2025-04-10	3244965		23	Contig	2017-01-06	MPSZ01	23	46.5							3364	Exiguobacterium	98.98	0.45
ASM2989410v1	GCF_029894105.1	GCA_029894105.1	Bacillus aerius	293388		24K					GCF_029894105.1-RS_2025_04_28	2025-04-28	3899111		2	Contig	2023-04-28	JARYHO01	2	41							4042	Bacillus	98.48	0.29
ASM118360v1	GCF_001183605.1	GCA_001183605.1	Lysinibacillus xylanilyticus	582475		DSM 23493					GCF_001183605.1-RS_2025_12_06	2025-12-06	5221635		19	Scaffold	2015-07-21	LFXJ01	13	36.5							5060	Lysinibacillus	89.28	9.76
ASM212842v1	GCF_002128425.1	GCA_002128425.1	Gottfriedia acidiceleris	371036		DSM 18954					GCF_002128425.1-RS_2025_12_11	2025-12-11	4770625		46	Scaffold	2017-05-11	NESS01	45	33							4706	Bacillaceae	98.71	0.16
ASM101277v1	GCF_001012775.1	GCA_001012775.1	Brevibacillus formosus	54913		DSM 9885					GCF_001012775.1-RS_2025_12_12	2025-12-12	6215362		48	Scaffold	2015-05-22	LDCN01	26	47.5							5853	Brevibacillus	97.51	2.37
ASM2523479v1	GCF_025234795.1	GCA_025234795.1	Exiguobacterium mexicanum	340146		IMTB_3094					GCF_025234795.1-RS_2025_08_03	2025-08-03	2928986		135	Contig	2022-09-16	JANIEJ01	135	52.5							3092	Exiguobacterium	98.28	1.57
ASM3040405v1	GCF_030404055.1	GCA_030404055.1	Guptibacillus hwajinpoensis	208199		DSM 23007					GCF_030404055.1-RS_2025_06_29	2025-06-29	4108551		30	Scaffold	2023-07-03	JAQRMZ01	25	40							4142	Bacillales	98.51	
ASM783023v1	GCF_007830235.1	GCA_007830235.1	Cytobacillus oceanisediminis	665099		CGMCC 1.10115					GCF_007830235.1-RS_2025_04_05	2025-04-05	5634660		68	Scaffold	2019-08-02	VLKI01	51	41							5621	Bacillaceae	99.35	2.04
Dolo_pigr_ATCC_51524_V1	GCF_000245815.1	GCA_000245815.1	Dolosigranulum pigrum ATCC 51524	883103		ATCC 51524					GCF_000245815.1-RS_2025_08_21	2025-08-21	1862135		16	Scaffold	2012-02-07	AGEF01	2	39.5							1726	Carnobacteriaceae	98.31	1.02
Fack_homi_CCUG_36813_V1	GCF_000301035.1	GCA_000301035.1	Facklamia hominis CCUG 36813	883111		CCUG 36813					GCF_000301035.1-RS_2025_12_11	2025-12-11	1897623		13	Scaffold	2012-10-11	AGZD01	1	39							1784	Facklamia hominis	97.46	0.17
ASM164855v1	GCF_001648555.1	GCA_001648555.1	Rossellomorea aquimaris TF-12	1073842		TF12					GCF_001648555.1-RS_2025_12_11	2025-12-11	4035445		30	Contig	2016-05-19	LQXM01	30	37.5							4148	Bacillaceae	99.35	12.72
ASM400092v1	GCF_004000925.1	GCA_004000925.1	Paenibacillus illinoisensis NBRC 15959	1349779		NBRC 15959					GCF_004000925.1-RS_2025_02_23	2025-02-23	6623886		28	Contig	2018-12-29	BIME01	28	47							5938	Paenibacillus	99.72	
ASM51876v1	GCF_000518765.1	GCA_000518765.1	Ruminococcus flavefaciens ATCC 19208	1336236		ATCC 19208					GCF_000518765.1-RS_2025_04_11	2025-04-11	3587803		40	Scaffold	2014-01-13	JAEF01	25	43							3159	Ruminococcus flavefaciens	98.78	1.99
ASM201963v1	GCF_002019635.1	GCA_002019635.1	Metabacillus halosaccharovorans	930124		DSM 25387					GCF_002019635.1-RS_2025_05_03	2025-05-03	5399367		8	Scaffold	2017-03-06	MTIR01	4	36							5219	Bacillaceae	99.35	0.61
ASM4265286v1	GCF_042652865.1	GCA_042652865.1	Exiguobacterium profundum	307643		CCUG 50949					GCF_042652865.1-RS_2025_03_02	2025-03-02	2808576		11	Contig	2024-10-05	JBHSHG01	11	48							2944	Exiguobacterium	99.02	
49508_F02	GCF_900454495.1	GCA_900454495.1	Paenibacillus macerans	44252		NCTC6355					GCF_900454495.1-RS_2025_04_27	2025-04-27	7390297		2	Contig	2018-08-01	UGSI01	2	52.5							6626	Paenibacillus	99.72	
ASM798938v1	GCF_007989385.1	GCA_007989385.1	Marinilactibacillus psychrotolerans	191770		NBRC 100002					GCF_007989385.1-RS_2025_08_26	2025-08-26	2482538		52	Contig	2019-08-01	BJVX01	52	34.5							2386	Carnobacteriaceae	97.46	1.78
ASM130226v1	GCF_001302265.1	GCA_001302265.1	Streptococcus phocae	119224		ATCC 51973					GCF_001302265.1-RS_2025_12_12	2025-12-12	1700082		91	Contig	2015-09-28	LHQM01	91	39.5							1767	Streptococcus	97.84	0.19
ASM18746v1	GCF_000187465.1	GCA_000187465.1	Streptococcus infantis ATCC 700779	889204		ATCC 700779					GCF_000187465.1-RS_2025_04_01	2025-04-01	1905984		31	Scaffold	2011-02-03	AEVD01	10	39							1962	Streptococcus infantis	99.08	0.48
ASM70258v1	GCF_000702585.1	GCA_000702585.1	Exiguobacterium aurantiacum DSM 6208	1397694		DSM 6208					GCF_000702585.1-RS_2025_12_10	2025-12-10	3037601		2	Contig	2014-06-11	JNIQ01	2	53							3151	Exiguobacterium	99.09	
ASM42078v1	GCF_000420785.1	GCA_000420785.1	Streptococcus hyovaginalis DSM 12219	1123305		DSM 12219					GCF_000420785.1-RS_2025_05_02	2025-05-02	2077809		39	Scaffold	2013-07-09	ATVP01	37	40							2085	Streptococcus	99.87	
50861_B01	GCF_900452285.1	GCA_900452285.1	Kurthia zopfii	1650		NCTC10597					GCF_900452285.1-RS_2025_08_15	2025-08-15	2991625		2	Contig	2018-08-01	UGNP01	2	37							3020	Planococcaceae	88.01	4.21
ASM118772v1	GCF_001187725.1	GCA_001187725.1	Brevibacillus reuszeri	54915		DSM 9887					GCF_001187725.1-RS_2025_03_29	2025-03-29	6986486		35	Scaffold	2015-07-27	LGIQ01	24	47							6945	Brevibacillus	94.7	11.64
IMG-taxon 2617270721 annotated assembly	GCF_900094975.1	GCA_900094975.1	[Bacillus] enclensis	1402860		SGD-1123					GCF_900094975.1-RS_2025_03_12	2025-03-12	4481988		22	Scaffold	2016-08-04	FMAU01	18	44.5							4505	Bacillaceae	99.35	2.76
ASM799498v1	GCF_007994985.1	GCA_007994985.1	Metabacillus litoralis	152268		SW-211					GCF_007994985.1-RS_2025_08_06	2025-08-06	4884777		75	Contig	2019-08-13	VOQF01	75	34							4758	Bacillaceae	99.35	1.51
ASM1335990v1	GCF_013359905.1	GCA_013359905.1	Paenibacillus taichungensis	484184		DSM 19942					GCF_013359905.1-RS_2024_12_22	2024-12-22	7233429		122	Contig	2020-06-18	JABMCC01	122	45.5							6646	Paenibacillus	99.72	1.39
ASM393782v1	GCF_003937825.1	GCA_003937825.1	Mesobacillus subterraneus	285983		DSM 13966					GCF_003937825.1-RS_2025_05_04	2025-05-04	4571170		42	Contig	2018-12-11	RSFW01	42	44							4729	Bacillaceae	99.03	0.86
7067_4#69	GCF_001224225.1	GCA_001224225.1	Staphylococcus borealis	2742203		51-48					GCF_001224225.1-RS_2025_04_26	2025-04-26	2668587		29	Contig	2015-08-03	CUEE01	29	33.5							2658	Staphylococcus	99.14	0.1
ASM301205v1	GCF_003012055.1	GCA_003012055.1	Peptostreptococcus russellii	215200		RT-10B					GCF_003012055.1-RS_2025_12_13	2025-12-13	2082949		12	Contig	2018-03-20	JYGE01	12	31							1841	Peptostreptococcus	91.37	4.38
ASM3952150v1	GCF_039521505.1	GCA_039521505.1	Clostridium tertium	1559		JCM 6289					GCF_039521505.1-RS_2024_05_10	2024-05-10	3874184		36	Scaffold	2024-02-23	BAAACM01	31	28							3706	Clostridium	100	1.55
IMG-taxon 2619618820 annotated assembly	GCF_900101985.1	GCA_900101985.1	Bhargavaea beijingensis	426756		CGMCC 1.6762					GCF_900101985.1-RS_2025_12_09	2025-12-09	2988557		43	Contig	2016-10-21	FNAR01	43	54							3027	Planococcaceae	92.33	2.57
ASM188406v1	GCF_001884065.1	GCA_001884065.1	Bacillus proteolyticus	2026192		TD42					GCF_001884065.1-RS_2025_04_22	2025-04-22	5859329		170	Contig	2016-11-18	MACH01	170	35							6171	Bacillus	99.41	0.44
ASM165319v1	GCF_001653195.1	GCA_001653195.1	Hydrogenibacillus schlegelii	1484		MA 48					GCF_001653195.1-RS_2025_05_02	2025-05-02	2608908		67	Contig	2016-05-27	JXBB01	67	66							2550	Bacillales	91.95	1.89
ASM188404v1	GCF_001884045.1	GCA_001884045.1	Bacillus mobilis	2026190		0711P9-1					GCF_001884045.1-RS_2025_05_17	2025-05-17	5660141		152	Contig	2016-11-18	MACF01	152	35.5							5795	Bacillus	99.41	0.11
ASM143740v1	GCF_001437405.1	GCA_001437405.1	Pediococcus ethanolidurans	319653		DSM 22301					GCF_001437405.1-RS_2025_03_28	2025-03-28	2260906		66	Contig	2015-11-06	JQBY01	66	37							2203	Pediococcus	91.8	9.33
ASM283573v1	GCF_002835735.1	GCA_002835735.1	Cytobacillus horneckiae	549687		1P01SC					GCF_002835735.1-RS_2025_06_23	2025-06-23	5494436		103	Contig	2017-12-12	PISD01	103	37.5							5615	Bacillaceae	98.39	2.33
ASM76783v1	GCF_000767835.1	GCA_000767835.1	Streptococcus sinensis	176090		HKU4					GCF_000767835.1-RS_2025_04_26	2025-04-26	2061843		116	Contig	2014-10-22	JPEN01	116	42							2038	Streptococcus	98.76	0.13
ASM163641v1	GCF_001636415.1	GCA_001636415.1	Neobacillus drentensis	220684		FJAT-10044					GCF_001636415.1-RS_2025_03_05	2025-03-05	5305306		5	Scaffold	2016-05-04	LUUU01	3	39							5228	Bacillaceae	99.35	1.27
ASM221765v1	GCF_002217655.1	GCA_002217655.1	Geobacillus thermocatenulatus	33938		BGSC 93A1					GCF_002217655.1-RS_2025_05_17	2025-05-17	3563800		2	Contig	2017-07-13	NEWK01	2	52							3674	Geobacillus	98.6	0.23
ASM437509v1	GCF_004375095.1	GCA_004375095.1	Shouchella lehensis	300825		DSM 19099					GCF_004375095.1-RS_2025_07_22	2025-07-22	3995080		15	Scaffold	2019-03-25	SNUX01	8	40							4130	Bacillaceae	99.35	
ASM283580v1	GCF_002835805.1	GCA_002835805.1	Niallia nealsonii	115979		FO-92					GCF_002835805.1-RS_2025_12_11	2025-12-11	4691494		91	Contig	2017-12-12	PISE01	91	34.5							4490	Bacillaceae	95.16	0.42
ASM869299v1	GCF_008692995.1	GCA_008692995.1	Gemella haemolysans	1379		CCUG 37985T					GCF_008692995.1-RS_2025_03_29	2025-03-29	1905342		20	Contig	2019-09-24	VXKF01	20	30.5							1751	Gemella haemolysans	98.52	1.95
ASM4898488v1	GCF_048984885.1	GCA_048984885.1	Alicyclobacillus tolerans	90970		DSM 16297					GCF_048984885.1-RS_2025_03_28	2025-03-28	3154851		3	Contig	2025-03-25	JBMGNK01	3	45							3197	Alicyclobacillus	94.15	1.72
ASM220091v1	GCF_002200915.1	GCA_002200915.1	Lysinibacillus boronitolerans JCM 21713 = 10a = NBRC 103108	1294264		NBRC 103108					GCF_002200915.1-RS_2025_04_27	2025-04-27	4564150		81	Contig	2017-06-19	AVCW01	81	37.5							4614	Lysinibacillus	95.37	5.79
ASM143481v1	GCF_001434815.1	GCA_001434815.1	Lactobacillus equicursoris DSM 19284 = JCM 14600 = CIP 110162	1293597		DSM 19284					GCF_001434815.1-RS_2025_03_29	2025-03-29	2052598		184	Scaffold	2015-11-06	AZDU01	182	47.5							2038	Lactobacillus	99.03	0.65
ASM279797v1	GCF_002797975.1	GCA_002797975.1	[Clostridium] celerecrescens 18A	1286362		18A					GCF_002797975.1-RS_2025_12_13	2025-12-13	5272838		1	Contig	2017-11-28	PGET01	1	44							4806	Lachnospiraceae	97.43	2.28
ASM62080v1	GCF_000620805.1	GCA_000620805.1	Exiguobacterium undae DSM 14481	1397693		DSM 14481					GCF_000620805.1-RS_2025_12_09	2025-12-09	3246106		10	Scaffold	2014-04-08	JHZV01	4	48							3325	Exiguobacterium undae	98.16	1.22
IMG-taxon 2506210005 annotated assembly	GCF_900176145.1	GCA_900176145.1	Sulfobacillus thermosulfidooxidans DSM 9293	929705		DSM 9293					GCF_900176145.1-RS_2025_04_12	2025-04-12	3861015		10	Scaffold	2017-04-07	FWWY01	2	49.5							3851	Sulfobacillus	98.69	0.86
Ente_disp_ATCC51266_V1	GCF_000406945.1	GCA_000406945.1	Enterococcus dispar ATCC 51266	1139219		ATCC 51266					GCF_000406945.1-RS_2025_03_30	2025-03-30	2822228		15	Scaffold	2013-06-04	AHYR01	3	37							2714	Enterococcus	97.91	1.98
ASM151449v1	GCF_001514495.1	GCA_001514495.1	Paenibacillus pabuli NBRC 13638	1349782		NBRC 13638					GCF_001514495.1-RS_2025_08_12	2025-08-12	7329063		63	Contig	2016-01-06	BCNM01	63	46.5							6511	Paenibacillus	99.72	1.22
ASM400080v1	GCF_004000805.1	GCA_004000805.1	Paenibacillus glycanilyticus NBRC 16618	1220565		NBRC 16618					GCF_004000805.1-RS_2025_09_09	2025-09-09	6887557		94	Contig	2018-12-29	BILY01	94	51							6201	Paenibacillus	99.72	0.83
ASM143573v1	GCF_001435735.1	GCA_001435735.1	Ligilactobacillus equi DSM 15833 = JCM 10991	1423740		DSM 15833					GCF_001435735.1-RS_2025_07_13	2025-07-13	2284210		229	Scaffold	2015-11-06	AZFH01	205	39							2364	Lactobacillaceae	99	1.63
48290_G02	GCF_900446755.1	GCA_900446755.1	Carnobacterium divergens	2748		NCTC13772					GCF_900446755.1-RS_2025_07_22	2025-07-22	2629627		2	Contig	2018-08-07	UFVP01	2	35							2525	Carnobacteriaceae	98.22	5.28
ASM288449v1	GCF_002884495.1	GCA_002884495.1	Rummeliibacillus pycnus	101070		DSM 15030					GCF_002884495.1-RS_2025_12_10	2025-12-10	3851193		2	Scaffold	2018-01-16	NJAS01	1	34.5							3790	Planococcaceae	90.94	3.84
ASM163631v1	GCF_001636315.1	GCA_001636315.1	Neobacillus mesonae	1193713		FJAT-13985					GCF_001636315.1-RS_2025_12_11	2025-12-11	5807726		7	Scaffold	2016-05-04	LUUQ01	2	40.5							5613	Bacillaceae	99.35	2.42
ASM4243263v1	GCF_042432635.1	GCA_042432635.1	Fictibacillus phosphorivorans	1221500		CCM 8426					GCF_042432635.1-RS_2025_05_11	2025-05-11	4050808		19	Scaffold	2024-09-28	JBHLWX01	15	39.5							4223	Bacillaceae	98.6	0.65
ASM366412v1	GCF_003664125.1	GCA_003664125.1	Planococcus citreus	1373		DSM 20549					GCF_003664125.1-RS_2025_04_22	2025-04-22	3429284		14	Scaffold	2018-10-15	RCCP01	13	48.5							3477	Planococcus	85.94	10.55
ASM1420261v1	GCF_014202615.1	GCA_014202615.1	Planococcus koreensis	112331		DSM 15895					GCF_014202615.1-RS_2025_04_27	2025-04-27	3469359		22	Contig	2020-08-14	JACHHE01	22	47.5							3432	Planococcus	87.92	7.91
ASM223777v1	GCF_002237775.1	GCA_002237775.1	Domibacillus enclensis	1017273		DSM 25145					GCF_002237775.1-RS_2025_03_28	2025-03-28	3835730		24	Contig	2017-08-01	MWSK01	24	46.5							3845	Bacillaceae	98.39	1.03
ASM687442v1	GCF_006874425.1	GCA_006874425.1	Paenibacillus ottowii	2315729		MS2379					GCF_006874425.1-RS_2025_04_23	2025-04-23	5509884		43	Contig	2019-07-10	VIJZ01	43	45.5							5210	Paenibacillus	99.72	
ASM127493v1	GCF_001274935.1	GCA_001274935.1	Priestia koreensis	284581		DSM 16467					GCF_001274935.1-RS_2025_05_02	2025-05-02	4603584		42	Contig	2015-08-26	LILC01	42	40							4833	Bacillaceae	99.27	
ASM3632042v1	GCF_036320425.1	GCA_036320425.1	Bacillus nitratireducens	2026193		4049					GCF_036320425.1-RS_2025_04_28	2025-04-28	5933421		89	Scaffold	2024-01-31	JAUMJO01	77	35							6197	Bacillus	98.82	
ASM169373v1	GCF_001693735.1	GCA_001693735.1	Orenia metallireducens	1413210		Z6					GCF_001693735.1-RS_2025_05_02	2025-05-02	3465989		31	Scaffold	2016-07-26	LWDV01	12	32.5							3337	Halobacteroidaceae	99.71	5.12
ASM293454v1	GCF_002934545.1	GCA_002934545.1	Lacrimispora xylanisolvens	384636		DSM 3808					GCF_002934545.1-RS_2025_06_16	2025-06-16	5629247		33	Contig	2018-02-21	PTJA01	33	42							5352	Lachnospiraceae	98.47	4.78
IMG-taxon 2622736579 annotated assembly	GCF_900115825.1	GCA_900115825.1	Desemzia incerta	82801		DSM 20581					GCF_900115825.1-RS_2025_04_21	2025-04-21	2330788		19	Contig	2016-11-02	FOXW01	19	38							2235	Carnobacteriaceae	98.22	3.86
ASM798896v1	GCF_007988965.1	GCA_007988965.1	Rummeliibacillus stabekisii	241244		NBRC 104870					GCF_007988965.1-RS_2025_08_26	2025-08-26	3264943		23	Contig	2019-08-01	BJVD01	23	37.5							3215	Planococcaceae	88.8	3.7
ASM1335993v1	GCF_013359935.1	GCA_013359935.1	Paenibacillus xylanilyticus	248903		LMG 21957					GCF_013359935.1-RS_2025_09_29	2025-09-29	7424532		206	Contig	2020-06-18	JABMCB01	206	46.5							6970	Paenibacillus	99.72	0.69
ASM338694v1	GCF_003386945.1	GCA_003386945.1	Halobacillus trueperi	156205		KCTC 3686					GCF_003386945.1-RS_2025_04_22	2025-04-22	4112483		66	Contig	2018-08-14	QUAE01	66	43.5							4127	Halobacillus	95.33	6.3
ASM1690897v1	GCF_016908975.1	GCA_016908975.1	Neobacillus cucumis	1740721		DSM 101566					GCF_016908975.1-RS_2025_08_29	2025-08-29	6026570		64	Contig	2021-02-19	JAFBEX01	64	38.5							6025	Bacillaceae	99.35	4.47
ASM2874618v1	GCF_028746185.1	GCA_028746185.1	Paenibacillus qinlingensis	1837343		TEGT-2					GCF_028746185.1-RS_2025_03_26	2025-03-26	8964429		58	Scaffold	2023-02-20	JAQIVH01	56	45							7555	Paenibacillus	99.72	0.83
ASM2756334v1	GCF_027563345.1	GCA_027563345.1	Psychrobacillus psychrodurans	126157		DSM 11713					GCF_027563345.1-RS_2025_03_09	2025-03-09	4027030		62	Scaffold	2023-01-03	JAMKBK01	57	36							4064	Bacillaceae	100	
ASM72254v1	GCF_000722545.1	GCA_000722545.1	Paenibacillus tyrfis	1501230		MSt1					GCF_000722545.1-RS_2025_12_09	2025-12-09	8033195		100	Contig	2014-07-07	JNVM01	100	53							7403	Paenibacillus	99.72	0.48
ASM799151v1	GCF_007991515.1	GCA_007991515.1	Oceanobacillus sojae	582851		NBRC 105379					GCF_007991515.1-RS_2025_08_26	2025-08-26	4829268		47	Contig	2019-07-31	BJYM01	47	37.5							4696	Oceanobacillus	77.64	25.22
ASM127375v1	GCF_001273755.1	GCA_001273755.1	Peribacillus butanolivorans	421767		DSM 18926					GCF_001273755.1-RS_2025_12_11	2025-12-11	5682344		79	Scaffold	2015-08-24	LGYA01	17	38							5517	Bacillaceae	99.35	1.13
ASM434274v1	GCF_004342745.1	GCA_004342745.1	Christensenella hongkongensis	270498		DSM 18959					GCF_004342745.1-RS_2025_12_11	2025-12-11	3152139		40	Scaffold	2019-03-11	SMCZ01	38	48.5							2994	Clostridia	98.91	
IMG-taxon 2675903063 annotated assembly	GCF_900129865.1	GCA_900129865.1	Virgibacillus chiguensis	411959		CGMCC 1.6496					GCF_900129865.1-RS_2025_04_25	2025-04-25	4128320		63	Scaffold	2016-12-03	FQXD01	45	36.5							3938	Bacillaceae	99.03	0.65
ASM4268012v1	GCF_042680125.1	GCA_042680125.1	Robinsoniella peoriensis	180332		CCUG 48729					GCF_042680125.1-RS_2025_11_20	2025-11-20	7464303		123	Scaffold	2024-10-06	JBHTNY01	119	41							6471	Lachnospiraceae	98.75	1.34
ASM357072v1	GCF_003570725.1	GCA_003570725.1	Peribacillus asahii	228899		MA001					GCF_003570725.1-RS_2025_05_04	2025-05-04	4341281		85	Contig	2018-09-14	QWVS01	85	37.5							4262	Bacillaceae	98.28	0.54
ASM1097503v1	GCF_010975035.1	GCA_010975035.1	Neobacillus thermocopriae	1215031		SgZ-7					GCF_010975035.1-RS_2025_03_30	2025-03-30	3208840		54	Contig	2020-02-23	JAAIUV01	54	37.5							3283	Bacillaceae	99.35	0.22
ASM4265298v1	GCF_042652985.1	GCA_042652985.1	Ruoffia tabacinasalis	87458		CCUG 30090					GCF_042652985.1-RS_2025_03_02	2025-03-02	2398553		99	Scaffold	2024-10-05	JBHSHQ01	94	36.5							2352	Aerococcaceae	98.29	1.64
ASM2242714v1	GCF_022427145.1	GCA_022427145.1	Paenibacillus timonensis	225915		DSM 16943					GCF_022427145.1-RS_2025_08_29	2025-08-29	5276805		179	Contig	2022-02-28	JAKSXN01	179	54							4968	Paenibacillus	99.17	
ASM4264978v1	GCF_042649785.1	GCA_042649785.1	Streptococcus alactolyticus	29389		CCUG 27297					GCF_042649785.1-RS_2025_03_31	2025-03-31	1684678		57	Scaffold	2024-10-05	JBHRZX01	47	40.5							1733	Streptococcus	99.43	0.68
ASM3952192v1	GCF_039521925.1	GCA_039521925.1	Virgibacillus salarius	447199		JCM 12946					GCF_039521925.1-RS_2024_05_10	2024-05-10	4360315		197	Scaffold	2024-02-23	BAAACY01	183	36.5							4295	Bacillaceae	99.35	0.22
ASM163639v1	GCF_001636395.1	GCA_001636395.1	Neobacillus novalis	220687		FJAT-14227					GCF_001636395.1-RS_2025_04_26	2025-04-26	5668192		3	Scaffold	2016-05-04	LUUR01	2	40							5608	Bacillaceae	99.35	1.49
ASM233581v1	GCF_002335815.1	GCA_002335815.1	Neobacillus soli	220688		DSM 15604					GCF_002335815.1-RS_2025_04_27	2025-04-27	5579901		19	Scaffold	2017-09-21	NISV01	4	39.5							5528	Bacillaceae	99.35	3.55
ASM4054545v1	GCF_040545455.1	GCA_040545455.1	Enterocloster citroniae	358743		DSM 19261					GCF_040545455.1-RS_2025_07_08	2025-07-08	6184194		68	Contig	2024-07-08	JBEPLZ01	68	49.5							5721	Lachnospiraceae	98.75	3.32
ASM435464v1	GCF_004354645.1	GCA_004354645.1	Leuconostoc fallax	1251		ATCC 700006					GCF_004354645.1-RS_2025_03_28	2025-03-28	1660517		21	Scaffold	2019-03-18	PUFI01	16	37.5							1704	Leuconostoc	97.28	1.83
ASM799127v1	GCF_007991275.1	GCA_007991275.1	Alkalibacillus haloalkaliphilus	94136		NBRC 103110					GCF_007991275.1-RS_2025_12_09	2025-12-09	2882966		40	Contig	2019-07-31	BJYA01	40	37.5							3038	Bacillaceae	97.96	0.65
ASM1100856v1	GCF_011008565.1	GCA_011008565.1	Heyndrickxia ginsengihumi	363870		Gsoil 114					GCF_011008565.1-RS_2025_07_22	2025-07-22	3738558		63	Contig	2020-02-25	JAAIWK01	63	36							3622	Bacillaceae	95.81	
ASM799129v1	GCF_007991295.1	GCA_007991295.1	Ligilactobacillus pobuzihii	449659		NBRC 103219					GCF_007991295.1-RS_2025_08_26	2025-08-26	2326724		61	Contig	2019-07-31	BJYB01	61	37.5							2187	Lactobacillaceae	98.37	0.87
ASM799201v1	GCF_007992015.1	GCA_007992015.1	Levilactobacillus namurensis	380393		NBRC 107158					GCF_007992015.1-RS_2025_08_26	2025-08-26	2455734		109	Contig	2019-07-31	BJZL01	109	52							2277	Lactobacillaceae	100	
ASM653928v1	GCF_006539285.1	GCA_006539285.1	Sporolactobacillus inulinus	2078		NBRC 13595					GCF_006539285.1-RS_2025_09_09	2025-09-09	3139478		233	Contig	2019-06-12	BJMS01	233	45							3048	Sporolactobacillaceae	87.4	12.49
Pelosinus fermentans DSM 17108_v1.1	GCF_000271485.2	GCA_000271485.2	Pelosinus fermentans DSM 17108	1122947		R7					GCF_000271485.2-RS_2025_03_30	2025-03-30	5027115		2	Contig	2016-05-23	AKVN02	2	40							4719	Pelosinus fermentans	98	2.79
ASM74512v1	GCF_000745125.1	GCA_000745125.1	Carnobacterium jeotgali MS3	1449340		MS3					GCF_000745125.1-RS_2025_12_11	2025-12-11	2518244		12	Contig	2014-08-28	JQNF01	12	35.5							2486	Carnobacteriaceae	97.34	1.52
ASM37750v1	GCF_000377505.1	GCA_000377505.1	Paenibacillus massiliensis 2301065 = DSM 16942	1122921		DSM 16942					GCF_000377505.1-RS_2025_12_09	2025-12-09	6385800		38	Scaffold	2013-04-23	ARIL01	36	48.5							5533	Paenibacillus	99.17	
IMG-taxon 2622736508 annotated assembly	GCF_900104455.1	GCA_900104455.1	Dendrosporobacter quercicolus	146817		DSM 1736					GCF_900104455.1-RS_2025_04_10	2025-04-10	4130502		35	Scaffold	2016-10-21	FNHB01	28	49							3830	Selenomonadales	100	2.81
Lact_cate_OT_569_V1	GCF_000340375.1	GCA_000340375.1	Eggerthia catenaformis OT 569 = DSM 20559	999415		OT 569					GCF_000340375.1-RS_2025_04_21	2025-04-21	1945158		36	Scaffold	2013-02-19	AGEJ01	8	33							1959	Erysipelotrichales	99.06	
ASM220085v1	GCF_002200855.1	GCA_002200855.1	Ureibacillus massiliensis 4400831 = CIP 108448 = CCUG 49529	1211035		4400831					GCF_002200855.1-RS_2025_12_11	2025-12-11	3999909		156	Contig	2017-06-19	AVCZ01	156	34.5							3935	Planococcaceae	90.1	4.91
IMG-taxon 2518645616 annotated assembly	GCF_900167325.1	GCA_900167325.1	Megasphaera cerevisiae DSM 20462	1122219		DSM 20462					GCF_900167325.1-RS_2025_12_09	2025-12-09	3152696		119	Scaffold	2017-03-04	FUXD01	110	45							3129	Megasphaera	100	
ASM400072v1	GCF_004000725.1	GCA_004000725.1	Paenibacillus alginolyticus DSM 5050 = NBRC 15375	1122915		NBRC 15375					GCF_004000725.1-RS_2025_08_04	2025-08-04	8235023		311	Contig	2018-12-29	BILU01	311	45							7865	Paenibacillus	99.72	
ASM46638v1	GCF_000466385.1	GCA_000466385.1	Aneurinibacillus aneurinilyticus ATCC 12856	649747		ATCC 12856					GCF_000466385.1-RS_2025_03_29	2025-03-29	5313859		395	Scaffold	2013-09-12	AWSJ01	286	43							5448	Paenibacillaceae	99.23	3.08
ASM159186v1	GCF_001591865.1	GCA_001591865.1	Lacticaseibacillus pantheris DSM 15945 = JCM 12539 = NBRC 106106	1423783		NBRC 106106					GCF_001591865.1-RS_2025_08_12	2025-08-12	2478657		197	Contig	2016-02-27	BCVS01	197	53							2320	Lactobacillaceae	98.68	1.17
ASM480251v1	GCF_004802515.1	GCA_004802515.1	Alkalihalobacillus alcalophilus ATCC 27647 = CGMCC 1.3604	1218173		CGMCC 1.3604					GCF_004802515.1-RS_2025_12_11	2025-12-11	4210001		434	Scaffold	2019-04-22	JALP01	402	37							4116	Bacillaceae	99.03	1.61
45296_H02	GCF_900459365.1	GCA_900459365.1	Streptococcus massiliensis	313439		NCTC13765					GCF_900459365.1-RS_2025_04_27	2025-04-27	2033868		5	Contig	2018-08-01	UHFR01	5	41.5							2059	Streptococcus	99.23	1.67
ASM68586v1	GCF_000685865.1	GCA_000685865.1	Exiguobacterium antarcticum DSM 14480	1397700		DSM 14480					GCF_000685865.1-RS_2025_03_30	2025-03-30	3219480		7	Contig	2014-05-08	JMKS01	7	47							3369	Exiguobacterium	99.44	1.42
ASM35016v1	GCF_000350165.1	GCA_000350165.1	Halanaerobium saccharolyticum subsp. saccharolyticum DSM 6643	1293054		type strain:DSM 6643					GCF_000350165.1-RS_2025_12_10	2025-12-10	2873865		24	Contig	2013-03-13	CAUI01	24	32.5							2738	Halanaerobium	90.5	16.19
23.K55	GCF_000416965.1	GCA_000416965.1	Exiguobacterium chiriqhucha RW-2	1345023		RW-2					GCF_000416965.1-RS_2025_03_29	2025-03-29	3019504		23	Contig	2013-07-01	ATCL01	23	52							3118	Exiguobacterium	98.94	1.32
IMG-taxon 2634166902 annotated assembly	GCF_900103615.1	GCA_900103615.1	Romboutsia lituseburensis DSM 797	1121325		DSM 797					GCF_900103615.1-RS_2025_04_21	2025-04-21	3782458		30	Scaffold	2016-10-21	FNGW01	29	27.5							3634	Peptostreptococcaceae	99.34	1.32
ASM37378v1	GCF_000373785.1	GCA_000373785.1	Erysipelothrix tonsillarum DSM 14972	1121874		DSM 14972					GCF_000373785.1-RS_2025_04_22	2025-04-22	1931022		6	Scaffold	2013-04-23	AREO01	4	37							1855	Erysipelothrix	97.58	2.26
ASM38000v1	GCF_000380005.1	GCA_000380005.1	Streptococcus didelphis DSM 15616	1123301		DSM 15616					GCF_000380005.1-RS_2025_05_02	2025-05-02	1877438		17	Scaffold	2013-04-23	ARCB01	15	36							1847	Streptococcus	99.04	0.58
ASM400094v1	GCF_004000945.1	GCA_004000945.1	Paenibacillus lautus NBRC 15380	1349780		NBRC 15380					GCF_004000945.1-RS_2025_08_26	2025-08-26	7062432		56	Contig	2018-12-29	BIMF01	56	49.5							6447	Paenibacillus	99.72	0.67
ASM143483v1	GCF_001434835.1	GCA_001434835.1	Levilactobacillus acidifarinae DSM 19394 = JCM 15949	1423715		DSM 19394					GCF_001434835.1-RS_2025_03_29	2025-03-29	2918319		39	Scaffold	2015-11-06	AZDV01	30	51.5							2822	Lactobacillaceae	99.35	0.65
IMG-taxon 2585428081 annotated assembly	GCF_900130025.1	GCA_900130025.1	Sporanaerobacter acetigenes DSM 13106	1123281		DSM 13106					GCF_900130025.1-RS_2025_01_25	2025-01-25	2912784		36	Scaffold	2016-12-03	FQXR01	34	31							2925	Bacteria	98.28	0.86
BhCe1	GCF_000348905.1	GCA_000348905.1	Bhargavaea cecembensis DSE10	1235279		DSE10					GCF_000348905.1-RS_2025_12_09	2025-12-09	3207463		39	Contig	2013-03-25	AOFT01	39	55							3228	Planococcaceae	91.45	1.92
ASM295977v1	GCF_002959775.1	GCA_002959775.1	Veillonella rogosae JCM 15642	1298595		JCM 15642					GCF_002959775.1-RS_2025_03_29	2025-03-29	2187106		15	Contig	2018-02-27	PPCX01	15	39							2059	Veillonella	99.85	0.05
ASM2792352v1	GCF_027923525.1	GCA_027923525.1	Alicyclobacillus hesperidum subsp. aegles	420888		DSM 11985					GCF_027923525.1-RS_2025_11_24	2025-11-24	2923069		76	Contig	2022-11-01	BSBJ01	76	54							2972	Alicyclobacillus	98.04	0.62
ASM400076v1	GCF_004000765.1	GCA_004000765.1	Paenibacillus chondroitinus NBRC 15376	1220560		NBRC 15376					GCF_004000765.1-RS_2025_12_09	2025-12-09	7884870		110	Contig	2018-12-29	BILW01	110	46							7195	Paenibacillus	99.72	1.12
ASM18550v1	GCF_000185505.1	GCA_000185505.1	Pseudoramibacter alactolyticus ATCC 23263	887929		ATCC 23263					GCF_000185505.1-RS_2025_04_11	2025-04-11	2362882		75	Scaffold	2011-01-14	AEQN01	42	51.5							2327	Eubacteriaceae	100	
ASM62150v1	GCF_000621505.1	GCA_000621505.1	Ruminiclostridium cellobioparum DSM 1351 = ATCC 15832	1121303		ATCC 15832					GCF_000621505.1-RS_2025_04_07	2025-04-07	6132222		94	Scaffold	2014-04-08	JHYD01	80	41.5							5232	Ruminococcaceae	100	4.89
Helc_kunz_ATCC_51366_V1	GCF_000245755.1	GCA_000245755.1	Helcococcus kunzii ATCC 51366	883114		ATCC 51366					GCF_000245755.1-RS_2025_05_01	2025-05-01	2096464		39	Scaffold	2012-02-07	AGEI01	2	29.5							1913	Bacteria	98.28	1.72
IMG-taxon 2585428087 annotated assembly	GCF_900141825.1	GCA_900141825.1	Pseudobutyrivibrio xylanivorans DSM 14809	1123012		DSM 14809					GCF_900141825.1-RS_2025_12_13	2025-12-13	3420924		59	Scaffold	2016-12-03	FQYQ01	57	38.5							3167	Pseudobutyrivibrio	98.92	3.3
ASM143746v1	GCF_001437465.1	GCA_001437465.1	Lacticaseibacillus saniviri JCM 17471 = DSM 24301	1293598		DSM 24301					GCF_001437465.1-RS_2025_03_28	2025-03-28	2435824		91	Scaffold	2015-11-06	JQCE01	77	47.5							2517	Lactobacillaceae	98.86	0.54
ASM400078v1	GCF_004000785.1	GCA_004000785.1	Paenibacillus ehimensis NBRC 15659	1220562		NBRC 15659					GCF_004000785.1-RS_2024_12_16	2024-12-16	7486149		215	Contig	2018-12-29	BILX01	215	54							7007	Paenibacillus	99.03	2.42
ASM143436v1	GCF_001434365.1	GCA_001434365.1	Limosilactobacillus gastricus DSM 16045	1423749		DSM 16045					GCF_001434365.1-RS_2025_03_28	2025-03-28	1848461		68	Scaffold	2015-11-06	AZFN01	66	41.5							1894	Lactobacillaceae	97.32	0.63
ASM143597v1	GCF_001435975.1	GCA_001435975.1	Secundilactobacillus collinoides DSM 20515 = JCM 1123	1423733		DSM 20515					GCF_001435975.1-RS_2025_03_28	2025-03-28	3616190		156	Scaffold	2015-11-06	AYYR01	130	46							3337	Lactobacillaceae	97.93	1.31
ASM18538v1	GCF_000185385.1	GCA_000185385.1	Lachnoanaerobaculum saburreum DSM 3986	887325		DSM 3986					GCF_000185385.1-RS_2025_12_13	2025-12-13	3082404		150	Scaffold	2011-01-14	AEPW01	37	36.5							2909	Eubacterium saburreum	96.31	0.22
ASM155267v1	GCF_001552675.1	GCA_001552675.1	Alicyclobacillus sendaiensis NBRC 100866	1220572		NBRC 100866					GCF_001552675.1-RS_2025_09_02	2025-09-02	2793850		153	Contig	2016-02-06	BCRQ01	153	62.5							2830	Alicyclobacillus	98.53	0.82
IMG-taxon 2585428077 annotated assembly	GCF_900129995.1	GCA_900129995.1	Caloranaerobacter azorensis DSM 13643	1121264		DSM 13643					GCF_900129995.1-RS_2025_04_12	2025-04-12	2461935		158	Scaffold	2016-12-03	FQXO01	156	29.5							2550	Bacteria	100	0.86
ASM388504v1	GCF_003885045.1	GCA_003885045.1	Schaedlerella arabinosiphila	2044587		DSM 106076					GCF_003885045.1-RS_2025_12_13	2025-12-13	6521014		3	Contig	2018-12-06	RHJS01	3	48							6071	Lachnospiraceae	98.97	3.75
ASM4268212v1	GCF_042682125.1	GCA_042682125.1	Pseudogracilibacillus auburnensis	1494959		CCM 8509					GCF_042682125.1-RS_2025_03_02	2025-03-02	4823130		2	Contig	2024-10-06	JBHUHB01	2	35.5							4564	Bacillaceae	96.3	0.89
ASM288625v1	GCF_002886255.1	GCA_002886255.1	Alteribacillus bidgolensis	930129		DSM 25260					GCF_002886255.1-RS_2025_05_03	2025-05-03	4703180		3	Scaffold	2018-01-16	NJAU01	2	39							4705	Bacillaceae	99.03	0.86
52121_G01	GCF_900460335.1	GCA_900460335.1	Tissierella praeacuta	43131		NCTC11158					GCF_900460335.1-RS_2025_06_30	2025-06-30	3206559		2	Contig	2018-08-01	UHHZ01	2	30.5							3231	Bacteria	98.28	
ASM90015562v1	GCF_900155625.1	GCA_900155625.1	Virgibacillus dakarensis	1917889		Marseille-P3469T					GCF_900155625.1-RS_2025_12_09	2025-12-09	4753046		8	Scaffold	2017-02-08	FUHS01	6	39.5							4716	Bacillaceae	98.71	0.7
ASM2370308v1	GCF_023703085.1	GCA_023703085.1	Alkalicoccobacillus plakortidis	444060		DSM 19153					GCF_023703085.1-RS_2024_09_03	2024-09-03	4366190		9	Contig	2022-06-12	JAMQJY01	9	39.5							4787	Bacillaceae	84.05	2.19
Pwynnii072014	GCF_000757885.1	GCA_000757885.1	Paenibacillus wynnii	268407		DSM 18334					GCF_000757885.1-RS_2025_03_28	2025-03-28	5988861		3	Contig	2014-09-25	JQCR01	3	45							5648	Paenibacillus	99.11	2.78
50305_H01	GCF_900458665.1	GCA_900458665.1	Staphylococcus petrasii	1276936		NCTC13835					GCF_900458665.1-RS_2025_03_29	2025-03-29	2524895		2	Contig	2018-08-01	UHDU01	2	33.5							2497	Staphylococcus	99.15	0.76
IMG-taxon 2634166280 annotated assembly	GCF_900102725.1	GCA_900102725.1	Carnobacterium viridans	174587		MPL-11					GCF_900102725.1-RS_2025_08_07	2025-08-07	2762327		9	Contig	2016-10-21	FNJW01	9	35							2764	Carnobacteriaceae	97.84	4.28
PRJEB13931	GCF_900086585.1	GCA_900086585.1	Emergencia timonensis	1776384		SN18					GCF_900086585.1-RS_2024_12_16	2024-12-16	4661482		9	Contig	2016-05-19	FLKM01	9	46							4411	Clostridia	97.95	
ASM163642v1	GCF_001636425.1	GCA_001636425.1	Heyndrickxia acidicola	209389		DSM 14745					GCF_001636425.1-RS_2025_07_22	2025-07-22	5138363		10	Scaffold	2016-05-04	LWJG01	7	39.5							4958	Bacillaceae	99.35	1.26
ASM468490v1	GCF_004684905.1	GCA_004684905.1	Halobacillus salinus	192814		HSL-3					GCF_004684905.1-RS_2025_04_03	2025-04-03	3739998		17	Scaffold	2019-04-07	SRJC01	15	44.5							4003	Halobacillus	88.81	5.97
ASM478593v1	GCF_004785935.1	GCA_004785935.1	Streptococcus rubneri	1234680		DSM 26920					GCF_004785935.1-RS_2025_04_22	2025-04-22	2160087		4	Contig	2019-04-12	SRRP01	4	41.5							2041	Streptococcus	99.9	
ASM326802v1	GCF_003268025.1	GCA_003268025.1	Paenibacillus montanisoli	2081970		RA17					GCF_003268025.1-RS_2025_03_29	2025-03-29	6172437		12	Contig	2018-06-26	QLUW01	12	53							5763	Paenibacillus	99.72	1.02
ASM199946v1	GCF_001999465.1	GCA_001999465.1	Fictibacillus arsenicus	255247		Con a/3					GCF_001999465.1-RS_2025_05_11	2025-05-11	3909563		96	Contig	2017-02-13	MQMF01	96	40							4106	Bacillales	97.24	1.62
ASM142069v1	GCF_001420695.1	GCA_001420695.1	Brevibacillus choshinensis	54911		DSM 8552					GCF_001420695.1-RS_2025_12_12	2025-12-12	6279095		26	Scaffold	2015-10-30	LJJB01	16	48.5							6168	Brevibacillus	90.98	10.48
IMG-taxon 2616645019 annotated assembly	GCF_900094955.1	GCA_900094955.1	Fictibacillus enclensis	1017270		NIO-1003					GCF_900094955.1-RS_2025_05_11	2025-05-11	4500901		12	Scaffold	2016-08-04	FMAV01	10	44.5							4709	Bacillales	98.13	0.81
ASM288444v1	GCF_002884445.1	GCA_002884445.1	Paenibacillus castaneae	474957		DSM 19417					GCF_002884445.1-RS_2025_04_27	2025-04-27	6305522		17	Scaffold	2018-01-16	NJAR01	4	44.5							5712	Paenibacillus	99.58	0.13
G1763	GCF_904423875.1	GCA_904423875.1	Metabacillus idriensis	324768		DSM-19097					GCF_904423875.1-RS_2025_11_23	2025-11-23	4889597		23	Contig	2020-09-25	CAJGAA01	23	40.5							4996	Bacillaceae	99.35	0.77
ASM193907v1	GCF_001939075.1	GCA_001939075.1	Paenisporosarcina indica	650093		PN2					GCF_001939075.1-RS_2025_05_03	2025-05-03	3610334		19	Contig	2017-01-06	MPTA01	19	38.5							3605	Planococcaceae	97.44	3.22
ASM279830v1	GCF_002798305.1	GCA_002798305.1	Chryseomicrobium excrementi	2041346		ET03					GCF_002798305.1-RS_2025_05_03	2025-05-03	2643527		15	Scaffold	2017-11-28	PCGR01	14	43.5							2749	Planococcaceae	91.72	1.93
ASM2861063v1	GCF_028610635.1	GCA_028610635.1	Alkalicoccobacillus gibsonii	79881		DSM 8722					GCF_028610635.1-RS_2024_09_03	2024-09-03	3932415		17	Scaffold	2023-02-13	JAQQWR01	15	40.5							4112	Bacillaceae	99.35	
ASM288618v1	GCF_002886185.1	GCA_002886185.1	Salipaludibacillus neizhouensis	885475		DSM 19794					GCF_002886185.1-RS_2025_12_09	2025-12-09	5511086		44	Scaffold	2018-01-16	NJAW01	11	37.5							5197	Bacillaceae	99.35	2.35
IMG-taxon 2708742535 annotated assembly	GCF_900177815.1	GCA_900177815.1	Paenibacillus aquistagni	1852522		11					GCF_900177815.1-RS_2025_04_27	2025-04-27	5386342		18	Contig	2017-04-20	FXAZ01	18	47.5							4883	Paenibacillus	99.58	0.36
ASM97068v1	GCF_000970685.1	GCA_000970685.1	Domibacillus indicus	1437523		SD 111					GCF_000970685.1-RS_2025_12_11	2025-12-11	3604247		32	Contig	2015-04-08	LAJB01	32	44.5							3661	Bacillaceae	98.06	1.03
IMG-taxon 2619618821 annotated assembly	GCF_900107505.1	GCA_900107505.1	Trichococcus collinsii	157076		DSM 14526					GCF_900107505.1-RS_2025_08_10	2025-08-10	3174439		26	Scaffold	2016-10-22	FNQH01	24	46							3075	Carnobacteriaceae	97.77	5.43
ASM29903v1	GCF_000299035.1	GCA_000299035.1	Bacillus bingmayongensis	1150157		FJAT-13831					GCF_000299035.1-RS_2024_04_07	2024-04-07	5477100		88	Scaffold	2012-09-24	AKCS01	63	35.5							5673	Bacillus	99.02	0.59
ASM4268154v1	GCF_042681545.1	GCA_042681545.1	Planococcus chinensis	272917		CGMCC 1.3454					GCF_042681545.1-RS_2025_03_02	2025-03-02	3735505		25	Contig	2024-10-06	JBHUFW01	25	50							3698	Planococcus	89.24	12.22
ASM1758306v1	GCF_017583065.1	GCA_017583065.1	Staphylococcus shinii	2912228		K22-5M					GCF_017583065.1-RS_2025_03_30	2025-03-30	3024573		21	Contig	2021-03-24	JAGEVL01	21	32.5							2878	Staphylococcus	99.81	1.15
ASM1787428v1	GCF_017874285.1	GCA_017874285.1	Peptostreptococcus canis	1159213		DSM 27025					GCF_017874285.1-RS_2025_12_13	2025-12-13	2051154		24	Contig	2021-04-08	JAGGLE01	24	30							1908	Peptostreptococcus	92.68	5.74
ASM381481v1	GCF_003814815.1	GCA_003814815.1	Salisediminibacterium halotolerans	517425		DSM 26530					GCF_003814815.1-RS_2025_04_27	2025-04-27	2841072		12	Scaffold	2018-11-23	RKQQ01	11	47							2812	Bacillaceae	96.72	0.48
ASM2449807v1	GCF_024498075.1	GCA_024498075.1	Paenibacillus mendelii	206163		C/2					GCF_024498075.1-RS_2025_09_07	2025-09-07	8136757		83	Scaffold	2022-07-31	JANHOF01	81	50.5							7267	Paenibacillus	99.17	0.82
ASM1498251v1	GCF_014982515.1	GCA_014982515.1	Litchfieldia luteola	682179		YIM 93174					GCF_014982515.1-RS_2025_03_09	2025-03-09	4208210		25	Contig	2020-10-25	JADCLJ01	25	36.5							4392	Bacillaceae	99.27	0.33
ASM789643v1	GCF_007896435.1	GCA_007896435.1	Rummeliibacillus suwonensis	1306154		G20					GCF_007896435.1-RS_2025_04_27	2025-04-27	4105740		27	Scaffold	2019-08-07	VCBL01	16	36							3790	Planococcaceae	90.04	5.9
ASM1690895v1	GCF_016908955.1	GCA_016908955.1	Bacillus mesophilus	1808955		DSM 101000					GCF_016908955.1-RS_2025_03_29	2025-03-29	4267014		22	Contig	2021-02-19	JAFBEW01	22	37							4373	Bacillus	97.29	1.37
IMG-taxon 2651870103 annotated assembly	GCF_900108515.1	GCA_900108515.1	Halobacillus karajensis	195088		DSM 14948					GCF_900108515.1-RS_2025_08_07	2025-08-07	4070894		25	Scaffold	2016-10-27	FNWW01	24	41.5							4078	Halobacillus	90.52	10.41
ASM1690825v1	GCF_016908255.1	GCA_016908255.1	Paenibacillus sacheonensis	742054		DSM 23054					GCF_016908255.1-RS_2025_03_28	2025-03-28	7427138		35	Contig	2021-02-19	JAFBDP01	35	56.5							6424	Paenibacillus	99.61	1.67
ASM4265582v1	GCF_042655825.1	GCA_042655825.1	Sporosarcina koreensis	334735		KACC 11299					GCF_042655825.1-RS_2025_03_02	2025-03-02	3590328		29	Contig	2024-10-06	JBHSNP01	29	45							3621	Sporosarcina	96.86	8.97
ASM2073408v1	GCF_020734085.1	GCA_020734085.1	Hominibacterium faecale	2839743		SF3					GCF_020734085.1-RS_2025_03_02	2025-03-02	4358853		30	Contig	2021-11-02	JAJAGH01	30	47.5							4000	Clostridiales	97.08	
IMG-taxon 2687453789 annotated assembly	GCF_900114445.1	GCA_900114445.1	Salinicoccus halodurans	407035		CGMCC 1.6501					GCF_900114445.1-RS_2025_03_28	2025-03-28	2735405		15	Scaffold	2016-11-02	FOTB01	10	44.5							2841	Salinicoccus	85.89	7.15
IMG-taxon 2617270759 annotated assembly	GCF_900114165.1	GCA_900114165.1	Halobacillus dabanensis	240302		CGMCC 1.3704					GCF_900114165.1-RS_2025_04_22	2025-04-22	4137344		27	Scaffold	2016-11-02	FOSB01	24	41.5							4167	Halobacillus	91.38	9.99
ASM142071v1	GCF_001420715.1	GCA_001420715.1	Heyndrickxia shackletonii	157838		LMG 18435					GCF_001420715.1-RS_2025_07_22	2025-07-22	5297592		52	Scaffold	2015-10-30	LJJC01	24	36.5							5212	Bacillaceae	98.49	3.03
IMG-taxon 2675903005 annotated assembly	GCF_900103915.1	GCA_900103915.1	Tenuibacillus multivorans	237069		CGMCC 1.3442					GCF_900103915.1-RS_2025_05_02	2025-05-02	2950395		19	Scaffold	2016-10-21	FNIG01	18	37.5							3149	Bacillaceae	97.53	0.75
ASM964973v1	GCF_009649735.1	GCA_009649735.1	Salinibacillus xinjiangensis	1229268		J4					GCF_009649735.1-RS_2025_12_09	2025-12-09	3730785		39	Contig	2019-11-11	WJNH01	39	38.5							3926	Bacillaceae	97.74	1.29
ASM987743v1	GCF_009877435.1	GCA_009877435.1	Heliomicrobium gestii	2699		DSM 11169					GCF_009877435.1-RS_2025_12_11	2025-12-11	3685747		54	Contig	2020-01-14	WXEX01	54	57							3442	Clostridiales	98.65	1.75
ASM1787403v1	GCF_017874035.1	GCA_017874035.1	Paenibacillus aceris	869555		DSM 24950					GCF_017874035.1-RS_2025_04_27	2025-04-27	7982955		60	Contig	2021-04-08	JAGGKV01	60	46.5							7060	Paenibacillus	99.72	1.79
ASM320128v1	GCF_003201285.1	GCA_003201285.1	Lachnotalea glycerini	1763509		DSM 28816					GCF_003201285.1-RS_2025_12_13	2025-12-13	4864689		52	Scaffold	2018-06-07	QICS01	48	34.5							4398	Lachnospiraceae	99.38	4.15
ASM4054448v1	GCF_040544485.1	GCA_040544485.1	Salinicoccus halitifaciens	1073415		DSM 25286					GCF_040544485.1-RS_2025_07_08	2025-07-08	2685586		14	Contig	2024-07-08	JBDZDV01	14	48.5							2708	Salinicoccus	75.49	12.17
ASM1690878v1	GCF_016908785.1	GCA_016908785.1	Weissella uvarum	1479233		DSM 28060					GCF_016908785.1-RS_2025_03_28	2025-03-28	1680010		15	Contig	2021-02-19	JAFBEO01	15	40							1742	Weissella	97.01	1.55
ASM1690789v1	GCF_016907895.1	GCA_016907895.1	Shouchella xiaoxiensis	766895		DSM 21943					GCF_016907895.1-RS_2025_07_22	2025-07-22	4375325		42	Contig	2021-02-19	JAFBCV01	42	41							4611	Bacillaceae	99.35	0.66
ASM3081404v1	GCF_030814045.1	GCA_030814045.1	Lederbergia wuyishanensis	1347903		DSM 27848					GCF_030814045.1-RS_2025_08_20	2025-08-20	4495465		22	Contig	2023-08-18	JAUSUO01	22	36							4419	Bacillaceae	96.94	0.81
ASM291691v1	GCF_002916915.1	GCA_002916915.1	Lactobacillus bombicola	1505723		H70-3					GCF_002916915.1-RS_2025_12_09	2025-12-09	1671437		29	Contig	2018-02-05	NPNG01	29	34.5							1649	Lactobacillus	97.42	0.16
ASM173031v1	GCF_001730315.1	GCA_001730315.1	Enterococcus ureilyticus	1131292		LMG 26676					GCF_001730315.1-RS_2025_04_26	2025-04-26	3472706		42	Contig	2016-09-16	MIKC01	42	36							3322	Enterococcus	98.57	3.08
ASM4265897v1	GCF_042658975.1	GCA_042658975.1	Sporosarcina thermotolerans	633404		CCUG 53480					GCF_042658975.1-RS_2025_12_11	2025-12-11	3606830		34	Contig	2024-10-06	JBHSRM01	34	41							3743	Sporosarcina	90.08	11.18
IMG-taxon 2740891860 annotated assembly	GCF_900220965.1	GCA_900220965.1	Ureibacillus acetophenoni	614649		JC23					GCF_900220965.1-RS_2025_12_11	2025-12-11	3977008		43	Scaffold	2017-09-28	OBQC01	39	35							3980	Planococcaceae	91.36	6.31
ASM434120v1	GCF_004341205.1	GCA_004341205.1	Thermolongibacillus altinsuensis	575256		DSM 24979					GCF_004341205.1-RS_2025_04_17	2025-04-17	2900938		40	Scaffold	2019-03-11	SLUL01	39	41							3100	Bacillales	98.76	0.37
IMG-taxon 2617270911 annotated assembly	GCF_900112925.1	GCA_900112925.1	Paenibacillus algorifonticola	684063		CGMCC 1.10223					GCF_900112925.1-RS_2025_04_27	2025-04-27	7468281		93	Scaffold	2016-11-05	FONN01	76	48.5							6801	Paenibacillus	99.72	0.65
ASM302465v1	GCF_003024655.1	GCA_003024655.1	Enterocloster lavalensis	460384		KCTC 15153					GCF_003024655.1-RS_2025_12_13	2025-12-13	6495707		100	Contig	2018-03-28	PYII01	100	55							6037	Lachnospiraceae	98.75	5.6
ASM217453v1	GCF_002174535.1	GCA_002174535.1	Solibacillus kalamii	1748298		ISSFR-015					GCF_002174535.1-RS_2025_03_28	2025-03-28	3809180		28	Contig	2017-06-06	NHNT01	28	38.5							3813	Planococcaceae	93.64	7.16
ASM1787356v1	GCF_017873565.1	GCA_017873565.1	Lederbergia galactosidilytica	217031		DSM 15595					GCF_017873565.1-RS_2025_03_27	2025-03-27	4779348		49	Contig	2021-04-08	JAGGKH01	49	37.5							4472	Bacillaceae	97.58	1.18
ASM159083v1	GCF_001590835.1	GCA_001590835.1	Bacillus gaemokensis	574375		KCTC 13318					GCF_001590835.1-RS_2025_12_09	2025-12-09	5616250		114	Scaffold	2016-03-14	LTAQ01	70	35.5							5845	Bacillus	98.82	0.29
ASM1690917v1	GCF_016909175.1	GCA_016909175.1	Peribacillus deserti	673318		DSM 105482					GCF_016909175.1-RS_2025_03_29	2025-03-29	4363599		51	Contig	2021-02-19	JAFBFI01	51	40							4275	Bacillaceae	99.35	0.22
ASM399447v1	GCF_003994475.1	GCA_003994475.1	Paenibacillus anaericanus	170367		DSM 15890					GCF_003994475.1-RS_2025_05_04	2025-05-04	6069163		94	Scaffold	2019-01-05	RZNY01	93	42							5617	Paenibacillus	98.61	1.02
ASM385686v1	GCF_003856865.1	GCA_003856865.1	Lysinibacillus composti	720633		MCCC 1A13240					GCF_003856865.1-RS_2025_07_25	2025-07-25	4259757		59	Scaffold	2018-12-03	RRCT01	57	36							4085	Lysinibacillus	76.92	10.75
ASM398913v1	GCF_003989135.1	GCA_003989135.1	Peribacillus cavernae	1674310		L5					GCF_003989135.1-RS_2025_05_04	2025-05-04	4547591		69	Scaffold	2018-12-31	RYZZ01	67	41.5							4549	Bacillaceae	98.6	0.65
ASM183288v1	GCF_001832885.1	GCA_001832885.1	Floricoccus penangensis	1859475		HibF3					GCF_001832885.1-RS_2025_04_01	2025-04-01	2049722		31	Contig	2016-10-13	MKIQ01	31	33							2102	Streptococcaceae	98.02	1.45
ASM274645v1	GCF_002746455.1	GCA_002746455.1	Bacillus fungorum	2039284		17-SMS-01					GCF_002746455.1-RS_2025_05_03	2025-05-03	5651163		183	Contig	2017-11-03	NWUW01	183	35							6084	Bacillus	99.41	
ASM357353v1	GCF_003573535.1	GCA_003573535.1	Companilactobacillus formosensis	1617889		S215					GCF_003573535.1-RS_2025_05_04	2025-05-04	2469957		46	Scaffold	2018-09-18	QWDI01	30	35.5							2456	Lactobacillaceae	99.13	2.07
ASM3348519v1	GCF_033485195.1	GCA_033485195.1	Sporosarcina beigongshangi	2782538		JCM 34409					GCF_033485195.1-RS_2025_11_23	2025-11-23	3654411		95	Contig	2023-11-09	JAWLIR01	95	41							3597	Sporosarcina	89.24	8.07
ASM799131v1	GCF_007991315.1	GCA_007991315.1	Alkalibacterium pelagium	426702		NBRC 103242					GCF_007991315.1-RS_2025_08_26	2025-08-26	2617530		45	Contig	2019-07-31	BJYC01	45	42.5							2453	Carnobacteriaceae	98.69	4.33
ASM385271v1	GCF_003852715.1	GCA_003852715.1	Ectobacillus antri	2486280		SYSU K30001					GCF_003852715.1-RS_2025_05_04	2025-05-04	3490928		74	Contig	2018-11-30	RIAV01	74	40							3714	Bacillaceae	98.87	0.13
IMG-taxon 2619618823 annotated assembly	GCF_900112935.1	GCA_900112935.1	Trichococcus pasteurii	43064		DSM 2381					GCF_900112935.1-RS_2024_12_23	2024-12-23	3197326		51	Scaffold	2016-11-02	FONM01	46	47							3012	Carnobacteriaceae	97.36	4.88
ASM2991642v1	GCF_029916425.1	GCA_029916425.1	Liquorilactobacillus sicerae	1416943		CUPV261					GCF_029916425.1-RS_2025_05_13	2025-05-13	2426367		404	Contig	2023-05-01	JAHAVQ01	404	37.5							2621	Lactobacillaceae	99.02	2.49
ASM1787462v1	GCF_017874625.1	GCA_017874625.1	Cytobacillus eiseniae	762947		DSM 26675					GCF_017874625.1-RS_2025_04_30	2025-04-30	4055969		65	Contig	2021-04-08	JAGIKZ01	65	37							3971	Bacillaceae	98.71	0.65
ASM2515405v1	GCF_025154055.1	GCA_025154055.1	Aquibacillus koreensis	279446		JCM 12387					GCF_025154055.1-RS_2025_12_10	2025-12-10	4347899		63	Contig	2022-09-12	JAOALK01	63	37							4298	Bacillaceae	99.35	0.7
ASM199628v1	GCF_001996285.1	GCA_001996285.1	Anoxybacillus kestanbolensis	227476		K1					GCF_001996285.1-RS_2025_03_28	2025-03-28	2722200		59	Scaffold	2017-02-13	MQAD01	48	41.5							2916	Anoxybacillus	98.67	2.58
ASM972073v1	GCF_009720735.1	GCA_009720735.1	Heliobacterium mobile	28064		DSM 6151					GCF_009720735.1-RS_2025_12_11	2025-12-11	4116862		151	Contig	2019-11-30	WNKU01	151	49							4079	Clostridiales	100	0.88
ASM357070v1	GCF_003570705.1	GCA_003570705.1	Mesobacillus zeae	1917180		JJ-247					GCF_003570705.1-RS_2025_09_18	2025-09-18	4242481		79	Contig	2018-09-14	QWVT01	79	43							4453	Bacillaceae	99.14	0.97
Euba_bact_ACC19a_V1	GCF_000238115.1	GCA_000238115.1	Peptoanaerobacter stomatis	796937		ACC19a					GCF_000238115.1-RS_2025_12_13	2025-12-13	2543633		59	Scaffold	2011-12-15	AFZE01	50	30.5							2325	Clostridia	96.82	0.91
ASM4267846v1	GCF_042678465.1	GCA_042678465.1	Oceanobacillus caeni	405946		CCUG 53534					GCF_042678465.1-RS_2025_11_20	2025-11-20	3599866		84	Scaffold	2024-10-06	JBHTKV01	78	36							3623	Oceanobacillus	68.68	17.96
ASM215686v1	GCF_002156865.1	GCA_002156865.1	Gottfriedia luciferensis	178774		DSM 18845					GCF_002156865.1-RS_2025_12_11	2025-12-11	4426802		90	Contig	2017-05-23	NCTA01	90	33							4411	Bacillaceae	98.71	0.25
ASM3081525v1	GCF_030815255.1	GCA_030815255.1	Hathewaya limosa	1536		DSM 1400					GCF_030815255.1-RS_2025_04_07	2025-04-07	3052708		55	Contig	2023-08-18	JAUSWN01	55	27.5							2805	Clostridiaceae	96.07	4.12
IMG-taxon 2667527451 annotated assembly	GCF_900099765.1	GCA_900099765.1	Paenibacillus typhae	1174501		CGMCC 1.11012					GCF_900099765.1-RS_2025_04_21	2025-04-21	6740451		103	Scaffold	2016-10-21	FNDX01	92	51.5							5997	Paenibacillus	99.11	1.37
ASM143960v1	GCF_001439605.1	GCA_001439605.1	Cytobacillus praedii	1742358		FJAT-25547					GCF_001439605.1-RS_2025_12_13	2025-12-13	5271464		144	Scaffold	2015-11-06	LMBX01	87	37.5							5238	Bacillaceae	99.35	0.34
ASM28551v1	GCF_000285515.1	GCA_000285515.1	Paenibacillus senegalensis JC66	1033743		JC66					GCF_000285515.1-RS_2025_12_11	2025-12-11	5614755		197	Scaffold	2012-07-19	CAES01	96	48							4960	Paenibacillus	96.64	1.22
ASM342886v1	GCF_003428865.1	GCA_003428865.1	Planococcus salinarum	622695		ISL-16					GCF_003428865.1-RS_2025_12_11	2025-12-11	3272802		71	Contig	2018-08-27	QQRT01	71	47							3259	Planococcus	83.39	7.47
IMG-taxon 2585428093 annotated assembly	GCF_900167205.1	GCA_900167205.1	Eubacterium coprostanoligenes	290054		ATCC 51222					GCF_900167205.1-RS_2025_04_12	2025-04-12	1823434		36	Contig	2017-03-04	FUWW01	36	40							1730	Eubacterium	97.45	
ASM434334v1	GCF_004343345.1	GCA_004343345.1	Effusibacillus lacus	1348429		DSM 27172					GCF_004343345.1-RS_2025_04_19	2025-04-19	3879162		70	Contig	2019-03-11	SLZX01	70	49.5							3995	Alicyclobacillaceae	98.49	4.41
ASM1840368v1	GCF_018403685.1	GCA_018403685.1	Xylanibacillus composti	1572762		K13					GCF_018403685.1-RS_2024_09_02	2024-09-02	4652266		115	Contig	2021-04-24	BOVK01	115	52.5							4410	Paenibacillaceae	97.3	0.66
ASM2680532v1	GCF_026805325.1	GCA_026805325.1	Natronobacillus azotifigens	472978		24KS-1					GCF_026805325.1-RS_2025_03_09	2025-03-09	3473691		76	Contig	2022-12-11	JAPRAT01	76	36.5							3210	Bacillaceae	91.89	1.67
ASM799119v1	GCF_007991195.1	GCA_007991195.1	Cerasibacillus quisquiliarum	227865		NBRC 102429					GCF_007991195.1-RS_2025_08_26	2025-08-26	2772616		71	Contig	2019-07-31	BJXW01	71	35.5							2828	Bacillaceae	96.31	0.65
ASM540546v1	GCF_005405465.1	GCA_005405465.1	Weissella thailandensis	89061		JCM 10695					GCF_005405465.1-RS_2025_08_26	2025-08-26	1974613		45	Scaffold	2019-03-29	BJEC01	43	38.5							2048	Weissella	97.6	1.58
ASM799149v1	GCF_007991495.1	GCA_007991495.1	Sporosarcina luteola	582850		NBRC 105378					GCF_007991495.1-RS_2025_09_09	2025-09-09	3586297		81	Contig	2019-07-31	BJYL01	81	43							3603	Sporosarcina	93	9.49
ASM799195v1	GCF_007991955.1	GCA_007991955.1	Levilactobacillus spicheri	216463		NBRC 107155					GCF_007991955.1-RS_2025_08_26	2025-08-26	2731507		114	Contig	2019-07-31	BJZI01	114	56							2537	Lactobacillaceae	99.35	
ASM799030v1	GCF_007990305.1	GCA_007990305.1	Halolactibacillus miurensis	306541		NBRC 100873					GCF_007990305.1-RS_2025_08_26	2025-08-26	3110583		94	Contig	2019-08-01	BJWJ01	94	39							3020	Bacillaceae	90.33	0.32
ASM1787463v1	GCF_017874635.1	GCA_017874635.1	Virgibacillus alimentarius	698769		DSM 25790					GCF_017874635.1-RS_2025_11_23	2025-11-23	3123376		77	Contig	2021-04-08	JAGIKX01	77	37							3172	Bacillaceae	96.45	1.29
ASM81202v2	GCF_000812025.2	GCA_000812025.2	Bacillus thermotolerans	1221996		SGZ-8					GCF_000812025.2-RS_2025_12_13	2025-12-13	3805822		124	Contig	2015-04-07	JWJE02	124	44.5							4004	Bacillus	99.05	1.21
ASM799135v1	GCF_007991355.1	GCA_007991355.1	Halolactibacillus alkaliphilus	442899		NBRC 103919					GCF_007991355.1-RS_2025_08_26	2025-08-26	2834641		92	Contig	2019-07-31	BJYE01	92	38							2657	Bacillaceae	90.33	0.32
JCD	GCF_000577335.1	GCA_000577335.1	Faecalispora jeddahensis	1414721		JCD					GCF_000577335.1-RS_2025_01_20	2025-01-20	3613503		104	Contig	2014-02-12	CBYL01	104	52							3545	Ruminococcaceae	98.76	1.73
ASM436637v1	GCF_004366375.1	GCA_004366375.1	Halanaerobium congolense	54121		DSMZ 11287					GCF_004366375.1-RS_2025_03_29	2025-03-29	2831374		100	Scaffold	2019-03-22	SOEF01	93	33							2757	Halanaerobium	90.36	24.24
ASM1099405v1	GCF_010994055.1	GCA_010994055.1	Gracilibacillus thailandensis	563735		TP2-8					GCF_010994055.1-RS_2025_03_29	2025-03-29	4313556		163	Contig	2020-02-24	WJID01	163	36.5							4295	Bacillaceae	98.71	0.81
IMG-taxon 2675903232 annotated assembly	GCF_900115605.1	GCA_900115605.1	Halolactibacillus halophilus	306540		DSM 17073					GCF_900115605.1-RS_2025_12_09	2025-12-09	2704097		97	Scaffold	2016-11-02	FOXC01	95	38.5							2706	Bacillaceae	87.96	0.65
ASM2370186v1	GCF_023701865.1	GCA_023701865.1	Periweissella beninensis	504936		LMG 25373					GCF_023701865.1-RS_2025_06_13	2025-06-13	1831593		76	Contig	2022-06-10	JAGMVS01	76	35.5							1867	Lactobacillaceae	95.67	0.98
ASM3953564v1	GCF_039535645.1	GCA_039535645.1	Lentilactobacillus parakefiri	152332		JCM 8573					GCF_039535645.1-RS_2025_05_10	2025-05-10	2431109		98	Scaffold	2024-02-23	BAAAXO01	96	43.5							2431	Lactobacillaceae	98.37	
ASM798972v1	GCF_007989725.1	GCA_007989725.1	Kurthia sibirica	202750		NBRC 101530					GCF_007989725.1-RS_2025_09_09	2025-09-09	3424587		140	Contig	2019-08-01	BJUF01	140	36							3288	Planococcaceae	88.15	4.46
ASM799121v1	GCF_007991215.1	GCA_007991215.1	Aneurinibacillus danicus	267746		NBRC 102444					GCF_007991215.1-RS_2025_08_26	2025-08-26	4424104		297	Contig	2019-07-31	BJXX01	297	46.5							4480	Paenibacillaceae	98.7	1.47
Clostridium_dakarense_01	GCF_000499525.1	GCA_000499525.1	Faecalimicrobium dakarense	1301100		FF1					GCF_000499525.1-RS_2025_12_13	2025-12-13	3735762		257	Scaffold	2013-10-23	CBTZ01	257	28							3872	Peptostreptococcaceae	93.49	
ASM100628v1	GCF_001006285.1	GCA_001006285.1	Paraclostridium benzoelyticum	1629550		JC272					GCF_001006285.1-RS_2025_12_13	2025-12-13	3555957		368	Contig	2015-05-13	LBBT01	368	28.5							3624	Peptostreptococcaceae	98.9	4.53
ASM126260v1	GCF_001262605.1	GCA_001262605.1	Pseudobacteroides cellulosolvens ATCC 35603 = DSM 2933	398512		DSM 2933					GCF_001262605.1-RS_2025_03_29	2025-03-29	6878816		1	Contig	2015-08-06	LGTC01	1	35.5							5929	Ruminococcaceae	96.27	4.76
49699_G01	GCF_900461315.1	GCA_900461315.1	Lacrimispora sphenoides	29370		NCTC507					GCF_900461315.1-RS_2025_12_13	2025-12-13	5309474		3	Contig	2018-08-08	UFXF01	3	44							4824	Lachnospiraceae	98.06	2.9
ASM52649v1	GCF_000526495.1	GCA_000526495.1	Ruminiclostridium josui JCM 17888	1291050		JCM 17888					GCF_000526495.1-RS_2025_04_07	2025-04-07	4469680		2	Contig	2014-01-14	JAGE01	2	36							3969	Ruminococcaceae	99.38	2.02
ASM158456v1	GCF_001584565.1	GCA_001584565.1	Alkalithermobacter thermoalcaliphilus JW-YL-7 = DSM 7308	1121328		JW-YL-7					GCF_001584565.1-RS_2025_06_09	2025-06-09	1925591		3	Contig	2016-03-09	LSFY01	3	30							2082	Clostridia	99.85	
ASM1679160v1	GCF_016791605.1	GCA_016791605.1	Peptoniphilus asaccharolyticus	1258		FDAARGOS_1135					GCF_016791605.1-RS_2025_03_27	2025-03-27	2320207	1	3	Contig	2021-02-01	JAETXN01	3	32.5							2385	Peptoniphilus	96.72	9.45
IMG-taxon 2675902964 annotated assembly	GCF_900103695.1	GCA_900103695.1	Sediminibacillus halophilus	482461		CGMCC 1.6199					GCF_900103695.1-RS_2025_05_03	2025-05-03	4149758		18	Scaffold	2016-10-21	FNHF01	13	43							4099	Bacillaceae	99.03	0.16
ASM1463512v1	GCF_014635125.1	GCA_014635125.1	Thalassobacillus devorans	279813		CCM 7282					GCF_014635125.1-RS_2025_08_26	2025-08-26	4050919		23	Scaffold	2020-09-12	BMCJ01	22	42.5							4053	Bacillaceae	99.35	0.76
ASM1787318v1	GCF_017873185.1	GCA_017873185.1	Metaclostridioides mangenotii	1540		DSM 1289					GCF_017873185.1-RS_2025_12_13	2025-12-13	2960967		12	Contig	2021-04-08	JAGGJX01	12	31							2964	Peptostreptococcaceae	98.01	0.66
ASM102669v1	GCF_001026695.1	GCA_001026695.1	Neobacillus vireti	220686		DSM 15602					GCF_001026695.1-RS_2025_12_11	2025-12-11	5309094		30	Scaffold	2015-06-10	LDNB01	27	40							5242	Bacillaceae	99.35	2.08
CLIT1	GCF_000699585.2	GCA_000699585.2	Peptoclostridium litorale DSM 5388	1121324		W6					GCF_000699585.2-RS_2025_12_13	2025-12-13	3404633	1	26	Contig	2014-06-09	JJMM01	26	41.5							3206	Clostridia	100	2.73
ASM159206v1	GCF_001592065.1	GCA_001592065.1	Companilactobacillus nodensis DSM 19682 = JCM 14932 = NBRC 107160	1423775		NBRC 107160					GCF_001592065.1-RS_2025_08_12	2025-08-12	2682447		24	Contig	2016-02-27	BCWC01	24	37.5							2716	Lactobacillaceae	99.13	
IMG-taxon 2681812895 annotated assembly	GCF_900156375.1	GCA_900156375.1	Paenibacillus macquariensis	948756		ATCC 23464					GCF_900156375.1-RS_2025_04_25	2025-04-25	6263229		77	Scaffold	2017-01-15	FTNK01	72	40.5							5964	Paenibacillus	98.78	0.57
ASM1787360v1	GCF_017873605.1	GCA_017873605.1	Paenibacillus lactis	228574		DSM 15596					GCF_017873605.1-RS_2025_09_29	2025-09-29	6738848		47	Contig	2021-04-08	JAGGKI01	47	52							6101	Paenibacillus	99.44	0.56
ASM159196v1	GCF_001591965.1	GCA_001591965.1	Lysinibacillus odysseyi 34hs-1 = NBRC 100172	1220589		NBRC 100172					GCF_001591965.1-RS_2025_12_09	2025-12-09	4523637		34	Contig	2016-02-27	BCVX01	34	41							4605	Lysinibacillus	80.27	11.21
ASM1420760v1	GCF_014207605.1	GCA_014207605.1	Negativicoccus succinicivorans	620903		DSM 21255					GCF_014207605.1-RS_2025_03_31	2025-03-31	1405382		13	Scaffold	2020-08-14	JACHHI01	10	51							1437	Veillonellaceae	97.43	
ASM42250v1	GCF_000422505.1	GCA_000422505.1	Paenibacillus pinihumi DSM 23905 = JCM 16419	1122924		DSM 23905					GCF_000422505.1-RS_2025_05_02	2025-05-02	6760575		56	Scaffold	2013-07-11	AULX01	45	48.5							6091	Paenibacillus	99.54	
ASM37482v1	GCF_000374825.1	GCA_000374825.1	Paenibacillus sanguinis 2301083 = DSM 16941	1122925		DSM 16941					GCF_000374825.1-RS_2025_03_28	2025-03-28	4804136		38	Scaffold	2013-04-23	ARGO01	36	49.5							4466	Paenibacillus	99.72	
ASM31536v1	GCF_000315365.1	GCA_000315365.1	Desulforamulus hydrothermalis Lam5 = DSM 18033	1121428		type strain: Lam5 = DSM 18033					GCF_000315365.1-RS_2025_03_27	2025-03-27	2695031		26	Scaffold	2012-11-09	CAOS01	16	49.5							2783	Peptococcaceae	98.45	
ASM143414v1	GCF_001434145.1	GCA_001434145.1	Lentilactobacillus otakiensis DSM 19908 = JCM 15040	1423780		DSM 19908					GCF_001434145.1-RS_2025_03_28	2025-03-28	2346188		26	Scaffold	2015-11-06	AZED01	21	42.5							2312	Lactobacillaceae	98.2	
Ente_colu_ATCC51263_V2	GCF_000407225.1	GCA_000407225.1	Enterococcus columbae DSM 7374 = ATCC 51263	1121865		ATCC 51263					GCF_000407225.1-RS_2025_05_02	2025-05-02	2545099		12	Scaffold	2013-06-04	ASWJ01	9	36.5							2390	Enterococcus	94.96	
ASM77559v1	GCF_000775595.1	GCA_000775595.1	Pontibacillus halophilus JSM 076056 = DSM 19796	1385510		JSM 076056					GCF_000775595.1-RS_2025_12_11	2025-12-11	3532243		68	Contig	2014-11-12	AVPE01	68	43							3636	Pontibacillus	97.88	0.63
ASM3195438v1	GCF_031954385.1	GCA_031954385.1	Paenibacillus forsythiae	365616		T98					GCF_031954385.1-RS_2025_09_27	2025-09-27	5199937		65	Contig	2023-09-26	JAUSUY01	65	53							4836	Paenibacillus	98.83	3.09
ASM24696v2	GCF_000246965.1	GCA_000246965.2	Sporolactobacillus vineae DSM 21990 = SL153	1123284		SL153					GCF_000246965.1-RS_2025_08_08	2025-08-08	2873984		92	Contig	2012-02-07	BAEY01	92	49.5							2810	Sporolactobacillaceae	99.23	0.24
ASM1420269v1	GCF_014202695.1	GCA_014202695.1	Oribacterium sinus	237576		DSM 17245					GCF_014202695.1-RS_2025_12_13	2025-12-13	2727810		28	Scaffold	2020-08-14	JACHHH01	25	42.5							2409	Oribacterium	96.73	3.08
ASM360959v1	GCF_003609595.1	GCA_003609595.1	Caminicella sporogenes	166485		AM 1114					GCF_003609595.1-RS_2025_12_13	2025-12-13	2478486		31	Contig	2018-10-02	MCHZ01	31	28.5							2460	Clostridia	99.06	0.45
ASM435459v1	GCF_004354595.1	GCA_004354595.1	Secundilactobacillus silagei JCM 19001	1302250		DSM 27022					GCF_004354595.1-RS_2025_12_11	2025-12-11	2709771		36	Contig	2019-03-18	PUFJ01	36	45							2525	Lactobacillaceae	98.8	
ASM37456v1	GCF_000374565.1	GCA_000374565.1	Siminovitchia fordii DSM 16014 = CIP 108821	1121090		DSM 16014					GCF_000374565.1-RS_2025_05_02	2025-05-02	4509444		54	Scaffold	2013-04-23	ARGB01	45	41							4434	Bacillaceae	97.1	1.13
ASM1973488v1	GCF_019734885.1	GCA_019734885.1	Coprococcus catus	116085		VPIC661					GCF_019734885.1-RS_2025_12_13	2025-12-13	3599035		69	Scaffold	2021-08-23	JAAXCM01	67	43							3420	Coprococcus	82.21	19.86
IMG-taxon 2585428069 annotated assembly	GCF_900129955.1	GCA_900129955.1	Clostridium magnum DSM 2767	1121326		DSM 2767					GCF_900129955.1-RS_2025_04_12	2025-04-12	6472246		114	Scaffold	2016-12-03	FQXL01	102	32							6342	Clostridium	98.76	5.82
ASM299579v1	GCF_002995795.1	GCA_002995795.1	Clostridium thermopalmarium DSM 5974	1121340		DSM 5974					GCF_002995795.1-RS_2025_04_12	2025-04-12	2819317		74	Contig	2018-03-14	PVXN01	74	31							2784	Clostridium	100	0.16
ASM42756v1	GCF_000427565.1	GCA_000427565.1	Carboxydothermus ferrireducens DSM 11255	1119529		DSM 11255					GCF_000427565.1-RS_2025_12_09	2025-12-09	2441992		53	Scaffold	2013-07-15	ATYG01	49	42							2615	Carboxydothermus	97.08	0.88
ASM244188v1	GCF_002441885.1	GCA_002441885.1	Pseudolactococcus chungangensis CAU 28 = DSM 22330	1122154		DSM 22330					GCF_002441885.1-RS_2025_06_08	2025-06-08	2203491		87	Scaffold	2017-10-04	JXJT01	86	38.5							2242	Streptococcaceae	97.12	1.08
ASM51856v1	GCF_000518565.1	GCA_000518565.1	Thermoanaerobacter thermocopriae JCM 7501	1291048		ATCC 51646					GCF_000518565.1-RS_2025_12_10	2025-12-10	2455744		63	Scaffold	2014-01-13	JADV01	54	34							2569	Thermoanaerobacter	99.03	0.1
ASM131192v1	GCF_001311925.1	GCA_001311925.1	Cellulosilyticum ruminicola JCM 14822	1294025		JCM 14822					GCF_001311925.1-RS_2025_12_13	2025-12-13	4060997		194	Contig	2015-10-02	BBCG01	194	33							4144	Clostridia	90.76	1.82
ASM35960v1	GCF_000359605.1	GCA_000359605.1	Gracilibacillus halophilus YIM-C55.5	1308866		YIM-C55.5					GCF_000359605.1-RS_2025_03_28	2025-03-28	3034425		104	Contig	2013-04-09	APML01	104	38							3098	Bacillaceae	90.62	0.81
ASM77560v1	GCF_000775605.1	GCA_000775605.1	Pontibacillus marinus BH030004 = DSM 16465	1385511		BH030004					GCF_000775605.1-RS_2025_12_11	2025-12-11	4222198		186	Contig	2014-11-12	AVPF01	186	38.5							4264	Pontibacillus	98.6	0.27
ASM42166v1	GCF_000421665.1	GCA_000421665.1	Bavariicoccus seileri WCC 4188	1255705		DSM 19936					GCF_000421665.1-RS_2025_03_28	2025-03-28	2242440		109	Contig	2013-07-09	ATXL01	109	38							2162	Enterococcaceae	94.85	0.33
ASM1464693v1	GCF_014646935.1	GCA_014646935.1	Calditerricola satsumensis	373054		JCM 14719					GCF_014646935.1-RS_2025_09_02	2025-09-02	2395869		112	Contig	2020-09-11	BMOF01	112	64							2486	Bacillaceae	90.17	1.18
ASM31202v1	GCF_000312025.1	GCA_000312025.1	Peptoniphilus timonensis JC401	1095770		JC401					GCF_000312025.1-RS_2025_05_01	2025-05-01	1758598		100	Scaffold	2012-08-16	CAHE01	7	30.5							1860	Peptoniphilus	81.13	4.09
ASM52699v1	GCF_000526995.1	GCA_000526995.1	Lacrimispora indolis DSM 755	1304881		DSM 755					GCF_000526995.1-RS_2025_08_04	2025-08-04	6383701		1	Contig	2014-01-03	AZUI01	1	45							5831	Lachnospiraceae	98.06	2.59
ASM70262v1	GCF_000702625.1	GCA_000702625.1	Exiguobacterium oxidotolerans JCM 12280	1397699		JCM 12280					GCF_000702625.1-RS_2025_03_28	2025-03-28	3089404		3	Contig	2014-06-11	JNIS01	3	47							3141	Exiguobacterium	98.99	
ASM74418v1	GCF_000744185.1	GCA_000744185.1	Carnobacterium funditum DSM 5970	1449337		pf3					GCF_000744185.1-RS_2025_05_02	2025-05-02	2352439		2	Contig	2014-08-28	JQLL01	2	34.5							2253	Carnobacteriaceae	97.93	2.03
ASM62084v1	GCF_000620845.1	GCA_000620845.1	Exiguobacterium marinum DSM 16307	1397696		DSM 16307					GCF_000620845.1-RS_2025_12_09	2025-12-09	2814016		4	Scaffold	2014-04-08	JHZT01	2	47.5							2886	Exiguobacterium	99.03	
52087_B01	GCF_900459175.1	GCA_900459175.1	Streptococcus downei MFe28	764290		NCTC 11391					GCF_900459175.1-RS_2025_04_27	2025-04-27	2232110		3	Contig	2018-08-01	UHFA01	3	43.5							2120	Streptococcus	99.61	0.34
ASM16005v1	GCF_000160055.1	GCA_000160055.1	Dialister invisus DSM 15470	592028		DSM 15470					GCF_000160055.1-RS_2025_04_02	2025-04-02	1895960		2	Scaffold	2009-08-21	ACIM02	1	45.5							1807	Dialister	99.97	0.63
52700_C01	GCF_900454715.1	GCA_900454715.1	Peptoniphilus lacrimalis	33031		NCTC13149					GCF_900454715.1-RS_2025_12_09	2025-12-09	1883562		2	Contig	2018-07-31	UGSZ01	2	30.5							1830	Peptoniphilus lacrimalis	97.47	1.61
ASM15482v1	GCF_000154825.1	GCA_000154825.1	Anaerofustis stercorihominis DSM 17244	445971		DSM 17244					GCF_000154825.1-RS_2025_01_26	2025-01-26	2284703		6	Scaffold	2008-01-24	ABIL02	5	33.5							2291	Eubacteriaceae	99.29	
Ente_vill_ATCC700913_V2	GCF_000407205.1	GCA_000407205.1	Enterococcus villorum ATCC 700913	1158604		ATCC 700913					GCF_000407205.1-RS_2025_03_30	2025-03-30	3060724		5	Scaffold	2013-06-04	ASWG01	4	35							2876	Enterococcus	97.66	0.19
Ente_sulf_ATCC49903_V2	GCF_000407605.1	GCA_000407605.1	Enterococcus sulfureus ATCC 49903	1140003		ATCC 49903					GCF_000407605.1-RS_2025_05_02	2025-05-02	2301651		8	Contig	2013-05-31	ASWO01	8	38							2267	Enterococcus	96.25	0.9
ASM42970v1	GCF_000429705.1	GCA_000429705.1	Alteribacter aurantiacus DSM 18675	1121086		DSM 18675					GCF_000429705.1-RS_2025_05_02	2025-05-02	4023079		16	Scaffold	2013-09-05	AUCJ01	12	42.5							4017	Bacillaceae	99.35	0.22
Ente_pall_BAA-351_V1	GCF_000393975.1	GCA_000393975.1	Enterococcus pallens ATCC BAA-351	1158607		ATCC BAA-351					GCF_000393975.1-RS_2025_05_02	2025-05-02	5490614		57	Scaffold	2013-05-15	AJAQ01	14	40							5343	Enterococcus	96.95	9.32
draft genome sequence of Kurthia huakuii LAM0618	GCF_000505545.1	GCA_000505545.1	Kurthia huakuii LAM0618	1334046		LAM0618					GCF_000505545.1-RS_2025_12_09	2025-12-09	3548922		56	Contig	2013-12-10	AYTB01	56	40							3668	Planococcaceae	86.69	6.73
ASM15595v1	GCF_000155955.1	GCA_000155955.1	Mitsuokella multacida DSM 20544	500635		DSM 20544					GCF_000155955.1-RS_2025_04_07	2025-04-07	2577056		31	Scaffold	2009-07-22	ABWK02	6	58							2426	Selenomonadales	100	0.6
ASM143655v1	GCF_001436555.1	GCA_001436555.1	Lentilactobacillus senioris DSM 24302 = JCM 17472	1423802		DSM 24302					GCF_001436555.1-RS_2025_03_28	2025-03-28	1566789		13	Scaffold	2015-11-06	AYZR01	9	39							1626	Lactobacillaceae	98.99	1.06
ASM159194v1	GCF_001591945.1	GCA_001591945.1	Halalkalibacter krulwichiae NBRC 102362	1220588		NBRC 102362					GCF_001591945.1-RS_2025_08_12	2025-08-12	4519503		52	Contig	2016-02-27	BCVW01	52	38							4707	Bacillaceae	99.35	2.21
Ente_phoe_BAA-412_V1	GCF_000394035.1	GCA_000394035.1	Enterococcus phoeniculicola ATCC BAA-412	1158610		ATCC BAA-412					GCF_000394035.1-RS_2025_05_02	2025-05-02	3931286		25	Scaffold	2013-05-15	AJAT01	9	36.5							3579	Enterococcus	98.71	2.76
ASM15428v1	GCF_000154285.1	GCA_000154285.1	Amedibacillus dolichus DSM 3991	428127		DSM 3991					GCF_000154285.1-RS_2025_12_09	2025-12-09	2191053		25	Scaffold	2007-09-12	ABAW02	19	38							2228	Erysipelotrichaceae	98.58	
ASM17961v1	GCF_000179615.1	GCA_000179615.1	Paenibacillus curdlanolyticus YK9	717606		YK9					GCF_000179615.1-RS_2025_12_09	2025-12-09	5452778		52	Scaffold	2010-08-20	AEDD01	40	52							4908	Paenibacillus	99.72	
ASM143670v1	GCF_001436705.1	GCA_001436705.1	Liquorilactobacillus sucicola DSM 21376 = JCM 15457	1423806		DSM 21376					GCF_001436705.1-RS_2025_03_29	2025-03-29	2459509		28	Scaffold	2015-11-06	AYZF01	18	38.5							2317	Lactobacillaceae	99.02	
ASM37902v1	GCF_000379025.1	GCA_000379025.1	Orenia marismortui DSM 5156	926561		DSM 5156					GCF_000379025.1-RS_2025_12_09	2025-12-09	3459766		28	Scaffold	2013-04-23	AQZS01	9	30.5							3290	Halobacteroidaceae	99.66	
DSM442V1	GCF_000497245.1	GCA_000497245.1	Sporolactobacillus laevolacticus DSM 442	1395513		DSM 442					GCF_000497245.1-RS_2025_04_07	2025-04-07	3590176		32	Contig	2013-11-18	AWTC01	32	42.5							3558	Sporolactobacillaceae	86.83	16.12
ASM77067v1	GCF_000770675.1	GCA_000770675.1	Pontibacillus chungwhensis BH030062	1385513		BH030062					GCF_000770675.1-RS_2025_08_05	2025-08-05	3872934		40	Contig	2014-11-03	AVBG01	40	41							3857	Pontibacillus	90.29	9.35
ASM17737v1	GCF_000177375.1	GCA_000177375.1	Bulleidia extructa W1219	679192		W1219					GCF_000177375.1-RS_2025_12_13	2025-12-13	1419583		16	Contig	2010-01-05	ADFR01	16	36.5							1455	Erysipelotrichaceae	100	
ASM42742v1	GCF_000427425.1	GCA_000427425.1	Caldanaerobius polysaccharolyticus DSM 13641	935948		DSM 13641					GCF_000427425.1-RS_2025_12_09	2025-12-09	2499862		16	Scaffold	2014-05-01	ATXZ01	3	42							2518	Thermoanaerobacteraceae	99.4	
ASM17441v1	GCF_000174415.1	GCA_000174415.1	Dethiobacter alkaliphilus AHT 1	555088		AHT 1					GCF_000174415.1-RS_2025_11_29	2025-11-29	3116746		34	Contig	2009-03-17	ACJM01	34	48.5							3217	Bacteria	98.28	1.72
IMG-taxon 2622736521 annotated assembly	GCF_900113195.1	GCA_900113195.1	Clostridium homopropionicum	36844		DSM 5847					GCF_900113195.1-RS_2025_04_12	2025-04-12	3644832		44	Scaffold	2016-11-02	FOOL01	41	31							3643	Clostridium	100	1.45
ASM48248v1	GCF_000482485.1	GCA_000482485.1	Paucisalibacillus globulus DSM 18846	1122940		DSM 18846					GCF_000482485.1-RS_2025_05_02	2025-05-02	4238191		51	Scaffold	2013-10-25	AXVK01	35	36							4229	Bacillaceae	97.88	0.32
ASM29702v1	GCF_000297025.1	GCA_000297025.1	Lactobacillus pasteurii DSM 23907 = CRBIP 24.76	1423790		type strain:CRBIP 24.76					GCF_000297025.1-RS_2025_03_20	2025-03-20	1905398		30	Contig	2012-07-09	CAKD01	30	38.5							1895	Lactobacillus	98.39	0.16
ASM38387v1	GCF_000383875.1	GCA_000383875.1	Caldibacillus debilis DSM 16016	1121917		DSM 16016					GCF_000383875.1-RS_2025_12_09	2025-12-09	3059517		42	Scaffold	2013-04-26	ARVR01	40	51.5							2794	Geobacillus debilis	99.22	0.11
ASM38014v1	GCF_000380145.1	GCA_000380145.1	Streptococcus thoraltensis DSM 12221	1123318		DSM 12221					GCF_000380145.1-RS_2025_04_26	2025-04-26	2385218		52	Scaffold	2013-04-23	ARCI01	48	38.5							2261	Streptococcus	99.03	0.45
IMG-taxon 2585428044 annotated assembly	GCF_900129135.1	GCA_900129135.1	Lactonifactor longoviformis DSM 17459	1122155		DSM 17459					GCF_900129135.1-RS_2025_04_12	2025-04-12	4839287		82	Scaffold	2016-12-03	FQVI01	76	46.5							4515	Clostridiaceae	88.14	16.42
ASM42666v1	GCF_000426665.1	GCA_000426665.1	Selenomonas artemidis DSM 19719	1123249		DSM 19719					GCF_000426665.1-RS_2025_05_16	2025-05-16	2350599		36	Scaffold	2013-07-11	AUFU01	35	57							2293	Selenomonas artemidis	99.32	0.92
ASM143631v1	GCF_001436315.1	GCA_001436315.1	Ligilactobacillus aviarius subsp. aviarius DSM 20655	1423821		DSM 20655					GCF_001436315.1-RS_2025_03_30	2025-03-30	1680526		37	Scaffold	2015-11-06	AYZA01	24	40							1651	Lactobacillaceae	99.24	1.2
TC1	GCF_000430995.1	GCA_000430995.1	Thermobrachium celere DSM 8682	941824		DSM 8682					GCF_000430995.1-RS_2025_04_11	2025-04-11	2644756		162	Scaffold	2013-05-03	CAVN01	56	31.5							2621	Clostridiaceae	97.29	2.2
Bmar1.0	GCF_000474275.2	GCA_000474275.2	Alkalihalophilus marmarensis DSM 21297	1188261		DSM 21297					GCF_000474275.2-RS_2025_03_27	2025-03-27	4020592		92	Contig	2013-10-17	ATAE01	92	40							4151	Bacillaceae	99.35	0.77
IMG-taxon 2585428153 annotated assembly	GCF_900142105.1	GCA_900142105.1	Lutispora thermophila DSM 19022	1122184		DSM 19022					GCF_900142105.1-RS_2025_12_13	2025-12-13	3583033		66	Scaffold	2016-12-03	FQZS01	63	35.5							3523	Clostridia	100	3.18
IMG-taxon 2585428091 annotated assembly	GCF_900141865.1	GCA_900141865.1	Anaerovibrio lipolyticus DSM 3074	1120997		DSM 3074					GCF_900141865.1-RS_2025_12_09	2025-12-09	2781134		40	Scaffold	2016-12-03	FQYW01	38	43.5							2752	Selenomonadales	97.21	0.64
ASM143470v1	GCF_001434705.1	GCA_001434705.1	Lacticaseibacillus nasuensis JCM 17158	1291734		JCM 17158					GCF_001434705.1-RS_2025_03_28	2025-03-28	2280237		57	Scaffold	2015-11-06	AZDJ01	35	57							2250	Lactobacillaceae	99.23	0.95
ASM16055v1	GCF_000160555.1	GCA_000160555.1	Selenomonas noxia ATCC 43541	585503		ATCC 43541					GCF_000160555.1-RS_2025_05_16	2025-05-16	2054993		56	Scaffold	2010-03-23	ACKT01	21	56							2003	Selenomonas	99.32	
ASM21449v1	GCF_000214495.1	GCA_000214495.2	Megasphaera lornae	1000568		UPII 199-6					GCF_000214495.1-RS_2025_12_10	2025-12-10	1640787		45	Contig	2011-05-23	AFIJ01	45	46.5							1559	Megasphaera	98.48	
IMG-taxon 2524614644 annotated assembly	GCF_900167405.1	GCA_900167405.1	Globicatella sulfidifaciens DSM 15739	1121925		DSM 15739					GCF_900167405.1-RS_2025_12_09	2025-12-09	2217574		47	Scaffold	2017-03-04	FUWO01	39	35.5							2018	Aerococcaceae	98.72	
ASM154429v1	GCF_001544295.1	GCA_001544295.1	Enterococcus pseudoavium NBRC 100491	1218092		NBRC 100491					GCF_001544295.1-RS_2025_08_08	2025-08-08	2731874		59	Contig	2016-01-28	BCQF01	59	40							2676	Enterococcus	97.32	4.81
ASM143413v1	GCF_001434135.1	GCA_001434135.1	Lentilactobacillus kisonensis DSM 19906 = JCM 15041	1423766		DSM 19906					GCF_001434135.1-RS_2025_03_28	2025-03-28	3006215		122	Contig	2015-11-06	AZEB01	122	41.5							2827	Lactobacillaceae	99.35	
ASM42406v1	GCF_000424065.1	GCA_000424065.1	Selenomonas ruminantium subsp. ruminantium ATCC 12561	1280706		ATCC 12561					GCF_000424065.1-RS_2025_03_12	2025-03-12	3387070		72	Scaffold	2013-07-11	AUJE01	67	48							3252	Selenomonas ruminantium	99.64	0.44
BABA1.0	GCF_000307875.1	GCA_000307875.1	Neobacillus bataviensis LMG 21833	1117379		LMG 21833					GCF_000307875.1-RS_2025_03_28	2025-03-28	5371144		197	Contig	2012-10-23	AJLS01	197	39.5							5323	Bacillaceae	99.35	1.95
ASM143524v1	GCF_001435245.1	GCA_001435245.1	Limosilactobacillus equigenerosi DSM 18793 = JCM 14505	1423742		DSM 18793					GCF_001435245.1-RS_2025_03_29	2025-03-29	1599963		83	Scaffold	2015-11-06	AZGC01	68	42.5							1625	Lactobacillaceae	97.95	0.41
ASM21912v1	GCF_000219125.1	GCA_000219125.2	Acetonema longum DSM 6540	1009370		DSM 6540					GCF_000219125.1-RS_2025_02_02	2025-02-02	4323011		297	Scaffold	2011-06-22	AFGF01	296	50.5							4193	Selenomonadales	99.26	2.5
clostridium ultunense	GCF_000511955.1	GCA_000511955.1	[Clostridium] ultunense DSM 10521	865861		DSM 10521					GCF_000511955.1-RS_2025_12_11	2025-12-11	3216692		129	Scaffold	2013-12-27	AZSU01	12	32.5							3214	Bacteria	98.28	0.86
ASM81312v1	GCF_000813125.1	GCA_000813125.1	Mesobacillus selenatarsenatis SF-1	1321606		SF-1					GCF_000813125.1-RS_2025_08_08	2025-08-08	4756255		145	Contig	2014-12-08	BASE01	145	42							4844	Bacillaceae	99.35	
ASM143625v1	GCF_001436255.1	GCA_001436255.1	Lentilactobacillus rapi DSM 19907 = JCM 15042	1423795		DSM 19907					GCF_001436255.1-RS_2025_03_29	2025-03-29	2854844		98	Scaffold	2015-11-06	AZEI01	87	43							2706	Lactobacillaceae	99.02	
ASM154419v1	GCF_001544195.1	GCA_001544195.1	Tetragenococcus solitarius NBRC 100494	1223494		NBRC 100494					GCF_001544195.1-RS_2025_12_09	2025-12-09	2513646		97	Contig	2016-01-26	BCPY01	97	36							2481	Tetragenococcus	90.03	11.84
ASM143589v1	GCF_001435895.1	GCA_001435895.1	Lentilactobacillus parafarraginis DSM 18390 = JCM 14109	1423786		DSM 18390					GCF_001435895.1-RS_2025_03_28	2025-03-28	3081674		255	Scaffold	2015-11-06	AZFZ01	254	45							3046	Lactobacillaceae	98.96	0.22
IMG-taxon 2602042032 annotated assembly	GCF_900111575.1	GCA_900111575.1	Anaerobranca gottschalkii DSM 13577	1120990		DSM 13577					GCF_900111575.1-RS_2025_04_12	2025-04-12	2300172		115	Scaffold	2016-10-31	FOIF01	110	33							2378	Clostridiales	98.25	1.75
ASM143593v1	GCF_001435935.1	GCA_001435935.1	Limosilactobacillus panis DSM 6035	1423782		DSM 6035					GCF_001435935.1-RS_2025_03_28	2025-03-28	2006512		161	Scaffold	2015-11-06	AZGM01	150	48							1995	Lactobacillaceae	99.13	0.74
ASM42378v1	GCF_000423785.1	GCA_000423785.1	Tetragenococcus muriaticus DSM 15685	1123359		DSM 15685					GCF_000423785.1-RS_2025_04_26	2025-04-26	2081554		111	Scaffold	2013-07-11	AUIQ01	109	36							2126	Tetragenococcus	97.46	1.13
ASM159202v1	GCF_001592025.1	GCA_001592025.1	Alkalihalobacillus trypoxylicola NBRC 102646	1223507		NBRC 102646					GCF_001592025.1-RS_2025_08_12	2025-08-12	4266908		309	Contig	2016-02-27	BCWA01	309	35.5							4130	Bacillaceae	99.35	
ASM2314913v1	GCF_023149135.1	GCA_023149135.1	Fictibacillus marinisediminis	2878389		KIGAM418					GCF_023149135.1-RS_2025_05_11	2025-05-11	4565559		4	Contig	2022-04-27	JAIWJX01	4	43							4776	Bacillaceae	97.45	0.75
ASM1640138v1	GCF_016401385.1	GCA_016401385.1	Fictibacillus halophilus	1610490		KCTC 33758					GCF_016401385.1-RS_2025_05_11	2025-05-11	3922063		9	Contig	2020-12-25	JAEACF01	9	39.5							4059	Bacillaceae	98.6	0.32
ASM201964v1	GCF_002019645.1	GCA_002019645.1	Litchfieldia alkalitelluris	304268		DSM 16976					GCF_002019645.1-RS_2025_12_11	2025-12-11	5427045		8	Scaffold	2017-03-06	MTIS01	2	36.5							5119	Bacillaceae	99.03	2.76
IMG-taxon 2622736627 annotated assembly	GCF_900177385.1	GCA_900177385.1	Carnobacterium iners	1073423		LMG26642					GCF_900177385.1-RS_2025_03_29	2025-03-29	2571353		3	Contig	2017-04-21	FXBJ01	3	34.5							2459	Carnobacteriaceae	97.97	3.34
41975_B01	GCF_900459045.1	GCA_900459045.1	Streptococcus acidominimus	1326		NCTC12957					GCF_900459045.1-RS_2025_04_27	2025-04-27	2445682		5	Contig	2018-08-01	UHEN01	5	42.5							2211	Streptococcus	99.34	1.25
50432_E01	GCF_900458705.1	GCA_900458705.1	Staphylococcus microti	569857		NCTC13832					GCF_900458705.1-RS_2025_04_27	2025-04-27	2486451		5	Contig	2018-08-01	UHDT01	5	38							2425	Staphylococcus	94.62	1.14
ASM381474v1	GCF_003814745.1	GCA_003814745.1	Hydrogenoanaerobacterium saccharovorans	474960		DSM 24774					GCF_003814745.1-RS_2025_04_13	2025-04-13	3176247		8	Contig	2018-11-23	RKRD01	8	42.5							3005	Ruminococcaceae	99.38	0.7
ASM73272v1	GCF_000732725.1	GCA_000732725.1	Kineothrix alysoides	1469948		KNHs209					GCF_000732725.1-RS_2025_12_13	2025-12-13	4676087		3	Contig	2014-07-22	JPNB01	3	42.5							4230	Lachnospiraceae	97.97	1.53
51765_E01	GCF_900445265.1	GCA_900445265.1	Anaerococcus octavius	54007		NCTC9810					GCF_900445265.1-RS_2025_05_04	2025-05-04	1914290		2	Contig	2018-08-07	UFTA01	2	30.5							1838	Anaerococcus	95.44	4.46
PRJEB15309	GCF_900095845.1	GCA_900095845.1	Streptococcus timonensis	1852387		Marseille-P2915					GCF_900095845.1-RS_2025_04_24	2025-04-24	1925331		4	Contig	2016-09-08	FMIX01	4	38.5							2094	Streptococcus	99.7	
CIP111750	GCF_903994055.1	GCA_903994055.1	Jeotgalicoccus aerolatus	709510		CIP 111750					GCF_903994055.1-RS_2025_12_11	2025-12-11	2102110		9	Scaffold	2020-08-20	CAJEWC01	8	40.5							2192	Jeotgalicoccus	85.81	3.94
ASM75000v2	GCF_000750005.2	GCA_000750005.2	Geobacillus icigianus	1430331		G1w1					GCF_000750005.2-RS_2025_12_10	2025-12-10	3649981		13	Contig	2024-01-12	JPYA02	13	51.5							3704	Geobacillus	99.23	1.03
ASM212840v1	GCF_002128405.1	GCA_002128405.1	Gottfriedia solisilvae	1516104		NEAU-cbsb5					GCF_002128405.1-RS_2025_08_25	2025-08-25	4377332		20	Contig	2017-05-11	NETJ01	20	33							4393	Bacillaceae	98.06	0.81
ASM1463647v1	GCF_014636475.1	GCA_014636475.1	Halobacillus andaensis	1176239		CGMCC 1.12153					GCF_014636475.1-RS_2025_09_09	2025-09-09	3914697		14	Contig	2020-09-12	BMEL01	14	41							3980	Halobacillus	90.18	10.24
ASM127472v1	GCF_001274725.1	GCA_001274725.1	Sporosarcina globispora	1459		DSM 4					GCF_001274725.1-RS_2025_04_07	2025-04-07	5673948		34	Scaffold	2015-08-26	LGUF01	21	40.5							5789	Sporosarcina	90.31	27.36
ASM1646170v1	GCF_016461705.1	GCA_016461705.1	Streptococcus vicugnae	2740579		SL1232					GCF_016461705.1-RS_2025_05_05	2025-05-05	1906993		17	Contig	2021-01-03	JAEMHW01	17	37							1940	Streptococcus	99.87	
ASM1419201v1	GCF_014192015.1	GCA_014192015.1	Paenibacillus rhizosphaerae	297318		CECT 5831					GCF_014192015.1-RS_2025_09_29	2025-09-29	7550850		22	Scaffold	2020-08-14	JACHXJ01	18	53							6968	Paenibacillus	99.72	0.76
ASM1921863v1	GCF_019218635.1	GCA_019218635.1	Enterococcus alishanensis	1303817		ALS3					GCF_019218635.1-RS_2025_05_06	2025-05-06	3731072		50	Contig	2021-07-14	JAHUZB01	50	35.5							3684	Enterococcus	97.41	3.71
ASM1176135v1	GCF_011761355.1	GCA_011761355.1	Paenibacillus lupini	1450204		CECT 8235					GCF_011761355.1-RS_2025_04_19	2025-04-19	6666604		22	Scaffold	2020-03-27	JAASRW01	19	47							6075	Paenibacillus	99.72	0.08
ASM280296v1	GCF_002802965.1	GCA_002802965.1	Sporolactobacillus pectinivorans	1591408		GD201205					GCF_002802965.1-RS_2025_03_29	2025-03-29	3926895		23	Scaffold	2017-11-28	NXGA01	14	44.5							3836	Sporolactobacillaceae	86.11	21.88
ASM4268504v1	GCF_042685045.1	GCA_042685045.1	Terrilactibacillus laevilacticus	1380157		TISTR 2241					GCF_042685045.1-RS_2025_11_20	2025-11-20	3361932		36	Scaffold	2024-10-07	JBHUMR01	30	37							3173	Bacillaceae	92.69	0.65
ASM1463923v1	GCF_014639235.1	GCA_014639235.1	Paenibacillus silvae	1325358		CGMCC 1.12770					GCF_014639235.1-RS_2024_09_02	2024-09-02	6853520		48	Scaffold	2020-09-12	BMFU01	43	47							6016	Paenibacillus	99.72	0.11
ASM82951v1	GCF_000829515.1	GCA_000829515.1	Jeotgalibacillus campisalis	220754		SF-57					GCF_000829515.1-RS_2025_12_13	2025-12-13	3650490		24	Contig	2015-01-27	JXRR01	24	41							3637	Planococcaceae	95.84	6.09
IMG-taxon 2724679819 annotated assembly	GCF_900182735.1	GCA_900182735.1	Laceyella tengchongensis	574699		DSM 45262					GCF_900182735.1-RS_2025_06_05	2025-06-05	3352889		31	Contig	2023-04-08	FXTU01	31	49							3408	Thermoactinomycetaceae	85.28	10.59
ASM386433v1	GCF_003864335.1	GCA_003864335.1	Lentilactobacillus kosonis	2810561		NBRC 111893					GCF_003864335.1-RS_2025_08_12	2025-08-12	1971719		21	Contig	2018-11-30	BEXA01	21	38							2242	Lactobacillaceae	63.81	0.74
ASM148547v2	GCF_001485475.2	GCA_001485475.2	Tepidanaerobacter syntrophicus	224999		JL					GCF_001485475.2-RS_2025_03_21	2025-03-21	2427925		10	Scaffold	2015-12-08	BCMU01	9	38.5							2367	Clostridia	94.85	
ASM274238v2	GCF_002742385.2	GCA_002742385.2	Macrococcoides goetzii	1891097		CCM 4927					GCF_002742385.2-RS_2025_12_11	2025-12-11	2594081	1	34	Contig	2018-09-04	MJBI02	34	34							2782	Staphylococcaceae	92.69	2.9
ASM504904v1	GCF_005049045.1	GCA_005049045.1	Cohnella pontilimi	2564100		CAU 1483					GCF_005049045.1-RS_2025_05_04	2025-05-04	4289335		26	Scaffold	2019-05-01	SUPK01	24	53.5							4174	Cohnella	89.17	11.13
IMG-taxon 2588253727 annotated assembly	GCF_900168025.1	GCA_900168025.1	Acetoanaerobium noterae	745369		ATCC 35199					GCF_900168025.1-RS_2025_12_13	2025-12-13	2814227		22	Scaffold	2017-03-08	FUYN01	19	33.5							2768	Clostridia	99.09	0.91
IMG-taxon 2681812962 annotated assembly	GCF_900215625.1	GCA_900215625.1	Terribacillus aidingensis	586416		CGMCC 1.8913					GCF_900215625.1-RS_2025_05_03	2025-05-03	3389510		14	Scaffold	2017-09-28	OBEK01	11	42.5							3522	Bacillaceae	95.81	0.65
ASM201969v1	GCF_002019695.1	GCA_002019695.1	Evansella clarkii	79879		DSM 8720					GCF_002019695.1-RS_2025_03_29	2025-03-29	5476388		27	Scaffold	2017-03-06	MTIV01	7	42							5395	Bacillaceae	99.35	0.29
Lach_bact_ACC2_V1	GCF_000242235.1	GCA_000242235.1	Stomatobaculum longum	796942		ACC2					GCF_000242235.1-RS_2025_12_13	2025-12-13	2313632		16	Scaffold	2012-01-11	AGEL01	5	55							2178	Lachnospiraceae	96.98	0.31
LM2	GCF_000308275.2	GCA_000308275.2	Levyella massiliensis	938289		9403326					GCF_000308275.2-RS_2025_03_28	2025-03-28	1713902		9	Scaffold	2013-10-15	CAJN02	4	49							1545	Clostridiales	98.87	0.88
ASM4054569v1	GCF_040545695.1	GCA_040545695.1	Streptococcus gallinaceus	165758		DSM 15349					GCF_040545695.1-RS_2025_07_08	2025-07-08	1982824		13	Contig	2024-07-08	JBEPMK01	13	41.5							2038	Streptococcus	99.9	0.08
IMG-taxon 2687453787 annotated assembly	GCF_900115805.1	GCA_900115805.1	Psychrobacillus psychrotolerans	126156		DSM 11706					GCF_900115805.1-RS_2025_12_10	2025-12-10	3607666		21	Scaffold	2016-11-02	FOXU01	20	36.5							3688	Bacillaceae	98.71	0.65
ASM1477343v2	GCF_014773435.2	GCA_014773435.2	Polycladospora coralii	2771432		IB182353					GCF_014773435.2-RS_2025_05_25	2025-05-25	3228203		33	Contig	2021-05-17	JACXAG02	33	39.5							3338	Thermoactinomycetaceae	77.78	10.23
ASM2153231v1	GCF_021532315.1	GCA_021532315.1	Paenibacillus tarimensis	416012		DSM 19409					GCF_021532315.1-RS_2025_12_11	2025-12-11	4978141		56	Contig	2022-01-19	JAKGAO01	56	52							4639	Paenibacillus	99.17	0.56
ASM215746v1	GCF_002157465.1	GCA_002157465.1	Butyricicoccus porcorum	1945634		BB10					GCF_002157465.1-RS_2025_12_11	2025-12-11	2896918		29	Contig	2017-05-25	NHOC01	29	52.5							2919	Clostridiales	96.49	2.63
ASM540536v1	GCF_005405365.1	GCA_005405365.1	Enterococcus xiangfangensis	1296537		11097					GCF_005405365.1-RS_2025_08_26	2025-08-26	2652541		19	Contig	2019-03-29	BJDX01	19	39							2621	Enterococcus	96.44	4.91
ASM3044195v1	GCF_030441955.1	GCA_030441955.1	Enterococcus spodopteracolus	3034501		IIL-Cl25					GCF_030441955.1-RS_2025_08_04	2025-08-04	2986593		187	Contig	2023-07-12	JARJHD01	187	38.5							3024	Enterococcus	99.15	0.45
ASM2475354v1	GCF_024753545.1	GCA_024753545.1	Lysinibacillus pinottii	2973932		PB211					GCF_024753545.1-RS_2025_07_21	2025-07-21	4590315		34	Scaffold	2022-08-28	JANTOO01	31	37							4574	Lysinibacillus	93.17	3.93
IMG-taxon 2585428142 annotated assembly	GCF_900167085.1	GCA_900167085.1	Eubacterium ruminantium	42322		ATCC 17233					GCF_900167085.1-RS_2025_04_12	2025-04-12	2841101		37	Scaffold	2017-03-04	FUXA01	34	37							2568	Eubacterium	98.41	1.27
ASM2101285v1	GCF_021012855.1	GCA_021012855.1	Peribacillus castrilensis	2897690		N3					GCF_021012855.1-RS_2025_11_23	2025-11-23	5743707		91	Scaffold	2021-11-29	JAJNAF01	88	40.5							5632	Bacillaceae	99.35	0.97
ASM127494v1	GCF_001274945.1	GCA_001274945.1	Viridibacillus arvi	263475		DSM 16317					GCF_001274945.1-RS_2025_12_10	2025-12-10	4758570		66	Scaffold	2015-08-26	LILB01	19	35.5							4632	Planococcaceae	94.31	9.51
ASM273421v1	GCF_002734215.1	GCA_002734215.1	Fredinandcohnia onubensis	1571209		0911MAR22V3					GCF_002734215.1-RS_2025_05_03	2025-05-03	4848595		48	Scaffold	2017-10-27	NSEB01	38	37.5							4747	Bacillaceae	99.35	2.16
ASM163720v1	GCF_001637205.1	GCA_001637205.1	Paenibacillus glacialis	494026		DSM 22343					GCF_001637205.1-RS_2025_05_02	2025-05-02	5709291		80	Contig	2016-05-05	LVJH01	80	40.5							5521	Paenibacillus	98.78	0.22
ASM174230v1	GCF_001742305.1	GCA_001742305.1	Desulfuribacillus stibiiarsenatis	1390249		MLFW-2					GCF_001742305.1-RS_2025_07_18	2025-07-18	3119699		40	Contig	2016-09-22	MJAT01	40	38							3127	Bacteria	100	0.86
ASM1975379v1	GCF_019753795.1	GCA_019753795.1	Clostridium sardiniense	29369		DSM 599					GCF_019753795.1-RS_2025_12_12	2025-12-12	3942322		76	Contig	2021-08-25	JAIKTU01	76	28.5							3881	Clostridium	100	2.19
ASM333748v1	GCF_003337485.1	GCA_003337485.1	Saliterribacillus persicus	930114		DSM 27696					GCF_003337485.1-RS_2025_05_04	2025-05-04	3763507		40	Scaffold	2018-07-24	QPJJ01	37	35							3655	Bacillaceae	98.49	0.52
ASM1648128v1	GCF_016481285.1	GCA_016481285.1	Streptococcus zalophi	640031		CSL7508					GCF_016481285.1-RS_2025_05_05	2025-05-05	1581094		20	Contig	2021-01-04	JAENBP01	20	35							1511	Streptococcus	98.46	0.45
ASM143865v1	GCF_001438655.1	GCA_001438655.1	Pediococcus cellicola	319652		DSM 17757					GCF_001438655.1-RS_2025_03_28	2025-03-28	2038400		22	Contig	2015-11-06	JQBR01	22	39							1996	Pediococcus	87.27	7.64
ASM1631692v1	GCF_016316925.1	GCA_016316925.1	Clostridium aciditolerans	339861		DSM 17425					GCF_016316925.1-RS_2025_05_05	2025-05-05	5262995		122	Scaffold	2020-12-23	JAEEGB01	115	31.5							4949	Clostridium	93.79	2.8
ASM71259v1	GCF_000712595.1	GCA_000712595.1	Bacillus manliponensis	574376		JCM 15802					GCF_000712595.1-RS_2025_03_29	2025-03-29	4643113		101	Contig	2014-06-26	JOTN01	101	36							4836	Bacillus	98.92	2.75
ASM1420753v1	GCF_014207535.1	GCA_014207535.1	Bacillus benzoevorans	1456		DSM 5391					GCF_014207535.1-RS_2025_05_05	2025-05-05	4701532		63	Scaffold	2020-08-14	JACHGK01	55	40							4661	Bacillus	98.3	7.13
ASM396625v1	GCF_003966255.1	GCA_003966255.1	Bacillus yapensis	2492960		XXST-01					GCF_003966255.1-RS_2025_05_04	2025-05-04	4608128		49	Contig	2018-12-23	RXNT01	49	38							4693	Bacillus	98.75	0.98
ASM290416v1	GCF_002904165.1	GCA_002904165.1	Herbinix hemicellulosilytica	1564487					T3/55T		GCF_002904165.1-RS_2025_12_13	2025-12-13	3036611		35	Contig	2015-08-05	CVTD02	35	36.5							2715	Lachnospiraceae	95.42	1.03
ASM799133v1	GCF_007991335.1	GCA_007991335.1	Halobacillus faecis	360184		NBRC 103569					GCF_007991335.1-RS_2025_08_26	2025-08-26	3748958		48	Contig	2019-07-31	BJYD01	48	43.5							3802	Halobacillus	93.9	4.8
IMG-taxon 2593339256 annotated assembly	GCF_900112885.1	GCA_900112885.1	[Clostridium] aminophilum	1526		F					GCF_900112885.1-RS_2025_12_13	2025-12-13	3113820		35	Scaffold	2016-11-02	FOZC01	31	51							2661	Lachnospiraceae	97.41	0.62
ASM2591642v1	GCF_025916425.1	GCA_025916425.1	Bacillus pretiosus	2983392		SAICEU11T					GCF_025916425.1-RS_2025_03_09	2025-03-09	5385342		90	Contig	2022-10-31	JAOXJG01	90	35.5							5582	Bacillus	98.82	0.1
ASM4080191v1	GCF_040801915.1	GCA_040801915.1	Jeotgalibacillus marinus	86667		DSM 1297					GCF_040801915.1-RS_2025_07_23	2025-07-23	3521308		403	Contig	2024-07-22	JBFMIA01	403	39							3643	Planococcaceae	89.47	6.22
ASM188156v1	GCF_001881565.1	GCA_001881565.1	Eisenbergiella tayi	1432052		DSM 26961					GCF_001881565.1-RS_2024_12_16	2024-12-16	7555015		95	Scaffold	2016-11-17	MPDJ01	23	47							6524	Lachnospiraceae	98.75	2.6
ASM173029v1	GCF_001730295.1	GCA_001730295.1	Enterococcus plantarum	1077675		LMG 26214					GCF_001730295.1-RS_2025_03_29	2025-03-29	3135404		50	Contig	2016-09-16	MIKA01	50	36							3023	Enterococcus	97.32	1.69
ASM305108v1	GCF_003051085.1	GCA_003051085.1	Trichococcus patagoniensis	382641		DSM 18806					GCF_003051085.1-RS_2025_05_03	2025-05-03	3102817		51	Scaffold	2018-04-13	QAOM01	50	47							2822	Carnobacteriaceae	96.95	5.98
ASM101282v2	GCF_001012825.1	GCA_001012825.2	Paenibacillus etheri	1306852		SH7					GCF_001012825.1-RS_2025_04_29	2025-04-29	6634505		139	Scaffold	2015-12-15	LCZJ02	108	43.5							6202	Paenibacillus	98.61	1.48
ASM2841657v1	GCF_028416575.1	GCA_028416575.1	Terrihalobacillus insolitus	2950438		3ASR75-11					GCF_028416575.1-RS_2025_03_01	2025-03-01	3660390		74	Scaffold	2023-02-02	JAMQKB01	71	38							3688	Bacillaceae	98.87	0.32
ASM2517564v1	GCF_025175645.1	GCA_025175645.1	Peribacillus aracenensis	2976708		BBB004					GCF_025175645.1-RS_2025_11_22	2025-11-22	5911283		126	Scaffold	2022-09-13	JANZMJ01	124	40							5871	Bacillaceae	99.35	1.29
IMG-taxon 2599185171 annotated assembly	GCF_900106765.1	GCA_900106765.1	Tepidimicrobium xylanilyticum	1123352		DSM 23310					GCF_900106765.1-RS_2025_12_10	2025-12-10	3002518		43	Scaffold	2016-10-22	FNNG01	38	33.5							3108	Bacteria	98.28	0.86
ASM711509v1	GCF_007115095.1	GCA_007115095.1	Levilactobacillus enshiensis	2590213		HBUAS57009					GCF_007115095.1-RS_2025_11_23	2025-11-23	3065260		83	Scaffold	2019-07-18	SULH01	57	48							2938	Lactobacillaceae	99.35	1.39
IMG-taxon 2675903231 annotated assembly	GCF_900116805.1	GCA_900116805.1	Alicyclobacillus macrosporangiidus	392015		DSM 17980					GCF_900116805.1-RS_2025_05_03	2025-05-03	3789420		96	Scaffold	2016-11-02	FPBV01	95	63							3818	Alicyclobacillus	99.04	1.01
ASM1787441v1	GCF_017874415.1	GCA_017874415.1	Clostridium algifaecis	1472040		DSM 28783					GCF_017874415.1-RS_2025_08_11	2025-08-11	2964918		53	Contig	2021-04-08	JAGGLM01	53	30							2894	Clostridium	99.07	1.24
ASM812145v1	GCF_008121455.1	GCA_008121455.1	Evtepia gabavorous	2211183		KLE1738					GCF_008121455.1-RS_2025_03_28	2025-03-28	2494407		67	Contig	2019-08-28	QIML01	67	58							2433	Clostridiales	97.81	
ASM188619v1	GCF_001886195.1	GCA_001886195.1	Enterococcus ratti	150033		DSM 15687					GCF_001886195.1-RS_2025_05_03	2025-05-03	2485659		78	Contig	2016-11-25	JXLB01	78	34.5							2388	Enterococcus	92.44	0.13
ASM2861067v1	GCF_028610675.1	GCA_028610675.1	Alkalihalobacillus pseudalcaliphilus	79884		DSM 8725					GCF_028610675.1-RS_2025_03_24	2025-03-24	4475347		72	Scaffold	2023-02-13	JAQQWS01	32	38							4372	Bacillaceae	99.35	1.67
ASM1366468v1	GCF_013664685.1	GCA_013664685.1	Capillibacterium thermochitinicola	2699427		UUS1-1					GCF_013664685.1-RS_2025_12_11	2025-12-11	2482547		86	Contig	2020-07-24	JAAKDE01	86	52							2366	Bacteria	98.28	1.72
ASM1921868v1	GCF_019218685.1	GCA_019218685.1	Streptococcus vulneris	2853160		DM3B3					GCF_019218685.1-RS_2025_06_07	2025-06-07	1963039		47	Contig	2021-07-14	JAHUZC01	47	40							1925	Streptococcus	99.94	0.58
ASM1420146v1	GCF_014201465.1	GCA_014201465.1	Anoxybacteroides tepidamans	265948		DSM 16325					GCF_014201465.1-RS_2024_12_29	2024-12-29	3386024		57	Scaffold	2020-08-14	JACHEP01	54	42.5							3498	Anoxybacillus	94.56	7.32
ASM1330312v1	GCF_013303125.1	GCA_013303125.1	Calidifontibacillus erzurumensis	2741433		P2					GCF_013303125.1-RS_2025_12_11	2025-12-11	3508867		82	Contig	2020-06-08	JABTTE01	82	36							3410	Bacillaceae	97.53	1.3
ASM434139v1	GCF_004341395.1	GCA_004341395.1	Heliophilum fasciatum	35700		DSM 11170					GCF_004341395.1-RS_2025_04_13	2025-04-13	3142229		73	Contig	2019-03-11	SLXT01	73	51							2990	Clostridiales	99.56	0.88
ASM164323v1	GCF_001643235.1	GCA_001643235.1	Domibacillus aminovorans	29332		DSM 1314					GCF_001643235.1-RS_2025_04_26	2025-04-26	3731130		77	Scaffold	2016-05-13	LQWY01	74	41							3972	Bacillaceae	98.39	0.65
ASM358158v1	GCF_003581585.1	GCA_003581585.1	Bacillus salacetis	2315464		SKP7-4					GCF_003581585.1-RS_2025_07_20	2025-07-20	4681042		109	Contig	2018-09-20	QXIR01	109	43							4806	Bacillus	97.65	0.93
IMG-taxon 2639762507 annotated assembly	GCF_900103135.1	GCA_900103135.1	Halarsenatibacter silvermanii	321763		SLAS-1					GCF_900103135.1-RS_2025_05_13	2025-05-13	2718640		72	Scaffold	2016-10-21	FNGO01	71	45							2642	Halanaerobiales	89.6	5.93
ASM300190v1	GCF_003001905.1	GCA_003001905.1	Planifilum fimeticola	201975		DSM 44946					GCF_003001905.1-RS_2025_05_03	2025-05-03	3587211		74	Scaffold	2018-03-15	PVNE01	73	57.5							3552	Thermoactinomycetaceae	79.54	10
ASM1990415v1	GCF_019904155.1	GCA_019904155.1	Paenibacillus sinensis	2834413		HN-1					GCF_019904155.1-RS_2025_12_09	2025-12-09	6317529		259	Scaffold	2021-09-08	JAHCMB01	241	53.5							5904	Paenibacillus	99.11	3.12
ASM287225v1	GCF_002872255.1	GCA_002872255.1	Companilactobacillus nuruki	1993540		SYF10-1a					GCF_002872255.1-RS_2025_05_03	2025-05-03	2582291		64	Contig	2018-01-10	NIPR01	64	34							2613	Lactobacillaceae	99.13	2.14
ASM2462297v1	GCF_024622975.1	GCA_024622975.1	Blautia caecimuris	1796615		DSM 29492					GCF_024622975.1-RS_2025_12_13	2025-12-13	4093107		92	Contig	2022-08-10	JANJZT01	92	43							3910	Blautia	96.67	1.06
ASM261472v1	GCF_002614725.1	GCA_002614725.1	Staphylococcus edaphicus	1955013		CCM 8730					GCF_002614725.1-RS_2025_03_27	2025-03-27	2687658		45	Contig	2017-10-20	MRZN01	45	33.5							2722	Staphylococcus	98.69	0.62
ASM1344973v1	GCF_013449735.1	GCA_013449735.1	Pseudolactococcus laudensis	1494461		DSM 28961					GCF_013449735.1-RS_2025_06_08	2025-06-08	2296468		69	Contig	2020-07-21	JACBNY01	69	38.5							2343	Streptococcaceae	97.72	0.84
ASM28553v1	GCF_000285535.1	GCA_000285535.1	Bacillus timonensis	1033734		MM10403188					GCF_000285535.1-RS_2025_12_13	2025-12-13	4657724		146	Scaffold	2012-07-19	CAET01	72	37.5							4634	Bacillus	95.88	3.62
ASM1264107v1	GCF_012641075.1	GCA_012641075.1	Secundilactobacillus angelensis	2722706		HBUAS51383					GCF_012641075.1-RS_2025_12_13	2025-12-13	2607080		139	Contig	2020-04-21	JAAXLJ01	139	43.5							2554	Lactobacillaceae	98.47	0.08
ASM946638v1	GCF_009466385.1	GCA_009466385.1	Peribacillus tepidiphilus	2652445		SYSU G01002					GCF_009466385.1-RS_2025_03_29	2025-03-29	3370632		63	Contig	2019-11-01	WIAQ01	63	38							3440	Bacillaceae	99.35	
IMG-taxon 2623620515 annotated assembly	GCF_900102225.1	GCA_900102225.1	Eubacterium pyruvativorans	155865		i6					GCF_900102225.1-RS_2025_03_12	2025-03-12	2158512		58	Contig	2016-10-21	FNBF01	58	55							1978	Eubacterium	99.04	2.55
ASM798886v1	GCF_007988865.1	GCA_007988865.1	Alkalibacterium kapii	426704		NBRC 103247					GCF_007988865.1-RS_2025_08_26	2025-08-26	1991267		60	Contig	2019-08-01	BJUY01	60	39.5							1869	Carnobacteriaceae	97.84	2.28
ASM1404938v1	GCF_014049385.1	GCA_014049385.1	Ruoffia halotolerans	2748684		INB8					GCF_014049385.1-RS_2025_12_11	2025-12-11	2262567		73	Contig	2020-08-03	JACAOA01	73	36.5							2214	Aerococcaceae	97.78	0.54
JCE	GCF_000612625.1	GCA_000612625.1	Neobacillus jeddahensis	1461580		JCE					GCF_000612625.1-RS_2025_03_29	2025-03-29	4762944		149	Contig	2014-03-19	CCAS01	149	39.5							4722	Bacillaceae	99.19	0.47
ASM195025v1	GCF_001950255.1	GCA_001950255.1	Carboxydothermus pertinax	870242		Ug1					GCF_001950255.1-RS_2025_08_12	2025-08-12	2465639		116	Scaffold	2016-12-09	BDJK01	96	40.5							2688	Carboxydothermus	85.92	7.96
ASM2566041v1	GCF_025660415.1	GCA_025660415.1	Pallidibacillus thermolactis	251051		DSM 23332					GCF_025660415.1-RS_2025_12_10	2025-12-10	3274654		113	Scaffold	2022-10-11	JAOUSE01	108	34.5							3231	Bacillaceae	98.06	0.7
ASM2471854v1	GCF_024718545.1	GCA_024718545.1	Weissella fangxianensis	2953879		HBUAS51963					GCF_024718545.1-RS_2025_12_02	2025-12-02	1969010		79	Scaffold	2022-08-19	JAMXDB01	77	38.5							2045	Weissella	97.6	2.06
ASM143760v1	GCF_001437605.1	GCA_001437605.1	Pediococcus argentinicus	480391		DSM 23026					GCF_001437605.1-RS_2025_03_28	2025-03-28	1764961		95	Scaffold	2015-11-06	JQCQ01	93	36.5							1853	Pediococcus	91.34	3.38
ASM220776v1	GCF_002207765.1	GCA_002207765.1	Calderihabitans maritimus	1246530		KKC1					GCF_002207765.1-RS_2025_05_18	2025-05-18	3064849		289	Scaffold	2017-06-12	BDGJ01	223	47							3123	Clostridia	100	
ASM1904913v1	GCF_019049135.1	GCA_019049135.1	Lentilactobacillus dabitei	2831523		IMAU80584					GCF_019049135.1-RS_2025_05_26	2025-05-26	2687900		250	Scaffold	2021-06-28	JAHOPG01	230	42.5							2714	Lactobacillaceae	99.02	
L21-THTYG	GCF_000387765.1	GCA_000387765.1	Caldisalinibacter kiritimatiensis	1304284		L21-TH-D2					GCF_000387765.1-RS_2025_04_11	2025-04-11	2788198		289	Contig	2013-05-02	ARZA01	289	30							2802	Bacteria	98.28	0.86
Brdraft1	GCF_000598065.1	GCA_000598065.1	Paenibacillus darwinianus	1380763		Br					GCF_000598065.1-RS_2025_11_22	2025-11-22	3004450		285	Scaffold	2014-03-26	JFHT01	111	57							3054	Paenibacillus	86.75	0.73
ASM4268220v1	GCF_042682205.1	GCA_042682205.1	Geobacillus jurassicus	235932		CCM 7224					GCF_042682205.1-RS_2025_03_02	2025-03-02	3628846		2	Contig	2024-10-06	JBHUHE01	2	52.5							3681	Geobacillus	95.56	0.66
ASM74437v1	GCF_000744375.1	GCA_000744375.1	Carnobacterium gallinarum DSM 4847	1449338		MT44					GCF_000744375.1-RS_2025_05_02	2025-05-02	4041428		5	Contig	2014-08-28	JQLU01	5	34.5							3885	Carnobacteriaceae	98.05	10.16
ASM304631v1	GCF_003046315.1	GCA_003046315.1	Desmospora activa DSM 45169	1121389		DSM 45169					GCF_003046315.1-RS_2025_05_03	2025-05-03	3793187		16	Contig	2018-04-09	PZZP01	16	49							3730	Thermoactinomycetaceae	86.09	11.2
42197_D02	GCF_900458545.1	GCA_900458545.1	Staphylococcus intermedius NCTC 11048	1141106		NCTC 11048					GCF_900458545.1-RS_2025_04_27	2025-04-27	2891525		3	Contig	2018-08-01	UHDP01	3	37.5							2874	Staphylococcus	99.61	1.49
ASM74428v1	GCF_000744285.1	GCA_000744285.1	Carnobacterium pleistocenium FTR1	1449343		FTR1					GCF_000744285.1-RS_2025_12_13	2025-12-13	2662616		4	Contig	2014-08-28	JQLQ01	4	35.5							2646	Carnobacteriaceae	98.6	2.2
ASM74482v1	GCF_000744825.1	GCA_000744825.1	Carnobacterium mobile DSM 4848	1449342		MT37L					GCF_000744825.1-RS_2025_04_26	2025-04-26	2632867		6	Contig	2014-08-28	JQMR01	6	37							2557	Carnobacteriaceae	99.49	2.54
51765_G01	GCF_900454665.1	GCA_900454665.1	Peptoniphilus indolicus	33030		NCTC11088					GCF_900454665.1-RS_2025_05_04	2025-05-04	2247968		4	Contig	2018-08-01	UGTH01	4	31.5							2220	Peptoniphilus	97.98	2.96
Ente_asin_ATCC700915_V2	GCF_000407365.1	GCA_000407365.1	Enterococcus asini ATCC 700915	1158606		ATCC 700915					GCF_000407365.1-RS_2025_03_12	2025-03-12	2572706		2	Contig	2013-05-31	ASVU01	2	44.5							2505	Enterococcus	95.5	2.3
49642_A01	GCF_900459315.1	GCA_900459315.1	Faecalicoccus pleomorphus	1323		NCTC11087					GCF_900459315.1-RS_2025_04_07	2025-04-07	2055154		4	Contig	2018-08-01	UHFX01	4	39							2090	Erysipelotrichaceae	96.57	2.21
44738_A02	GCF_900459485.1	GCA_900459485.1	Streptococcus macacae NCTC 11558	764298		NCTC 11558					GCF_900459485.1-RS_2025_04_27	2025-04-27	1930691		2	Contig	2018-07-31	UHFV01	2	38							1920	Streptococcus	98.58	
ASM38413v1	GCF_000384135.1	GCA_000384135.1	Succinispira mobilis DSM 6222	1069080		DSM 6222					GCF_000384135.1-RS_2025_05_02	2025-05-02	2085243		3	Scaffold	2013-04-26	AQZZ01	1	36							1988	Acidaminococcaceae	99.61	0.59
ASM18354v3	GCF_000183545.2	GCA_000183545.3	Thermaerobacter subterraneus DSM 13965	867903		DSM 13965					GCF_000183545.2-RS_2025_04_11	2025-04-11	2888741		5	Scaffold	2012-11-05	AENY02	2	72							2429	Thermaerobacter	97.89	0.41
Oribacterium_sp_ACB1_V2	GCF_000238055.2	GCA_000238055.2	Oribacterium parvum ACB1	796943		ACB1					GCF_000238055.2-RS_2024_12_16	2024-12-16	2470863		4	Scaffold	2013-06-18	AFZC02	2	42							2207	Oribacterium	99.34	0.47
ASM38419v1	GCF_000384195.1	GCA_000384195.1	Allobaculum stercoricanis DSM 13633	1050201		DSM 13633					GCF_000384195.1-RS_2025_05_02	2025-05-02	2052877		3	Scaffold	2013-04-26	ARAE01	1	38							1809	Erysipelotrichaceae	95.58	1.94
ASM51533v1	GCF_000515335.1	GCA_000515335.1	Cohnella panacarvi Gsoil 349	979226		Gsoil 349					GCF_000515335.1-RS_2025_05_02	2025-05-02	4772825		11	Scaffold	2014-01-07	AZXQ01	1	54.5							4488	Cohnella	99.76	0.39
Crm	GCF_000330705.1	GCA_000330705.1	Salinicoccus carnicancri Crm	1235755		Crm					GCF_000330705.1-RS_2025_05_02	2025-05-02	2669034		12	Contig	2013-01-02	ANAM01	12	48							2754	Salinicoccus	97.94	0.76
ASM51064v1	GCF_000510645.1	GCA_000510645.1	Thermicanus aegyptius DSM 12793	1089548		DSM 12793					GCF_000510645.1-RS_2025_05_02	2025-05-02	3657623		11	Scaffold	2013-12-18	AZNU01	1	48							3611	Bacillales	97.01	1.37
44087_A02	GCF_900459215.1	GCA_900459215.1	Streptococcus criceti	1333		NCTC12277					GCF_900459215.1-RS_2025_03_29	2025-03-29	2431956		9	Contig	2018-08-01	UHFB01	9	42							2267	Streptococcus	98.27	0.82
ASM16011v1	GCF_000160115.1	GCA_000160115.1	Shuttleworthella satelles DSM 14600	626523		DSM 14600					GCF_000160115.1-RS_2025_12_13	2025-12-13	2169477		10	Scaffold	2009-04-29	ACIP02	5	51.5							1980	Lachnospiraceae	97.76	0.02
ASM42246v1	GCF_000422465.1	GCA_000422465.1	Paenibacillus harenae DSM 16969	1122920		DSM 16969					GCF_000422465.1-RS_2025_05_02	2025-05-02	6968425		36	Scaffold	2013-07-11	AULV01	28	50.5							6359	Paenibacillus	99.72	0.56
ASM42570v1	GCF_000425705.1	GCA_000425705.1	Halobacillus kuroshimensis DSM 18393	1121938		DSM 18393					GCF_000425705.1-RS_2025_04_26	2025-04-26	3845569		16	Scaffold	2013-07-11	AUDY01	15	47							3976	Halobacillus	99.05	0.02
ASM37484v1	GCF_000374845.1	GCA_000374845.1	Paenibacillus terrigena DSM 21567	1122927		DSM 21567					GCF_000374845.1-RS_2025_05_02	2025-05-02	6361561		42	Scaffold	2013-04-23	ARGP01	40	46							5927	Paenibacillus	99.72	
ASM3952252v1	GCF_039522525.1	GCA_039522525.1	Salinibacillus aidingensis	237684		JCM 12389					GCF_039522525.1-RS_2025_05_10	2025-05-10	3492180		27	Scaffold	2024-02-23	BAAADO01	25	40.5							3603	Bacillaceae	96.83	0.05
ASM43060v1	GCF_000430605.1	GCA_000430605.1	Anaeroarcus burkinensis DSM 6283	1120985		DSM 6283					GCF_000430605.1-RS_2025_04_29	2025-04-29	3338457		21	Scaffold	2013-07-16	AUMI01	20	49							3195	Selenomonadales	100	
ASM37770v1	GCF_000377705.1	GCA_000377705.1	Salsuginibacillus kocurii DSM 18087	1123239		DSM 18087					GCF_000377705.1-RS_2025_03_29	2025-03-29	3831781		26	Scaffold	2013-04-23	ARIV01	23	43							3667	Bacillaceae	98.17	0.16
ASM58539v1	GCF_000585395.1	GCA_000585395.1	Saccharibacillus sacchari DSM 19268	915437		DSM 19268					GCF_000585395.1-RS_2025_05_02	2025-05-02	6075237		25	Scaffold	2014-03-04	JFBU01	1	52.5							5324	Saccharibacillus	99.08	0.12
ASM18801v3	GCF_000188015.2	GCA_000188015.3	Streptococcus ictaluri 707-05	764299		707-05					GCF_000188015.2-RS_2025_12_09	2025-12-09	2234402		8	Contig	2011-11-10	AEUX02	8	38							2349	Streptococcus	97.38	
ASM16003v2	GCF_000160035.2	GCA_000160035.2	Catonella morbi ATCC 51271	592026		ATCC 51271					GCF_000160035.2-RS_2025_12_13	2025-12-13	3479204		26	Scaffold	2013-10-31	ACIL03	8	37							3173	Lachnospiraceae	98.75	1.88
ASM42036v1	GCF_000420365.1	GCA_000420365.1	Weissella halotolerans DSM 20190	1123500		DSM 20190					GCF_000420365.1-RS_2025_03_17	2025-03-17	1358385		8	Scaffold	2013-07-09	ATUU01	6	43							1389	Weissella	98.28	
ASM70190v1	GCF_000701905.1	GCA_000701905.1	Proteiniclasticum ruminis DSM 24773	1410668		DSM 24773					GCF_000701905.1-RS_2025_04_11	2025-04-11	3118301		25	Scaffold	2014-06-11	JNKC01	21	43							2960	Clostridiaceae	99.27	
Ente_mora_BAA-383_V1	GCF_000394015.1	GCA_000394015.1	Enterococcus moraviensis ATCC BAA-383	1158609		ATCC BAA-383					GCF_000394015.1-RS_2025_04_26	2025-04-26	3601841		28	Scaffold	2013-05-15	AJAS01	6	36							3385	Enterococcus	98.7	3.61
ASM42244v1	GCF_000422445.1	GCA_000422445.1	Paenibacillus assamensis DSM 18201	1122916		DSM 18201					GCF_000422445.1-RS_2025_05_02	2025-05-02	5027965		37	Scaffold	2013-07-11	AULU01	32	43.5							4483	Paenibacillus	99.03	
ASM42512v1	GCF_000425125.1	GCA_000425125.1	Paenibacillus taiwanensis DSM 18679	1122926		DSM 18679					GCF_000425125.1-RS_2025_05_02	2025-05-02	5247653		36	Scaffold	2013-07-11	AULE01	20	45							4730	Paenibacillus	99.58	
Sele_infe_ATCC_43532_V1	GCF_000234095.1	GCA_000234095.1	Selenomonas infelix ATCC 43532	679201		ATCC 43532					GCF_000234095.1-RS_2025_05_01	2025-05-01	2413634		46	Scaffold	2011-11-08	ACZM01	30	56							2315	Selenomonas	99.32	0.05
IMG-taxon 2596583532 annotated assembly	GCF_900218035.1	GCA_900218035.1	Pseudobutyrivibrio ruminis DSM 9787	1123011		DSM 9787					GCF_900218035.1-RS_2025_12_13	2025-12-13	3020378		18	Contig	2017-09-28	OBMR01	18	39							2820	Pseudobutyrivibrio ruminis	97.66	4.79
ASM37838v1	GCF_000378385.1	GCA_000378385.1	Paenibacillus daejeonensis DSM 15491	1122917		DSM 15491					GCF_000378385.1-RS_2025_05_02	2025-05-02	7464058		53	Scaffold	2013-04-23	ARKE01	36	53.5							6489	Paenibacillus	99.72	
ASM37638v1	GCF_000376385.1	GCA_000376385.1	Desulfurispora thermophila DSM 16022	1121472		DSM 16022					GCF_000376385.1-RS_2025_07_29	2025-07-29	2821579		19	Contig	2013-04-20	AQWN01	19	55							2802	Clostridiales	98.25	
ASM37776v1	GCF_000377765.1	GCA_000377765.1	Gracilibacillus lacisalsi DSM 19029	1121929		DSM 19029					GCF_000377765.1-RS_2025_05_02	2025-05-02	4409254		51	Scaffold	2013-04-23	ARIY01	44	37							4336	Bacillaceae	98.71	0.81
ASM38329v1	GCF_000383295.1	GCA_000383295.1	Faecalispora sporosphaeroides DSM 1294	1121334		VPI 4527					GCF_000383295.1-RS_2025_12_10	2025-12-10	3174421		24	Scaffold	2013-04-26	ARTA01	21	53.5							3091	Ruminococcaceae	98.76	1.6
ASM42806v1	GCF_000428065.1	GCA_000428065.1	Shimazuella kribbensis DSM 45090	1123252		DSM 45090					GCF_000428065.1-RS_2025_05_02	2025-05-02	4185101		46	Scaffold	2013-09-05	ATZF01	42	38.5							4321	Thermoactinomycetaceae	96.96	0.9
Ente_cocc_BAA-1240_V1	GCF_000394055.1	GCA_000394055.1	Enterococcus caccae ATCC BAA-1240	1158612		ATCC BAA-1240					GCF_000394055.1-RS_2025_05_02	2025-05-02	3559587		24	Scaffold	2013-05-15	AJAU01	4	36							3319	Enterococcus	98.75	2.1
ASM42324v1	GCF_000423245.1	GCA_000423245.1	Ligilactobacillus ceti DSM 22408	1122146		DSM 22408					GCF_000423245.1-RS_2025_04_26	2025-04-26	1385752		19	Scaffold	2013-07-11	AUHP01	17	33.5							1337	Lactobacillaceae	97.71	1.09
ASM37700v1	GCF_000377005.1	GCA_000377005.1	Streptococcus minor DSM 17118	1123309		DSM 17118					GCF_000377005.1-RS_2025_05_02	2025-05-02	1927889		33	Contig	2013-04-22	AQYB01	33	41							1970	Streptococcus	99.39	0.39
ASM26986v1	GCF_000269865.1	GCA_000269865.1	Fictibacillus macauensis ZFHKF-1	1196324		ZFHKF-1					GCF_000269865.1-RS_2025_05_11	2025-05-11	3736359		55	Contig	2012-06-18	AKKV01	55	40.5							3971	Bacillaceae	98.92	
ASM38012v1	GCF_000380125.1	GCA_000380125.1	Streptococcus ovis DSM 16829	1123312		DSM 16829					GCF_000380125.1-RS_2025_05_02	2025-05-02	2358538		26	Scaffold	2013-04-23	ARCH01	24	40							2423	Streptococcus	99.87	0.45
Ente_haem_BAA-382_V1	GCF_000393995.1	GCA_000393995.1	Enterococcus haemoperoxidus ATCC BAA-382	1158608		ATCC BAA-382					GCF_000393995.1-RS_2025_04_26	2025-04-26	3580916		31	Scaffold	2013-05-15	AJAR01	3	35.5							3273	Enterococcus	99.73	3.68
ASM42584v1	GCF_000425845.1	GCA_000425845.1	Jeotgalicoccus psychrophilus DSM 19085	1122129		DSM 19085					GCF_000425845.1-RS_2025_05_02	2025-05-02	2345682		33	Scaffold	2013-07-11	AUEF01	28	40							2460	Jeotgalicoccus	97.39	0.5
ASM47290v1	GCF_000472905.1	GCA_000472905.1	Alicyclobacillus pomorum DSM 14955	1111479		DSM 14955					GCF_000472905.1-RS_2025_05_02	2025-05-02	3398558		37	Scaffold	2013-09-30	AXAR01	36	53.5							3410	Alicyclobacillus	99.4	0.88
IMG-taxon 2582581276 annotated assembly	GCF_900129115.1	GCA_900129115.1	Thermoanaerobacter uzonensis DSM 18761	1123369		DSM 18761					GCF_900129115.1-RS_2025_12_09	2025-12-09	2409754		39	Scaffold	2016-12-03	FQUR01	36	34							2508	Thermoanaerobacter	95.43	0.77
ASM62030v1	GCF_000620305.1	GCA_000620305.1	Desulfitibacter alkalitolerans DSM 16504	1304884		DSM 16504					GCF_000620305.1-RS_2025_05_18	2025-05-18	4361351		39	Scaffold	2014-04-08	JHVU01	24	39							4290	Clostridia	100	0.45
Fack_lang_CCUG_37842_V1	GCF_000245795.1	GCA_000245795.1	Facklamia languida CCUG 37842	883113		CCUG 37842					GCF_000245795.1-RS_2025_12_13	2025-12-13	1717767		17	Scaffold	2012-02-07	AGEG01	1	44							1600	Facklamia	99.25	0.18
ASM3952140v1	GCF_039521405.1	GCA_039521405.1	Clostridium sartagoforme	84031		JCM 1413					GCF_039521405.1-RS_2024_05_10	2024-05-10	3946716		58	Scaffold	2024-02-23	BAAACH01	52	28							3736	Clostridium	100	1.24
ASM42590v1	GCF_000425905.1	GCA_000425905.1	Lactobacillus psittaci DSM 15354	1122152		DSM 15354					GCF_000425905.1-RS_2025_04_26	2025-04-26	1542852		26	Scaffold	2013-07-11	AUEI01	23	35.5							1408	Lactobacillus	98.06	0.16
ASM37814v1	GCF_000378145.1	GCA_000378145.1	Saccharibacillus kuerlensis DSM 22868	1123226		DSM 22868					GCF_000378145.1-RS_2025_04_26	2025-04-26	4699563		58	Scaffold	2013-04-23	ARJR01	56	50.5							4108	Saccharibacillus	98.23	1.31
ASM18758v1	GCF_000187585.1	GCA_000187585.1	Streptococcus peroris ATCC 700780	888746		ATCC 700780					GCF_000187585.1-RS_2025_04_22	2025-04-22	1639920		16	Scaffold	2011-02-03	AEVF01	3	39							1653	Streptococcus	99.74	
ASM42968v1	GCF_000429685.1	GCA_000429685.1	Salibacterium aidingense DSM 18341	1121085		DSM 18341					GCF_000429685.1-RS_2025_12_10	2025-12-10	4418137		56	Scaffold	2013-07-15	AUCI01	55	44.5							4483	Bacillaceae	98.82	0.54
ASM37432v1	GCF_000374325.1	GCA_000374325.1	Allofustis seminis DSM 15817	1120978		DSM 15817					GCF_000374325.1-RS_2025_05_02	2025-05-02	1441290		15	Scaffold	2013-04-23	ARFP01	14	37.5							1474	Carnobacteriaceae	98.5	0.25
ASM38004v1	GCF_000380045.1	GCA_000380045.1	Streptococcus marimammalium DSM 18627	1123306		DSM 18627					GCF_000380045.1-RS_2025_03_15	2025-03-15	1505444		27	Scaffold	2013-04-23	ARCD01	25	33							1500	Streptococcus	97.55	0.64
IMG-taxon 2501915963 annotated assembly	GCF_900176035.1	GCA_900176035.1	Desulfonispora thiosulfatigenes DSM 11270	656914		DSM 11270					GCF_900176035.1-RS_2025_04_12	2025-04-12	2412168		31	Contig	2017-04-07	FWWT01	31	32							2491	Peptococcaceae	98.61	
ASM220084v1	GCF_002200845.1	GCA_002200845.1	Ureibacillus sinduriensis BLB-1 = JCM 15800	1384057		JCM 15800					GCF_002200845.1-RS_2025_12_11	2025-12-11	4017054		55	Contig	2017-06-19	AVCY01	55	38.5							3953	Planococcaceae	91.66	6.49
ASM42586v1	GCF_000425865.1	GCA_000425865.1	Lacticigenium naphthae DSM 19658	1122143		DSM 19658					GCF_000425865.1-RS_2025_05_02	2025-05-02	2134509		37	Scaffold	2013-07-11	AUEG01	32	37.5							2005	Carnobacteriaceae	99.49	0.51
ASM42582v1	GCF_000425825.1	GCA_000425825.1	Jeotgalicoccus marinus DSM 19772	1122128		DSM 19772					GCF_000425825.1-RS_2025_05_02	2025-05-02	2109822		29	Scaffold	2013-07-11	AUEE01	26	37							2263	Jeotgalicoccus	97.4	1.17
Gran_ele_ATCC_700633_V2	GCF_000162475.2	GCA_000162475.2	Granulicatella elegans ATCC 700633	626369		ATCC 700633					GCF_000162475.2-RS_2025_12_10	2025-12-10	1743361		18	Scaffold	2013-09-30	ACRF02	1	33.5							1635	Granulicatella	88.41	0.99
ASM159398v1	GCF_001593985.1	GCA_001593985.1	Clostridium colicanis DSM 13634	1121305		DSM 13634					GCF_001593985.1-RS_2025_04_12	2025-04-12	2619501		83	Contig	2016-03-18	LTBB01	83	31							2649	Clostridium	100	0.16
ASM38517v1	GCF_000385175.1	GCA_000385175.1	Salinicoccus albus DSM 19776	1123230		YIM-Y21					GCF_000385175.1-RS_2025_05_02	2025-05-02	2639352		33	Contig	2013-04-26	ARQJ01	33	44							2751	Salinicoccus	97.85	1.55
ASM159174v1	GCF_001591745.1	GCA_001591745.1	Pseudolactococcus plantarum NBRC 100936	1348632		NBRC 100936					GCF_001591745.1-RS_2025_06_15	2025-06-15	1977763		46	Contig	2016-02-27	BCVM01	46	36.5							1905	Streptococcaceae	97.77	1.96
ASM43076v1	GCF_000430765.1	GCA_000430765.1	Peribacillus kribbensis DSM 17871	1121092		DSM 17871					GCF_000430765.1-RS_2025_05_02	2025-05-02	5052265		57	Scaffold	2013-07-16	AUMQ01	38	43							5072	Bacillaceae	99.35	
ASM42372v1	GCF_000423725.1	GCA_000423725.1	Streptococcus devriesei DSM 19639	1123300		DSM 19639					GCF_000423725.1-RS_2025_05_02	2025-05-02	2121372		21	Scaffold	2013-07-11	AUIN01	17	42							2094	Streptococcus	99.87	0.06
ASM16925v2	GCF_000169255.2	GCA_000169255.2	Pseudoflavonifractor capillosus ATCC 29799	411467		ATCC 29799					GCF_000169255.2-RS_2025_04_11	2025-04-11	4241076		65	Contig	2009-02-09	AAXG02	65	59							4075	Ruminococcaceae	97.2	4.33
ASM42310v1	GCF_000423105.1	GCA_000423105.1	Halalkalibacillus halophilus DSM 18494	1121936		DSM 18494					GCF_000423105.1-RS_2025_05_02	2025-05-02	2707549		27	Scaffold	2013-07-11	AUHI01	25	37.5							2849	Bacillaceae	98.82	0.65
CMarimammalium1.0	GCF_000313915.1	GCA_000313915.1	Catellicoccus marimammalium M35/04/3	1234409		M35/04/3					GCF_000313915.1-RS_2025_04_23	2025-04-23	1285866		25	Contig	2012-11-21	AMYT01	25	34							1262	Enterococcaceae	87.19	0.59
ASM77294v1	GCF_000772945.1	GCA_000772945.1	Ureibacillus manganicus DSM 26584	1384049		DSM 26584					GCF_000772945.1-RS_2025_12_11	2025-12-11	4047197		81	Contig	2014-11-06	JPVN01	81	35							3957	Planococcaceae	90.48	7.83
ASM37698v1	GCF_000376985.1	GCA_000376985.1	Streptococcus henryi DSM 19005	1123304		DSM 19005					GCF_000376985.1-RS_2025_05_16	2025-05-16	2422509		37	Contig	2013-04-22	AQYA01	37	38.5							2361	Streptococcus	99.49	0.84
ASM38190v1	GCF_000381905.1	GCA_000381905.1	Paenibacillus fonticola DSM 21315	1122918		DSM 21315					GCF_000381905.1-RS_2025_03_29	2025-03-29	6309271		77	Scaffold	2013-04-24	ARMT01	62	47.5							5676	Paenibacillus	99.17	
ASM30696v1	GCF_000306965.1	GCA_000306965.1	Amphibacillus jilinensis Y1	562743		Y1					GCF_000306965.1-RS_2025_03_31	2025-03-31	3836603		83	Scaffold	2012-10-19	AMWI01	30	37.5							3658	Bacillaceae	91.57	1.61
IMG-taxon 2568526006 annotated assembly	GCF_900167305.1	GCA_900167305.1	Garciella nitratireducens DSM 15102	1121911		DSM 15102					GCF_900167305.1-RS_2025_04_12	2025-04-12	2163332		28	Scaffold	2017-03-04	FUWV01	26	30.5							2224	Eubacteriaceae	100	2.86
John_igna_ATCC_51276_V1	GCF_000235445.1	GCA_000235445.1	Johnsonella ignava ATCC 51276	679200		ATCC 51276					GCF_000235445.1-RS_2025_12_13	2025-12-13	2687075		80	Scaffold	2011-11-16	ACZL01	43	35.5							2433	Lachnospiraceae	96.35	
ASM43058v1	GCF_000430585.1	GCA_000430585.1	Alicyclobacillus herbarius DSM 13609	1120972		DSM 13609					GCF_000430585.1-RS_2025_05_02	2025-05-02	3310509		59	Scaffold	2013-07-16	AUMH01	57	57							3260	Alicyclobacillus	99.38	0.42
ASM42374v1	GCF_000423745.1	GCA_000423745.1	Streptococcus plurextorum DSM 22810	1123314		DSM 22810					GCF_000423745.1-RS_2025_05_02	2025-05-02	2103464		37	Scaffold	2013-07-11	AUIO01	33	41							2144	Streptococcus	98.86	1.22
ASM29825v1	GCF_000298255.1	GCA_000298255.1	Solibacillus isronensis B3W22	1224748		B3W22					GCF_000298255.1-RS_2025_08_04	2025-08-04	4019895		177	Contig	2012-09-18	AMCK01	177	39							4047	Planococcaceae	93.07	7.57
ASM42410v1	GCF_000424105.1	GCA_000424105.1	Lachnospira multipara ATCC 19207	1282887		ATCC 19207					GCF_000424105.1-RS_2025_12_13	2025-12-13	2871860		32	Scaffold	2013-07-11	AUJG01	31	35.5							2608	Lachnospira multipara	98.5	0.64
ASM155265v1	GCF_001552655.1	GCA_001552655.1	Alicyclobacillus kakegawensis NBRC 103104	1220571		NBRC 103104					GCF_001552655.1-RS_2025_08_08	2025-08-08	3421583		71	Contig	2016-02-06	BCRP01	71	59							3331	Alicyclobacillus	97.64	2.8
ASM17959v2	GCF_000179595.2	GCA_000179595.2	Acetivibrio cellulolyticus CD2	509191		CD2					GCF_000179595.2-RS_2025_12_09	2025-12-09	6156735		114	Scaffold	2012-11-07	AEDB02	10	35.5							5157	Ruminococcaceae	99.38	0.21
ASM1965601v1	GCF_019656015.1	GCA_019656015.1	Leuconostoc inhae	178001		DSM 15101					GCF_019656015.1-RS_2024_09_02	2024-09-02	1963716		35	Contig	2021-05-29	BPKW01	35	37							1960	Leuconostoc	99.13	1.17
ASM16069v1	GCF_000160695.1	GCA_000160695.1	Selenomonas flueggei ATCC 43531	638302		ATCC 43531					GCF_000160695.1-RS_2025_05_01	2025-05-01	2166063		33	Scaffold	2009-07-08	ACLA01	9	56							2129	Selenomonas	98.86	0.39
ASM42972v1	GCF_000429725.1	GCA_000429725.1	Alkalicoccus chagannorensis DSM 18086	1121087		DSM 18086					GCF_000429725.1-RS_2025_05_02	2025-05-02	3519702		43	Scaffold	2013-07-15	AUCK01	38	52.5							3329	Bacillaceae	96.72	
ASM37454v1	GCF_000374545.1	GCA_000374545.1	Anaeromusa acidaminophila DSM 3853	1120992		DSM 3853					GCF_000374545.1-RS_2024_04_07	2024-04-07	3475815		64	Scaffold	2013-04-23	ARGA01	61	49							3396	Selenomonadales	100	0.9
ASM143629v1	GCF_001436295.1	GCA_001436295.1	Paucilactobacillus vaccinostercus DSM 20634	1423813		DSM 20634					GCF_001436295.1-RS_2025_03_29	2025-03-29	2559201		81	Scaffold	2015-11-06	AYYY01	72	43.5							2533	Lactobacillaceae	99.35	0.41
ASM43088v1	GCF_000430885.1	GCA_000430885.1	Desulfotruncus alcoholivorax DSM 16058	1121422		DSM 16058					GCF_000430885.1-RS_2025_12_09	2025-12-09	3471050		66	Scaffold	2013-07-16	AUMW01	64	47							3583	Clostridiales	99.12	0.88
ASM38106v1	GCF_000381065.1	GCA_000381065.1	Propionispira raffinosivorans DSM 20765	1123511		DSM 20765					GCF_000381065.1-RS_2025_12_10	2025-12-10	4134382		66	Scaffold	2013-04-24	ARLE01	60	38							3998	Selenomonadales	100	4.69
ASM29683v1	GCF_000296835.1	GCA_000296835.1	Lactobacillus hominis DSM 23910 = CRBIP 24.179	1423758		type strain:CRBIP 24.179					GCF_000296835.1-RS_2025_03_20	2025-03-20	1928135		36	Contig	2012-07-09	CAKE01	36	35							1932	Lactobacillus	96.22	0.16
IMG-taxon 2654588123 annotated assembly	GCF_900112895.1	GCA_900112895.1	Succiniclasticum ruminis DSM 9236	1123323		DSM 9236					GCF_900112895.1-RS_2025_05_03	2025-05-03	2539887		41	Scaffold	2016-11-02	FONL01	39	49.5							2359	Acidaminococcaceae	91.64	7.76
ASM155227v1	GCF_001552275.1	GCA_001552275.1	Amphibacillus sediminis NBRC 103570	1220586		NBRC 103570					GCF_001552275.1-RS_2025_09_02	2025-09-02	3447472		74	Contig	2016-02-03	BCQW01	74	38							3157	Bacillaceae	91.89	2.6
ASM4284911v1	GCF_042849115.1	GCA_042849115.1	Lactococcus muris	2941330		M2458					GCF_042849115.1-RS_2025_01_26	2025-01-26	2360567		51	Contig	2024-07-12	BAAFQO01	51	39.5							2287	Lactococcus	96.21	2.06
ASM43074v1	GCF_000430745.1	GCA_000430745.1	Fictibacillus gelatini DSM 15865	1121091		DSM 15865					GCF_000430745.1-RS_2025_05_11	2025-05-11	4171218		84	Scaffold	2013-07-16	AUMP01	69	41.5							4392	Bacillaceae	98.31	0.48
ASM24692v2	GCF_000246925.1	GCA_000246925.2	Peptoniphilus rhinitidis 1-13	875454		42017					GCF_000246925.1-RS_2025_08_08	2025-08-08	1885265		56	Contig	2012-02-07	BAEW01	56	30							1878	Peptoniphilus	96.32	4.45
ASM42376v1	GCF_000423765.1	GCA_000423765.1	Streptococcus porci DSM 23759	1123315		DSM 23759					GCF_000423765.1-RS_2025_05_02	2025-05-02	2290936		38	Scaffold	2013-07-11	AUIP01	35	41							2340	Streptococcus	99.81	0.24
ASM31186v1	GCF_000311865.1	GCA_000311865.1	Peptoniphilus obesi ph1	1118062		ph1					GCF_000311865.1-RS_2025_05_01	2025-05-01	1773998		33	Scaffold	2012-08-16	CAHB01	5	30							1718	Peptoniphilus	93.2	3.61
ASM51868v1	GCF_000518685.1	GCA_000518685.1	Eubacterium xylanophilum ATCC 35991	1336241		ATCC 35991					GCF_000518685.1-RS_2025_04_11	2025-04-11	2579248		55	Scaffold	2014-01-13	JAEB01	42	40							2238	Eubacterium	98.73	
ASM371098v1	GCF_003710985.1	GCA_003710985.1	Brevibacillus panacihumi	497735		JCM 15085					GCF_003710985.1-RS_2025_05_04	2025-05-04	5116160		99	Contig	2018-11-04	RHHT01	99	51							5121	Brevibacillus	87.6	7.16
ASM42072v1	GCF_000420725.1	GCA_000420725.1	Marinococcus halotolerans DSM 16375	1122203		DSM 16375					GCF_000420725.1-RS_2025_05_02	2025-05-02	3139679		56	Contig	2013-07-09	ATVM01	56	48							3267	Bacillaceae	91.8	0.05
ASM16915v1	GCF_000169155.1	GCA_000169155.1	Thermosinus carboxydivorans Nor1	401526		Nor1					GCF_000169155.1-RS_2025_12_13	2025-12-13	2889774		49	Contig	2007-01-05	AAWL01	49	51.5							2967	Selenomonadales	89.5	2.99
MtimATCC33093v1.0	GCF_000525775.1	GCA_000525775.1	Mogibacterium timidum ATCC 33093	1401079		ATCC 33093					GCF_000525775.1-RS_2025_12_13	2025-12-13	1806210		30	Contig	2014-01-30	JALU01	30	44.5							1655	Clostridia	97.95	
ASM143429v1	GCF_001434295.1	GCA_001434295.1	Companilactobacillus versmoldensis DSM 14857 = KCTC 3814	1423815		DSM 14857					GCF_001434295.1-RS_2025_03_28	2025-03-28	2373204		62	Contig	2015-11-06	AZFA01	62	38.5							2344	Lactobacillaceae	99.13	0.89
ASM19047v1	GCF_000190475.1	GCA_000190475.2	Ornithinibacillus scapharcae TW25	981383		TW25					GCF_000190475.1-RS_2025_03_20	2025-03-20	3843870		75	Contig	2011-02-25	AEWH01	75	36.5							3967	Bacillaceae	94.91	0.86
IMG-taxon 2593339158 annotated assembly	GCF_900107245.1	GCA_900107245.1	Lachnobacterium bovis DSM 14045	1122142		DSM 14045					GCF_900107245.1-RS_2025_12_13	2025-12-13	2717066		63	Scaffold	2016-10-22	FNPG01	58	31.5							2499	Lachnobacterium bovis	89.96	8.55
ASM143443v1	GCF_001434435.1	GCA_001434435.1	Lactobacillus kitasatonis DSM 16761 = JCM 1039	1423767		DSM 16761					GCF_001434435.1-RS_2025_03_28	2025-03-28	1911334		55	Scaffold	2015-11-06	AZFU01	45	37.5							1990	Lactobacillus	99.03	0.16
ASM42630v1	GCF_000426305.1	GCA_000426305.1	Anaerovorax odorimutans DSM 5092	1120998		DSM 5092					GCF_000426305.1-RS_2024_12_16	2024-12-16	3263520		57	Scaffold	2013-07-11	AUFC01	54	31.5							3024	Clostridia	98.86	0.45
ASM37842v1	GCF_000378425.1	GCA_000378425.1	Cohnella laeviribosi DSM 21336	1121346		DSM 21336					GCF_000378425.1-RS_2025_05_02	2025-05-02	4476185		109	Scaffold	2013-04-23	ARKG01	102	57.5							4276	Cohnella	98.99	1.37
ASM38002v1	GCF_000380025.1	GCA_000380025.1	Streptococcus entericus DSM 14446	1123302		DSM 14446					GCF_000380025.1-RS_2025_03_15	2025-03-15	2036468		35	Scaffold	2013-04-23	ARCC01	33	44.5							2084	Streptococcus	98.42	0.66
ASM400082v1	GCF_004000825.1	GCA_004000825.1	Paenibacillus kobensis NBRC 15729	1220566		NBRC 15729					GCF_004000825.1-RS_2025_12_10	2025-12-10	6469217		167	Contig	2018-12-29	BILZ01	167	52							5796	Paenibacillus	98.61	1.17
ASM155340v1	GCF_001553405.1	GCA_001553405.1	Megasphaera hutchinsoni	1588748		KA00182					GCF_001553405.1-RS_2025_12_11	2025-12-11	1566925		53	Scaffold	2016-02-08	LSDT01	33	39							1486	Megasphaera	99.92	
Allo_otit_ATCC_51267_V1	GCF_000315445.1	GCA_000315445.1	Alloiococcus otitis ATCC 51267	883081		ATCC 51267					GCF_000315445.1-RS_2025_05_02	2025-05-02	1806596		35	Scaffold	2012-11-30	AGXA01	8	44.5							1684	Carnobacteriaceae	96.4	1.57
ASM143425v1	GCF_001434255.1	GCA_001434255.1	Lentilactobacillus diolivorans DSM 14421	1423739		DSM 14421					GCF_001434255.1-RS_2025_03_29	2025-03-29	3261379		127	Scaffold	2015-11-06	AZEY01	109	40							3074	Lactobacillaceae	99.02	0.11
ASM143493v1	GCF_001434935.1	GCA_001434935.1	Liquorilactobacillus uvarum DSM 19971	1423812		DSM 19971					GCF_001434935.1-RS_2025_03_30	2025-03-30	2686405		171	Scaffold	2015-11-06	AZEG01	164	37							2672	Lactobacillaceae	99.35	1.63
ASM42502v1	GCF_000425025.1	GCA_000425025.1	Streptococcus castoreus DSM 17536	1123299		DSM 17536					GCF_000425025.1-RS_2025_04_21	2025-04-21	1883536		46	Scaffold	2013-07-11	AUKZ01	42	38							1864	Streptococcus	99.38	0.39
ASM51313v1	GCF_000513135.1	GCA_000513135.1	Halalkalibacter akibai JCM 9157	1236973		JCM 9157					GCF_000513135.1-RS_2025_08_08	2025-08-08	4740369		142	Contig	2013-12-30	BAUV01	142	37							4857	Bacillaceae	93.53	2.9
ASM159208v1	GCF_001592085.1	GCA_001592085.1	Levilactobacillus senmaizukei DSM 21775 = NBRC 103853	1423803		NBRC 103853					GCF_001592085.1-RS_2025_08_12	2025-08-12	2209656		74	Contig	2016-02-27	BCWD01	74	48.5							2181	Lactobacillaceae	98.37	
ASM38100v1	GCF_000381005.1	GCA_000381005.1	Selenomonas bovis DSM 23594	1123250		DSM 23594					GCF_000381005.1-RS_2025_04_01	2025-04-01	2688760		82	Scaffold	2013-04-24	ARLB01	75	59							2605	Selenomonas bovis	99.21	3.83
ASM37836v1	GCF_000378365.1	GCA_000378365.1	Megamonas rupellensis DSM 19944	1122217		DSM 19944					GCF_000378365.1-RS_2025_04_22	2025-04-22	2330046		71	Scaffold	2013-04-23	ARKD01	70	31.5							2299	Megamonas	99.49	0.39
ASM42314v1	GCF_000423145.1	GCA_000423145.1	Helcococcus sueciensis DSM 17243	1121947		DSM 17243					GCF_000423145.1-RS_2025_03_28	2025-03-28	1573767		45	Scaffold	2013-07-11	AUHK01	43	28.5							1474	Bacteria	96.55	
ASM37622v1	GCF_000376225.1	GCA_000376225.1	Effusibacillus pohliae DSM 22757	1120973		DSM 22757					GCF_000376225.1-RS_2025_12_10	2025-12-10	3363524		135	Contig	2013-04-20	AQXL01	135	55							3572	Alicyclobacillaceae	98.75	
ASM37998v1	GCF_000379985.1	GCA_000379985.1	Streptococcus caballi DSM 19004	1123298		DSM 19004					GCF_000379985.1-RS_2025_03_28	2025-03-28	2122044		63	Scaffold	2013-04-23	ARCA01	62	40.5							2200	Streptococcus	98.75	0.77
ASM38096v1	GCF_000380965.1	GCA_000380965.1	Paenibacillus ginsengihumi DSM 21568	1122919		DSM 21568					GCF_000380965.1-RS_2025_05_02	2025-05-02	5675308		154	Scaffold	2013-04-24	ARKW01	144	57							5196	Paenibacillus	98.89	
ASM21397v1	GCF_000213975.1	GCA_000213975.1	Centipeda periodontii DSM 2778	888060		DSM 2778					GCF_000213975.1-RS_2025_05_01	2025-05-01	2761262		71	Scaffold	2011-05-20	AFHQ01	10	56							2615	Selenomonadales	99.1	0.2
ASM51702v1	GCF_000517025.1	GCA_000517025.1	Halonatronum saccharophilum DSM 13868	926692		DSM 13868					GCF_000517025.1-RS_2025_05_02	2025-05-02	2884521		99	Scaffold	2014-01-08	AZYG01	8	33.5							2806	Halobacteroidaceae	99.26	
ASM43068v1	GCF_000430685.1	GCA_000430685.1	Tuberibacillus calidus DSM 17572	1123405		DSM 17572					GCF_000430685.1-RS_2025_05_02	2025-05-02	3242009		90	Scaffold	2013-07-16	AUMM01	81	44							3252	Sporolactobacillaceae	99.42	1.04
ASM155225v1	GCF_001552255.1	GCA_001552255.1	Alicyclobacillus shizuokensis NBRC 103103	1220573		NBRC 103103					GCF_001552255.1-RS_2025_09_02	2025-09-02	3628929		148	Contig	2016-02-03	BCQV01	148	59							3642	Alicyclobacillus	98.06	4.49
ASM43078v1	GCF_000430785.1	GCA_000430785.1	Ectobacillus panaciterrae DSM 19096	1121093		DSM 19096					GCF_000430785.1-RS_2025_05_02	2025-05-02	5411691		211	Scaffold	2013-07-16	AUMR01	189	40.5							5510	Bacillaceae	98.23	2.12
ASM42952v1	GCF_000429525.1	GCA_000429525.1	Alicyclobacillus contaminans DSM 17975	1120971		DSM 17975					GCF_000429525.1-RS_2025_05_02	2025-05-02	3272318		112	Scaffold	2013-07-15	AUCA01	111	58							3444	Alicyclobacillus	99.08	0.69
ASM42566v1	GCF_000425665.1	GCA_000425665.1	Gemella cuniculi DSM 15828	1121914		DSM 15828					GCF_000425665.1-RS_2025_05_02	2025-05-02	1869681		40	Scaffold	2013-07-11	AUDW01	31	29							1752	Gemella	99.35	
ASM14767v1	GCF_000147675.1	GCA_000147675.2	Peptostreptococcus stomatis DSM 17678	596315		DSM 17678					GCF_000147675.1-RS_2025_12_13	2025-12-13	1988044		74	Contig	2010-09-09	ADGQ01	74	36.5							1881	Peptostreptococcus	99.27	0.07
ASM42982v1	GCF_000429825.1	GCA_000429825.1	Cohnella thermotolerans DSM 17683	1121347		DSM 17683					GCF_000429825.1-RS_2025_03_28	2025-03-28	5051029		156	Scaffold	2013-09-05	AUCP01	138	58.5							4837	Cohnella	97.29	0.65
ASM154435v1	GCF_001544355.1	GCA_001544355.1	Alicyclobacillus acidiphilus NBRC 100859	1255277		NBRC 100859					GCF_001544355.1-RS_2025_08_19	2025-08-19	3865262		165	Contig	2016-01-29	BCQI01	165	55							3762	Alicyclobacillus	95.79	4.84
ASM43062v1	GCF_000430625.1	GCA_000430625.1	Aneurinibacillus terranovensis DSM 18919	1121002		DSM 18919					GCF_000430625.1-RS_2025_05_02	2025-05-02	4247673		126	Scaffold	2013-07-16	AUMJ01	98	45							4434	Paenibacillaceae	98.16	1.64
ASM70206v1	GCF_000702065.1	GCA_000702065.1	Kandleria vitulina DSM 20405	1410657		DSM 20405					GCF_000702065.1-RS_2025_04_07	2025-04-07	2126709		79	Scaffold	2014-06-11	JNKN01	75	35							2216	Kandleria vitulina	98.53	0.5
ASM400084v1	GCF_004000845.1	GCA_004000845.1	Paenibacillus koleovorans NBRC 103111	1220568		NBRC 103111					GCF_004000845.1-RS_2025_09_09	2025-09-09	7544267		284	Contig	2018-12-29	BIMA01	284	55							6537	Paenibacillus	98.69	0.3
ASM16083v1	GCF_000160835.1	GCA_000160835.1	Limosilactobacillus antri DSM 16041	525309		DSM 16041					GCF_000160835.1-RS_2025_03_29	2025-03-29	2302896		76	Scaffold	2009-09-22	ACLL01	20	51							2205	Lactobacillaceae	99.35	0.08
ASM143657v1	GCF_001436575.1	GCA_001436575.1	Lactobacillus gigeriorum DSM 23908 = CRBIP 24.85	1423751		DSM 23908					GCF_001436575.1-RS_2025_03_29	2025-03-29	1906034		116	Contig	2015-11-06	AYZO01	116	37							1930	Lactobacillus	98.39	0.16
ASM38010v1	GCF_000380105.1	GCA_000380105.1	Streptococcus orisratti DSM 15617	1123311		DSM 15617					GCF_000380105.1-RS_2025_05_02	2025-05-02	2416134		92	Scaffold	2013-04-23	ARCG01	90	38.5							2431	Streptococcus	99.87	0.4
ASM37434v1	GCF_000374345.1	GCA_000374345.1	Heyndrickxia acidiproducens DSM 23148	444461		DSM 23148					GCF_000374345.1-RS_2025_04_07	2025-04-07	3318479		111	Scaffold	2013-04-23	ARFQ01	103	44.5							3335	Bacillaceae	99.34	
ASM143445v1	GCF_001434455.1	GCA_001434455.1	Ligilactobacillus hayakitensis DSM 18933 = JCM 14209	1423755		DSM 18933					GCF_001434455.1-RS_2025_03_28	2025-03-28	1685542		133	Scaffold	2015-11-06	AZGD01	108	34							1738	Lactobacillaceae	97.06	
ASM42934v1	GCF_000429345.1	GCA_000429345.1	Desulfovirgula thermocuniculi DSM 16036	1121468		DSM 16036					GCF_000429345.1-RS_2025_05_02	2025-05-02	3060447		138	Scaffold	2013-09-05	AUBR01	131	61.5							3353	Thermoanaerobacteraceae	99.76	
ASM2967504v1	GCF_029675045.1	GCA_029675045.1	Catenibacterium mitsuokai subsp. tridentinum	3035606		CMD8551					GCF_029675045.1-RS_2025_06_08	2025-06-08	2323892		113	Contig	2023-04-11	JARNBK01	113	33.5							2368	Erysipelotrichales	100	
ASM70216v1	GCF_000702165.1	GCA_000702165.1	Sharpea azabuensis DSM 18934	1410674		DSM 18934					GCF_000702165.1-RS_2025_03_27	2025-03-27	2411783		94	Scaffold	2014-06-11	JNKU01	91	37							2502	Erysipelotrichales	98.74	1.26
ASM31523v1	GCF_000315235.1	GCA_000315235.1	Paenibacillus popilliae ATCC 14706	1212764		ATCC 14706					GCF_000315235.1-RS_2025_04_07	2025-04-07	3833720		583	Contig	2012-11-06	BALG01	583	51							4155	Paenibacillus	94.53	0.39
ASM49543v3	GCF_000495435.3	GCA_000495435.3	Youngiibacter fragilis 232.1	994573		232.1					GCF_000495435.3-RS_2025_08_07	2025-08-07	3988233		242	Scaffold	2013-12-09	AXUN02	240	46.5							3907	Clostridiaceae	92.7	7.48
ASM51738v1	GCF_000517385.1	GCA_000517385.1	Mesobacillus boroniphilus JCM 21738	1294265		JCM 21738					GCF_000517385.1-RS_2025_08_08	2025-08-08	4364535		240	Contig	2014-01-07	BAUW01	240	42							4805	Bacillaceae	70.41	0.32
ASM29711v1	GCF_000297115.1	GCA_000297115.1	Caloramator australicus RC3	857293		RC3					GCF_000297115.1-RS_2025_04_11	2025-04-11	2638447		161	Contig	2012-07-23	CAKP01	161	33							2822	Clostridiaceae	98.55	1.59
ASM52667v1	GCF_000526675.1	GCA_000526675.1	Atopobacter phocae ATCC BAA-285	1336234		ATCC BAA-285					GCF_000526675.1-RS_2025_05_02	2025-05-02	1666387		82	Contig	2014-01-14	JAGN01	82	34.5							1662	Carnobacteriaceae	96.03	0.3
ASM24689v2	GCF_000246895.1	GCA_000246895.2	Clostridium arbusti SL206	545243		SL206					GCF_000246895.1-RS_2025_09_09	2025-09-09	3970278		243	Contig	2012-02-06	BAEV01	243	30							3783	Clostridium	98.55	1.4
NMG01	GCF_000498955.2	GCA_000498955.2	Lactiplantibacillus fabifermentans DSM 21115	1413187		DSM 21115					GCF_000498955.2-RS_2025_03_28	2025-03-28	3279100		199	Scaffold	2015-11-06	AYGX02	181	45							3221	Lactobacillaceae	99.02	1.09
ASM143539v1	GCF_001435395.1	GCA_001435395.1	Liquorilactobacillus vini DSM 20605	1133569		DSM 20605					GCF_001435395.1-RS_2025_03_28	2025-03-28	2238031		272	Scaffold	2015-11-06	AYYX01	269	37.5							2307	Lactobacillaceae	96.62	0.22
ASM46946v1	GCF_000469465.1	GCA_000469465.1	Gemella bergeri ATCC 700627	1321820		ATCC 700627					GCF_000469465.1-RS_2025_05_02	2025-05-02	1604508		104	Scaffold	2013-09-20	AWVP01	89	30.5							1541	Gemella	91.68	0.51
ASM42958v1	GCF_000429585.1	GCA_000429585.1	Atopococcus tabaci DSM 17538	1121024		DSM 17538					GCF_000429585.1-RS_2025_03_28	2025-03-28	2267201		142	Scaffold	2013-09-05	AUCD01	139	45.5							2382	Carnobacteriaceae	98.31	0.25
ASM159148v1	GCF_001591485.1	GCA_001591485.1	Neobacillus fumarioli NBRC 102428	1314754		NBRC 102428					GCF_001591485.1-RS_2025_08_12	2025-08-12	3294206		283	Contig	2016-02-27	BCUZ01	283	40.5							3364	Bacillaceae	98.71	0.22
ASM46932v1	GCF_000469325.1	GCA_000469325.1	Schleiferilactobacillus shenzhenensis LY-73	1231336		LY-73					GCF_000469325.1-RS_2025_05_02	2025-05-02	3271684		306	Scaffold	2013-09-27	AVAA01	62	56.5							3048	Lactobacillaceae	98.17	1.82
s8	GCF_000520715.1	GCA_000520715.1	Paenibacillus zanthoxyli JH29	1333860		JH29					GCF_000520715.1-RS_2024_12_16	2024-12-16	5045676		714	Contig	2014-01-15	ASSD01	714	51							5327	Paenibacillus	97.03	2.55
ASM2327640v1	GCF_023276405.1	GCA_023276405.1	Paenibacillus hamazuiensis	2936508		YIM B00624					GCF_023276405.1-RS_2025_03_29	2025-03-29	8795693		2	Contig	2022-05-08	JALRMO01	2	53.5							7726	Paenibacillus	99.17	1.42
ASM3001495v1	GCF_030014955.1	GCA_030014955.1	Cohnella hashimotonis	2826895		F6_2S_P_1					GCF_030014955.1-RS_2025_06_24	2025-06-24	9061581		4	Contig	2023-05-12	JAGRPV01	4	58.5							7256	Cohnella	94.39	14.96
ASM4264710v1	GCF_042647105.1	GCA_042647105.1	Paenibacillus sepulcri	359917		CCM 7311					GCF_042647105.1-RS_2025_11_20	2025-11-20	8837805		2	Contig	2024-10-05	JBHRUP01	2	51.5							7598	Paenibacillus	99.44	0.85
ASM1693751v1	GCF_016937515.1	GCA_016937515.1	Cohnella algarum	2044859		Pch-40					GCF_016937515.1-RS_2025_03_28	2025-03-28	6209985		2	Contig	2021-02-24	JAFHKM01	2	57.5							5744	Cohnella	91.16	9.81
ASM521761v1	GCF_005217615.1	GCA_005217615.1	Brevibacillus antibioticus	2570228		TGS2-1					GCF_005217615.1-RS_2025_04_22	2025-04-22	6181736		2	Contig	2019-05-06	SZNK01	2	47							5919	Brevibacillus	97.04	1.72
PRJEB24722	GCF_900258535.1	GCA_900258535.1	Blautia marasmi	1917868		Marseille-P2377					GCF_900258535.1-RS_2024_12_16	2024-12-16	6170525		5	Contig	2018-02-14	OIWX01	5	46.5							5449	Blautia	98.3	2.18
ASM2882610v1	GCF_028826105.1	GCA_028826105.1	Paenibacillus humicola	3110540		TW40					GCF_028826105.1-RS_2025_03_28	2025-03-28	5930246		2	Contig	2023-02-23	JAQGPL01	2	57							5486	Paenibacillus	99.17	0.25
ASM983028v1	GCF_009830285.1	GCA_009830285.1	Sporofaciens musculi	2681861		WCA-9-b2					GCF_009830285.1-RS_2025_12_13	2025-12-13	5763728	1	3	Contig	2020-01-04	WUQX01	3	44.5							5983	Lachnospiraceae	97.5	2.6
ASM1324897v1	GCF_013248975.1	GCA_013248975.1	Neobacillus endophyticus	2738405		BRMEA1					GCF_013248975.1-RS_2025_09_29	2025-09-29	5632809		3	Contig	2020-06-02	JABRWH01	3	38.5							5738	Bacillaceae	99.35	1.29
ASM1293355v1	GCF_012933555.1	GCA_012933555.1	Niallia alba	2729105		UniB3					GCF_012933555.1-RS_2025_12_11	2025-12-11	5241236		2	Contig	2020-04-29	JABBPK01	2	35.5							5014	Bacillaceae	95.48	2.42
ASM3016792v1	GCF_030167925.1	GCA_030167925.1	Paenibacillus silviterrae	3242194		UW52					GCF_030167925.1-RS_2025_08_29	2025-08-29	7436003		4	Contig	2023-06-05	JASKUT01	4	51.5							6677	Paenibacillus	99.17	0.67
BHP_1	GCF_000746925.1	GCA_000746925.1	Bacillus clarus	2338372		BHP					GCF_000746925.1-RS_2025_04_02	2025-04-02	5875917		12	Contig	2014-09-02	JMQC01	12	35.5							6166	Bacillus	98.53	1.03
ASM1419389v1	GCF_014193895.1	GCA_014193895.1	Clostridium fungisolvens	1604897		TW1					GCF_014193895.1-RS_2025_08_26	2025-08-26	5283768		9	Contig	2020-08-06	BLZR01	9	31.5							4697	Clostridium	99.38	3
ASM4655777v1	GCF_046557775.1	GCA_046557775.1	Nanhaiella sioensis	3115293		SCS-151					GCF_046557775.1-RS_2025_07_20	2025-07-20	5314563		4	Contig	2025-01-08	JBKAEG01	4	34.5							5020	Bacillus	98.24	1.23
ASM2365651v1	GCF_023656515.1	GCA_023656515.1	Clostridium swellfunianum	1367462		CICC 10730					GCF_023656515.1-RS_2025_06_11	2025-06-11	4763217		6	Contig	2022-06-06	JAMOFV01	6	34.5							4496	Clostridium	100	4.36
ASM2601201v1	GCF_026012015.1	GCA_026012015.1	Clostridium omnivorum	1604902		E14					GCF_026012015.1-RS_2025_07_07	2025-07-07	4656869		2	Contig	2022-08-09	BRXR01	2	32.5							4468	Clostridium	100	5.73
ASM3471889v1	GCF_034718895.1	GCA_034718895.1	Paenibacillus phoenicis	554117		3PO2SA					GCF_034718895.1-RS_2025_12_09	2025-12-09	4737585		7	Contig	2023-12-27	JAYERP01	7	52.5							4436	Paenibacillus	99.72	
ASM2434522v1	GCF_024345225.1	GCA_024345225.1	Inconstantimicrobium mannanitabidum	1604901		TW13					GCF_024345225.1-RS_2025_04_20	2025-04-20	4636313		2	Contig	2022-07-05	BROD01	2	30.5							4347	Clostridium	97.52	4.35
ASM3073202v2	GCF_030732025.2	GCA_030732025.2	Neobacillus driksii	3035913		179-C4-2-HS					GCF_030732025.2-RS_2025_12_02	2025-12-02	6172610		14	Contig	2024-09-16	JAROBZ02	14	38.5							5991	Bacillaceae	99.35	2.75
ASM3233405v1	GCF_032334055.1	GCA_032334055.1	Anaeroselena agilis	3063788		4137-cl					GCF_032334055.1-RS_2025_02_01	2025-02-01	4502734		3	Contig	2023-10-03	JAUOZS01	3	59							4626	Selenomonadales	98.8	5.61
P9898	GCF_903166545.1	GCA_903166545.1	Metabacillus schmidteae	2730405		Marseille-P9898					GCF_903166545.1-RS_2025_12_11	2025-12-11	5499502		3	Contig	2020-06-05	CAESCH01	3	36							5437	Bacillaceae	99.35	1.85
Q1234	GCF_902726645.1	GCA_902726645.1	Halobacillus ihumii	2686092		Marseille-Q1234					GCF_902726645.1-RS_2025_03_28	2025-03-28	4341559		4	Contig	2020-02-10	CACVAO01	4	41							4438	Halobacillus	87.35	14.54
ASM1417440v1	GCF_014174405.1	GCA_014174405.1	Variimorphobacter saccharofermentans	2755051		MD1					GCF_014174405.1-RS_2025_12_13	2025-12-13	4163427		4	Contig	2020-08-12	JACEGA01	4	38.5							3663	Lachnospiraceae	97.92	1.34
ASM1983716v1	GCF_019837165.1	GCA_019837165.1	Virgibacillus saliphilus	2831674		NKC19-3					GCF_019837165.1-RS_2025_09_24	2025-09-24	4054365		2	Contig	2021-08-31	JAGYHC01	2	39							3921	Bacillaceae	94.66	3.12
ASM1828367v1	GCF_018283675.1	GCA_018283675.1	Metabacillus flavus	2823519		KIGAM252					GCF_018283675.1-RS_2025_05_31	2025-05-31	4032488		2	Contig	2021-05-05	JAGVRK01	2	44							4129	Bacillaceae	98.15	0.05
ASM2370558v1	GCF_023705585.1	GCA_023705585.1	Collibacillus ludicampi	2771369		TP075					GCF_023705585.1-RS_2025_08_08	2025-08-08	4090762		7	Contig	2022-04-29	BOQE01	7	46.5							4211	Alicyclobacillaceae	98.93	5.48
PRJEB35829	GCF_902726655.1	GCA_902726655.1	Virgibacillus ihumii	2686091		Marseille-Q1233					GCF_902726655.1-RS_2025_05_05	2025-05-05	3866282		2	Contig	2020-04-15	CACVAN01	2	41							3877	Bacillaceae	99.35	0.77
ASM4264830v1	GCF_042648305.1	GCA_042648305.1	Enterococcus rivorum	762845		CCM 7986					GCF_042648305.1-RS_2025_11_20	2025-11-20	3895141		2	Contig	2024-10-05	JBHRXB01	2	35							3666	Enterococcus	95.88	3.07
PRJEB27165	GCF_900604355.1	GCA_900604355.1	Luxibacter massiliensis	2219695		Marseille-P5551					GCF_900604355.1-RS_2025_12_13	2025-12-13	4142938		3	Contig	2018-10-31	UWOE01	3	44.5							3921	Lachnospiraceae	98.06	1.57
ASM201973v1	GCF_002019735.1	GCA_002019735.1	Salipaludibacillus agaradhaerens	76935		DSM 8721					GCF_002019735.1-RS_2025_12_10	2025-12-10	4319439		2	Scaffold	2017-03-06	MTIU01	1	39							4009	Bacillaceae	99.35	
ASM201979v1	GCF_002019795.1	GCA_002019795.1	Alkalihalobacterium alkalicellulosilyticum	1912214		FJAT-44921					GCF_002019795.1-RS_2025_03_09	2025-03-09	4751847		7	Scaffold	2017-03-06	MTIY01	4	37.5							4800	Bacillus	98.77	1.58
Numidum massiliensis	GCF_001375555.1	GCA_001375555.1	Numidum massiliense	1522315		mt3					GCF_001375555.1-RS_2025_12_11	2025-12-11	3755739		9	Contig	2015-04-20	CTDZ01	9	51							3490	Bacillaceae	90.17	1.02
ASM412314v1	GCF_004123145.1	GCA_004123145.1	Blautia faecicola	2509240		KGMB01111					GCF_004123145.1-RS_2025_12_13	2025-12-13	3738517		5	Contig	2019-01-30	SDKC01	5	44.5							3507	Blautia	94	2.81
ASM1828345v1	GCF_018283455.1	GCA_018283455.1	Planococcus alpniumensis	2708345		MSAK28401					GCF_018283455.1-RS_2025_08_23	2025-08-23	3930779		10	Contig	2021-05-05	JAAMTH01	10	47							4021	Planococcus	86	12.16
ASM1428735v1	GCF_014287355.1	GCA_014287355.1	Ruminococcus hominis	2763065		NSJ-13					GCF_014287355.1-RS_2025_07_15	2025-07-15	3454944		3	Contig	2020-08-24	JACOPE01	3	38.5							3218	Ruminococcus	99.17	2.86
ASM4267854v1	GCF_042678545.1	GCA_042678545.1	Paenibacillus provencensis	441151		CCUG 53519					GCF_042678545.1-RS_2025_11_20	2025-11-20	5687847		28	Contig	2024-10-06	JBHTKX01	28	45							5412	Paenibacillus	99.67	0.22
Niameyia massiliensis	GCF_001282685.1	GCA_001282685.1	Niameybacter massiliensis	1658108		Mt14					GCF_001282685.1-RS_2025_12_13	2025-12-13	4578674		12	Scaffold	2015-08-20	CXYW01	11	34.5							4339	Lachnospiraceae	98.12	5.13
PRJEB6479_assembly_1	GCF_000821325.1	GCA_000821325.2	Planococcus massiliensis	1499687		ES2					GCF_000821325.1-RS_2025_12_09	2025-12-09	3357017		1	Contig	2014-10-09	CCXS01	1	46							3422	Planococcus	82.66	9.03
PRJEB23758	GCF_900240245.1	GCA_900240245.1	Lachnoclostridium edouardi	1926283		Marseille-P3397					GCF_900240245.1-RS_2024_12_13	2024-12-13	3329949		6	Contig	2018-01-02	OESQ01	6	42.5							3193	Lachnospiraceae	99.38	0.62
ASM4243232v1	GCF_042432325.1	GCA_042432325.1	Fictibacillus aquaticus	2021314		CCM 8782					GCF_042432325.1-RS_2025_05_11	2025-05-11	3914006		11	Contig	2024-09-28	JBHLXL01	11	44							4058	Bacillaceae	98.6	0.32
Q1616	GCF_902806455.1	GCA_902806455.1	Virgibacillus doumboii	2697503		Marseille-Q1616					GCF_902806455.1-RS_2025_05_05	2025-05-05	3911979		4	Contig	2020-02-18	CADCWQ01	4	40							4025	Bacillaceae	99.03	0.81
ASM4071914v1	GCF_040719145.1	GCA_040719145.1	Paenibacillus kandeliae	3231269		JQZ6Y-1					GCF_040719145.1-RS_2025_07_17	2025-07-17	5613326		16	Contig	2024-07-15	JBFDUZ01	16	47							4806	Paenibacillus	87.45	1.01
PRJEB24950	GCF_900291975.1	GCA_900291975.1	Agathobaculum massiliense	3014267		Marseille-P4005					GCF_900291975.1-RS_2025_12_11	2025-12-11	3218823		2	Contig	2018-03-23	OMPN01	2	56.5							3315	Clostridiales	99.12	1.54
ASM1891920v1	GCF_018919205.1	GCA_018919205.1	Dysosmobacter acutus	2841504		MSJ-2					GCF_018919205.1-RS_2025_04_01	2025-04-01	3161374		2	Contig	2021-06-16	JAHLQN01	2	58.5							3116	Ruminococcaceae	94.41	2.82
ASM1665143v1	GCF_016651435.1	GCA_016651435.1	Catonella massiliensis	2799636		Marseille-Q4567					GCF_016651435.1-RS_2025_12_13	2025-12-13	3122925		3	Contig	2021-01-16	JAEPRJ01	3	39							2838	Lachnospiraceae	98.75	0.62
52654_E01	GCF_900461105.1	GCA_900461105.1	Clostridium putrefaciens	99675		NCTC9836					GCF_900461105.1-RS_2025_04_12	2025-04-12	3121953		5	Contig	2018-08-07	UFWZ01	5	30.5							2939	Clostridium	99.38	0.93
PRJEB24600	GCF_900290265.1	GCA_900290265.1	Clostridium cagae	2080751		Marseille-P4344					GCF_900290265.1-RS_2025_08_20	2025-08-20	3738409		10	Contig	2018-02-21	OKRA01	10	27.5							3515	Clostridium	98.76	
ASM1463915v1	GCF_014639155.1	GCA_014639155.1	Paenibacillus segetis	1325360		CGMCC 1.12769					GCF_014639155.1-RS_2025_09_02	2025-09-02	5502902		20	Scaffold	2020-09-12	BMFT01	18	42.5							5161	Paenibacillus	98.61	1.82
ASM201970v1	GCF_002019705.1	GCA_002019705.1	Shouchella patagoniensis	228576		DSM 16117					GCF_002019705.1-RS_2025_07_22	2025-07-22	4646905		7	Scaffold	2017-03-06	MTIX01	3	39.5							4918	Bacillaceae	99.35	0.66
ASM1176147v1	GCF_011761475.1	GCA_011761475.1	Saccharococcus thermophilus	29396		DSM 4749					GCF_011761475.1-RS_2025_04_19	2025-04-19	3145141		3	Contig	2020-03-27	JAASRS01	3	45							3249	Bacillales	98.51	
ASM4268638v1	GCF_042686385.1	GCA_042686385.1	Fictibacillus nanhaiensis	742169		KCTC 13712					GCF_042686385.1-RS_2025_05_11	2025-05-11	3912427		16	Contig	2024-10-07	JBHUPF01	16	39.5							4066	Bacillaceae	98.6	0.97
ASM2160822v1	GCF_021608225.1	GCA_021608225.1	Pseudalkalibacillus berkeleyi	1069813		KCTC 12718					GCF_021608225.1-RS_2025_05_11	2025-05-11	3496200		8	Contig	2022-01-25	JAKIJS01	8	39							3665	Bacillaceae	99.35	1.61
B095	GCF_947568225.1	GCA_947568225.1	Faecalispora anaeroviscerum	2991836		CIES53					GCF_947568225.1-RS_2025_12_13	2025-12-13	2921941		2	Contig	2023-04-29	CANOOQ01	2	50.5							2853	Ruminococcaceae	98.64	1.39
ASM357429v1	GCF_003574295.1	GCA_003574295.1	Mediterraneibacter butyricigenes	2316025		KCTC 15684					GCF_003574295.1-RS_2025_12_13	2025-12-13	3034489		7	Contig	2018-09-12	BHGK01	7	44							2957	Lachnospiraceae	98.85	0.16
ASM2143238v1	GCF_021432385.1	GCA_021432385.1	Clostridium hydrogenum	2855764		CUEA01					GCF_021432385.1-RS_2025_12_11	2025-12-11	5501482		5	Contig	2022-01-11	JAEACT01	5	30.5							4964	Clostridium	99.38	4.24
PRJEB16356	GCF_900104635.1	GCA_900104635.1	Coprococcus phoceensis	1870993		Marseille-P3062T					GCF_900104635.1-RS_2025_12_13	2025-12-13	3601259		7	Contig	2016-10-27	FNWC01	7	40							3543	Coprococcus	89.12	17.87
ASM95572v1	GCF_000955725.1	GCA_000955725.1	Anaerocellum danielii	1387557		Wai35.B1					GCF_000955725.1-RS_2025_12_13	2025-12-13	2834482		1	Contig	2015-03-17	LACM01	1	36							2721	Bacteria	100	
ASM194023v1	GCF_001940235.1	GCA_001940235.1	Hornefia porci	2652292		68-3-10					GCF_001940235.1-RS_2025_03_02	2025-03-02	2814507		3	Contig	2017-01-09	MJIE01	3	52.5							2618	Clostridiales	97.73	
ASM1429727v1	GCF_014297275.1	GCA_014297275.1	Clostridium facile	2763035		NSJ-27					GCF_014297275.1-RS_2025_07_15	2025-07-15	2744478		2	Contig	2020-08-25	JACOQK01	2	39.5							2302	Clostridium	97.36	0.62
ASM235276v2	GCF_002352765.1	GCA_002352765.2	Alteribacter populi	2011011		FJAT-45347					GCF_002352765.1-RS_2025_04_30	2025-04-30	4517958		5	Scaffold	2017-09-19	NISR01	3	40.5							4237	Bacillaceae	98.71	1.02
PRJEB5515_assembly_1	GCF_000723585.1	GCA_000723585.1	Virgibacillus salexigens	61016		Vm-5					GCF_000723585.1-RS_2025_03_21	2025-03-21	4353177		7	Contig	2014-05-16	CCDP01	7	37							4427	Bacillaceae	99.3	0.97
ASM1573215v1	GCF_015732155.1	GCA_015732155.1	Pectinatus sottacetonis	1002795		MB620					GCF_015732155.1-RS_2024_12_16	2024-12-16	2691682		2	Contig	2020-12-03	WIQK01	2	35.5							2543	Selenomonadales	98.1	1.4
ASM127894v1	GCF_001278945.1	GCA_001278945.1	Lysinibacillus contaminans	1293441		DSM 25560					GCF_001278945.1-RS_2025_05_02	2025-05-02	4100313		13	Scaffold	2015-09-04	LGRV01	9	37.5							3956	Lysinibacillus	76.46	9.52
ASM1559454v1	GCF_015594545.1	GCA_015594545.1	Staphylococcus durrellii	2781773		27_4_6_LY					GCF_015594545.1-RS_2025_12_11	2025-12-11	2633706		3	Contig	2020-11-18	JADIIO01	3	32.5							2601	Staphylococcus	99.66	1.39
PRJEB19430	GCF_900166635.1	GCA_900166635.1	Oceanobacillus timonensis	1926285		Marseille-P3532					GCF_900166635.1-RS_2025_05_03	2025-05-03	4485339		7	Scaffold	2017-03-24	FVZA01	3	39							4377	Oceanobacillus	79.55	20.67
ASM202630v1	GCF_002026305.1	GCA_002026305.1	Vagococcus martis	1768210		D7T301					GCF_002026305.1-RS_2025_12_13	2025-12-13	2561923		3	Contig	2017-03-14	MVAB01	3	34							2507	Enterococcaceae	97.66	1.55
PRJEB28790	GCF_900604485.1	GCA_900604485.1	Enterococcus mediterraneensis	2364791		Marseille-P4358					GCF_900604485.1-RS_2025_03_31	2025-03-31	2699190		3	Contig	2018-10-31	UWOP01	3	41							2681	Enterococcus	98.07	2.2
50305_E01	GCF_900458355.1	GCA_900458355.1	Staphylococcus devriesei	586733		NCTC13828					GCF_900458355.1-RS_2025_04_27	2025-04-27	2402066		3	Contig	2018-08-01	UHCZ01	3	33.5							2389	Staphylococcus	99.51	0.17
ASM371025v1	GCF_003710255.1	GCA_003710255.1	Alteribacter keqinensis	2483800		KQ-3					GCF_003710255.1-RS_2025_05_21	2025-05-21	4178084		12	Contig	2018-11-04	RHIB01	12	45							4091	Bacillaceae	99.35	
PRJEB13168	GCF_900078395.1	GCA_900078395.1	Anaerotruncus rubiinfantis	1720200		MT15					GCF_900078395.1-RS_2025_04_12	2025-04-12	3409026		9	Contig	2016-04-22	FKLA01	9	55							3396	Ruminococcaceae	97.52	2.22
PRJEB20938	GCF_900184255.1	GCA_900184255.1	Haloimpatiens massiliensis	1658110		Mt13					GCF_900184255.1-RS_2025_04_12	2025-04-12	4215834		28	Scaffold	2018-01-02	FXWX01	25	30							3902	Clostridiaceae	98.88	10.32
ASM436920v1	GCF_004369205.1	GCA_004369205.1	Pelotomaculum schinkii	78350		HH					GCF_004369205.1-RS_2025_05_13	2025-05-13	4436185		8	Contig	2019-03-25	QFGA01	8	48.5							4239	Clostridiales	98.25	0.73
ASM3990617v1	GCF_039906175.1	GCA_039906175.1	Limosilactobacillus allomucosae	3142938		WILCCON 0055					GCF_039906175.1-RS_2025_05_30	2025-05-30	2440324		2	Contig	2024-05-29	JBCNVT01	2	46.5							2232	Lactobacillaceae	99.02	
PRJEB13910	GCF_900087015.1	GCA_900087015.1	Christensenella timonensis	1816678		Marseille-P2437T					GCF_900087015.1-RS_2025_12_11	2025-12-11	2650850		2	Contig	2016-05-20	FLKP01	2	51.5							2490	Clostridia	98.91	
ASM279741v1	GCF_002797415.1	GCA_002797415.1	Bacillus alkalisoli	2011008		FJAT-45122					GCF_002797415.1-RS_2025_11_27	2025-11-27	3897731		7	Scaffold	2017-11-28	NISO01	3	36							3952	Bacillus	96.57	0.81
ASM304964v1	GCF_003049645.1	GCA_003049645.1	Metasolibacillus fluoroglycofenilyticus	1239396		cmg86					GCF_003049645.1-RS_2025_05_21	2025-05-21	3600098		43	Contig	2018-04-11	PYWK01	43	38.5							3405	Planococcaceae	90.44	5.23
ASM322634v1	GCF_003226345.1	GCA_003226345.1	Alteribacter lacisalsi	2045244		YSP-3					GCF_003226345.1-RS_2025_12_11	2025-12-11	4047843		12	Contig	2018-06-13	PDOF01	12	48.5							4034	Bacillaceae	99.35	
ASM4265250v1	GCF_042652505.1	GCA_042652505.1	Salinicoccus siamensis	381830		JCM 12822					GCF_042652505.1-RS_2025_03_02	2025-03-02	2454119		6	Contig	2024-10-05	JBHSJR01	6	48.5							2633	Salinicoccus	65.91	9.19
PRJEB22816	GCF_900290205.1	GCA_900290205.1	Anaerolactibacter massiliensis	2044573		Marseille-P4302					GCF_900290205.1-RS_2025_03_28	2025-03-28	3301716		3	Contig	2018-03-01	OLMH01	3	49							3187	Erysipelotrichaceae	99.37	0.67
51395_D01	GCF_900460315.1	GCA_900460315.1	Veillonella criceti	103891		NCTC12020					GCF_900460315.1-RS_2025_04_07	2025-04-07	2245419		5	Contig	2018-08-01	UHIO01	5	38.5							2034	Veillonella	98.49	1.81
ASM1995715v1	GCF_019957155.1	GCA_019957155.1	Anaerococcus murdochii	411577		FDAARGOS_1460					GCF_019957155.1-RS_2025_11_23	2025-11-23	2249959		2	Contig	2021-09-13	JAIPME01	2	35							2243	Anaerococcus	98.77	3.38
ASM2952555v1	GCF_029525555.1	GCA_029525555.1	Cohnella ginsengisoli	425004		DSM 18997					GCF_029525555.1-RS_2025_03_30	2025-03-30	7220644		9	Scaffold	2023-03-30	JAPDHZ01	8	59							7040	Cohnella	79.2	9.85
ASM2021568v1	GCF_020215685.1	GCA_020215685.1	Anaerococcus degeneri	361500		FDAARGOS_1538					GCF_020215685.1-RS_2025_11_23	2025-11-23	2168298	1	3	Scaffold	2021-10-02	JAIWIY01	3	35							2094	Anaerococcus	98.22	3.06
Clostridium niameyense	GCF_001243045.1	GCA_001243045.1	Clostridium niameyense	1622073		MT5					GCF_001243045.1-RS_2025_04_16	2025-04-16	2542842		7	Scaffold	2015-07-21	CVPI01	6	27.5							2493	Clostridium	98.76	
PRJEB21316	GCF_900186535.1	GCA_900186535.1	Marasmitruncus massiliensis	1944642		Marseille-P3646					GCF_900186535.1-RS_2025_04_12	2025-04-12	3761792		5	Contig	2018-01-02	FYDE01	5	50							3642	Ruminococcaceae	99.38	0.08
ASM4815960v1	GCF_048159605.1	GCA_048159605.1	Ectobacillus polymachus	1508806		NBRC 110614					GCF_048159605.1-RS_2025_02_28	2025-02-28	3668677		15	Contig	2025-02-26	JBLREB01	15	37.5							3726	Bacillaceae	98.06	2.91
ASM1463835v1	GCF_014638355.1	GCA_014638355.1	Priestia taiwanensis	1347902		CGMCC 1.12698					GCF_014638355.1-RS_2025_09_02	2025-09-02	3824541		25	Scaffold	2020-09-12	BMFK01	20	37.5							4014	Bacillaceae	98.63	0.7
ASM221773v1	GCF_002217735.1	GCA_002217735.1	Parageobacillus galactosidasius	883812		DSM 18751					GCF_002217735.1-RS_2025_05_03	2025-05-03	3794830		6	Contig	2017-07-13	NDYL01	6	41.5							4029	Bacillales	99.25	1.12
PRJEB19965	GCF_900169495.1	GCA_900169495.1	Provencibacterium massiliense	1841868		Marseille-P2780					GCF_900169495.1-RS_2025_04_12	2025-04-12	3084227		12	Contig	2017-03-14	FWCH01	12	60							2971	Ruminococcaceae	98.76	0.78
Clostridium massilioamazoniensis	GCF_001403635.1	GCA_001403635.1	Clostridium massiliamazoniense	1347366		ND2					GCF_001403635.1-RS_2025_04_12	2025-04-12	3732966		12	Scaffold	2015-10-07	CYSO01	11	27.5							3520	Clostridium	97.52	0.62
ASM4083832v1	GCF_040838325.1	GCA_040838325.1	Leuconostoc aquikimchii	3236804		MS01					GCF_040838325.1-RS_2024_12_22	2024-12-22	2049344		2	Contig	2024-07-24	JBFPER01	2	37.5							2068	Leuconostoc	99.17	0.39
PRJEB18044	GCF_900128425.1	GCA_900128425.1	Anaerococcus urinomassiliensis	1745712		Marseille-P2143T					GCF_900128425.1-RS_2025_12_11	2025-12-11	2190109		11	Scaffold	2016-12-02	FQRX01	10	33.5							2097	Anaerococcus	93.67	7.13
ASM3238067v1	GCF_032380675.1	GCA_032380675.1	Anaerolentibacter hominis	3079009		CSJ-1					GCF_032380675.1-RS_2025_05_06	2025-05-06	3276793		14	Contig	2023-10-04	JAWDIX01	14	47							3023	Lachnospiraceae	96.25	1.55
ASM194028v1	GCF_001940285.1	GCA_001940285.1	Peptoniphilus porci	2652280		35-6-1					GCF_001940285.1-RS_2025_03_09	2025-03-09	2143413		8	Contig	2017-01-09	MJIH01	8	31							2123	Peptoniphilus	96.72	5.31
ASM1428747v1	GCF_014287475.1	GCA_014287475.1	Mediterraneibacter hominis	2763054		NSJ-55					GCF_014287475.1-RS_2025_12_13	2025-12-13	3598112		10	Contig	2020-08-24	JACOPF01	10	41.5							3443	Lachnospiraceae	99.38	1.68
ASM1464107v1	GCF_014641075.1	GCA_014641075.1	Paenibacillus nasutitermitis	1652958		CGMCC 1.15178					GCF_014641075.1-RS_2025_09_02	2025-09-02	8292223		33	Contig	2020-09-12	BMHP01	33	49.5							7240	Paenibacillus	99.01	1.47
PRJEB23816	GCF_900290195.1	GCA_900290195.1	Anaerococcus marasmi	2057797		Marseille-P3557					GCF_900290195.1-RS_2025_03_28	2025-03-28	2130060		5	Contig	2018-03-01	OLMF01	5	35.5							2079	Anaerococcus	98.77	1.91
Q5883	GCF_928097925.1	GCA_928097925.1	Mediannikoviicoccus vaginalis	2899727		Marseille-Q5883					GCF_928097925.1-RS_2025_02_27	2025-02-27	1995177		4	Contig	2022-01-26	CAKMRI01	4	33.5							1866	Peptostreptococcaceae	91.66	
PRJEB21892	GCF_900199435.1	GCA_900199435.1	Pygmaiobacter massiliensis	1917873		Marseille-P3336					GCF_900199435.1-RS_2025_04_12	2025-04-12	2804249		3	Contig	2018-01-02	OAML01	3	49.5							2706	Ruminococcaceae	96.27	
ASM1564536v1	GCF_015645365.1	GCA_015645365.1	Exiguobacterium abrahamii	2785532		TBG-PICH-001					GCF_015645365.1-RS_2025_05_11	2025-05-11	3141454		17	Contig	2020-11-22	JADOYC01	17	47.5							3251	Exiguobacterium	99.36	0.78
PRJEB14116	GCF_900088125.1	GCA_900088125.1	Aedoeadaptatus pacaensis	1776390		Kh-D5					GCF_900088125.1-RS_2025_03_03	2025-03-03	1851572		3	Contig	2016-06-15	FLQT01	3	49.5							1825	Bacteria	96.55	
ASM491697v1	GCF_004916975.1	GCA_004916975.1	Paenibacillus dokdonensis	2567944		YH-JAE5					GCF_004916975.1-RS_2025_05_04	2025-05-04	6476225		12	Scaffold	2019-04-26	STGQ01	5	47.5							5931	Paenibacillus	99.72	0.98
ASM386396v1	GCF_003863965.1	GCA_003863965.1	Paenibacillus oralis	2490856		KCOM 3021					GCF_003863965.1-RS_2025_05_04	2025-05-04	8108289		20	Scaffold	2018-12-04	RRCN01	4	51.5							7355	Paenibacillus	99.72	2.05
PRJEB22908	GCF_900626155.1	GCA_900626155.1	Anaerococcus vaginimassiliensis	2042308		Marseille-P4512					GCF_900626155.1-RS_2025_04_10	2025-04-10	1836452		2	Scaffold	2018-12-05	UZAS01	1	33							1835	Anaerococcus	99.88	0.59
PRJEB20368	GCF_900176615.1	GCA_900176615.1	Clostridium massiliodielmoense	1776385		MT26					GCF_900176615.1-RS_2025_04_12	2025-04-12	2759335		9	Contig	2017-04-27	FXLO01	9	28.5							2769	Clostridium	100	
ASM201959v1	GCF_002019595.1	GCA_002019595.1	Priestia abyssalis	1221450		DSM 25875					GCF_002019595.1-RS_2025_12_11	2025-12-11	5773895		12	Scaffold	2017-03-06	MTIQ01	6	40.5							5664	Bacillaceae	98.71	2.45
PRJEB30006	GCF_900626145.1	GCA_900626145.1	Intestinimonas timonensis	1689270		GD4					GCF_900626145.1-RS_2025_04_10	2025-04-10	3444574		35	Scaffold	2018-12-07	UZAR01	28	59							3646	Clostridiales	99.12	
ASM3952136v1	GCF_039521365.1	GCA_039521365.1	Clostridium malenominatum	1539		JCM 1405					GCF_039521365.1-RS_2024_05_10	2024-05-10	3386754		19	Scaffold	2024-02-23	BAAACF01	18	31							3416	Clostridium	98.14	0.83
Massilibacterium senegalense	GCF_001375675.1	GCA_001375675.1	Massilibacterium senegalense	1632858		mt8					GCF_001375675.1-RS_2025_12_09	2025-12-09	2849407		12	Scaffold	2015-04-22	CTRN01	10	35.5							2917	Bacillaceae	96.88	1.18
PRJEB15310	GCF_900095865.1	GCA_900095865.1	Massilioclostridium coli	1870991		Marseille-P2976T					GCF_900095865.1-RS_2025_03_28	2025-03-28	2985330		7	Contig	2016-09-08	FMIZ01	7	40							2594	Clostridiaceae	87.35	5.45
ASM1463502v1	GCF_014635025.1	GCA_014635025.1	Fictibacillus barbaricus	182136		CCM 4982					GCF_014635025.1-RS_2025_05_11	2025-05-11	4349809		19	Contig	2020-09-12	BMCE01	19	39.5							4442	Bacillaceae	97.96	0.32
PRJEB16359	GCF_900148495.1	GCA_900148495.1	Negativibacillus massiliensis	1871035		Marseille-P3213T					GCF_900148495.1-RS_2025_12_12	2025-12-12	2876881		8	Contig	2017-01-25	FTRU01	8	45.5							2779	Bacteria	98.28	
PRJEB22823	GCF_900240265.1	GCA_900240265.1	Galactobacillus timonensis	2041840		Marseille-P4641					GCF_900240265.1-RS_2025_04_30	2025-04-30	2860181		25	Scaffold	2018-01-02	OEPX01	22	50							2777	Erysipelotrichaceae	97.48	1.26
ASM279735v1	GCF_002797355.1	GCA_002797355.1	Bacillus xiapuensis	2014075		FJAT-46582					GCF_002797355.1-RS_2024_12_13	2024-12-13	3264462		8	Scaffold	2017-11-28	NJAY01	3	44							3332	Bacillus	98.73	0.7
PRJEB30003	GCF_900626135.1	GCA_900626135.1	Senegalia massiliensis	1720316		SIT17					GCF_900626135.1-RS_2025_04_10	2025-04-10	2874011		22	Scaffold	2018-12-07	UZAQ01	15	27.5							3010	Clostridiaceae	97.72	5.45
PRJEB15654	GCF_900099555.1	GCA_900099555.1	Peptoniphilus raoultii	1776387		KHD4					GCF_900099555.1-RS_2025_03_03	2025-03-03	1623601		2	Contig	2016-10-18	FMWM01	2	32							1648	Peptoniphilus	95.13	1.06
ASM201966v1	GCF_002019665.1	GCA_002019665.1	Sutcliffiella halmapala	79882		DSM 8723					GCF_002019665.1-RS_2025_12_11	2025-12-11	4701879		5	Scaffold	2017-03-06	MTIT01	2	37.5							4663	Bacillaceae	99.03	1.4
ASM1430613v1	GCF_014306135.1	GCA_014306135.1	Paeniclostridium hominis	2764329		NSJ-45					GCF_014306135.1-RS_2025_12_13	2025-12-13	3023153		30	Contig	2020-08-26	JACRWD01	30	27							3037	Peptostreptococcaceae	99.34	
ASM4268619v1	GCF_042686195.1	GCA_042686195.1	Corticicoccus populi	1812821		KCTC 33575					GCF_042686195.1-RS_2025_11_20	2025-11-20	2813785		7	Contig	2024-10-07	JBHUOQ01	7	40							2868	Staphylococcaceae	98.25	3.42
PRJEB15308	GCF_900095855.1	GCA_900095855.1	Megasphaera coli	1852379		Marseille-P2911T					GCF_900095855.1-RS_2025_12_11	2025-12-11	1715864		2	Contig	2016-09-08	FMIY01	2	50							1667	Megasphaera	96.04	0.47
PRJEB20369	GCF_900176635.1	GCA_900176635.1	Clostridium merdae	1958780		Marseille-P2953					GCF_900176635.1-RS_2025_04_12	2025-04-12	2748860		4	Contig	2017-04-27	FXLN01	4	45.5							2690	Clostridium	95.6	1.24
ASM2590856v2	GCF_025908565.2	GCA_025908565.2	Weissella fermenti	2987699		BK2					GCF_025908565.2-RS_2025_08_25	2025-08-25	2497578		5	Contig	2023-03-30	JAOZFC02	5	44.5							2437	Weissella	98.73	
ASM2916736v1	GCF_029167365.1	GCA_029167365.1	Amygdalobacter nucleatus	3029274		KA00274					GCF_029167365.1-RS_2025_11_24	2025-11-24	1614203		3	Contig	2023-03-11	JARFNM01	3	39.5							1489	Ruminococcaceae	80.23	0.62
ASM2018094v1	GCF_020180945.1	GCA_020180945.1	Lacticaseibacillus kribbianus	2926292		YH-lac21					GCF_020180945.1-RS_2025_03_29	2025-03-29	2794094		11	Contig	2021-09-29	JAIPUL01	11	63							2618	Lactobacillaceae	98.03	0.52
PRJEB16534	GCF_900106585.1	GCA_900106585.1	Acidaminococcus timonensis	1871002		Marseille-P2764T					GCF_900106585.1-RS_2025_12_11	2025-12-11	2297059		6	Contig	2016-10-27	FNWH01	6	55.5							2202	Acidaminococcus	95.74	5.11
ASM649442v1	GCF_006494425.1	GCA_006494425.1	Bacillus dicomae	3088378		MHSD28					GCF_006494425.1-RS_2025_11_23	2025-11-23	5566342		42	Contig	2019-06-26	VHIV01	42	35							5779	Bacillus	99.41	
PRJEB16530	GCF_900106515.1	GCA_900106515.1	Peptoniphilus lacydonensis	1673725		EL1					GCF_900106515.1-RS_2025_12_09	2025-12-09	1845182		3	Contig	2016-10-27	FNWF01	3	30							1802	Peptoniphilus	96.75	5.56
ASM638580v1	GCF_006385805.1	GCA_006385805.1	Streptococcus xiaochunlingii	2589788		E24					GCF_006385805.1-RS_2025_05_04	2025-05-04	1950659		5	Contig	2019-06-23	VFSG01	5	42							1931	Streptococcus	99.42	0.19
ASM3548161v1	GCF_035481615.1	GCA_035481615.1	Citroniella saccharovorans	2053367		DSM 29873					GCF_035481615.1-RS_2025_12_10	2025-12-10	1953712		3	Contig	2024-01-10	JAYKOT01	3	30							1949	Bacteria	93.59	
ASM3754618v1	GCF_037546185.1	GCA_037546185.1	Nicoliella lavandulae	3082954		Es01					GCF_037546185.1-RS_2025_09_08	2025-09-08	1881854		4	Contig	2024-03-25	JAWMWH01	4	38.5							1784	Lactobacillaceae	97.49	0.65
PRJEB21311	GCF_900199515.1	GCA_900199515.1	Massilicoli timonensis	2015901		Marseille-P3755					GCF_900199515.1-RS_2025_05_03	2025-05-03	2507078		6	Scaffold	2018-01-02	OEMR01	4	44.5							2526	Erysipelotrichaceae	97.06	1.01
ASM2792358v1	GCF_027923585.1	GCA_027923585.1	Philodulcilactobacillus myokoensis	2929573		WR16-4					GCF_027923585.1-RS_2025_09_09	2025-09-09	1672155		4	Contig	2022-12-12	BRPL01	4	34							1682	Lactobacillaceae	96.02	0.33
Desnusiella massiliensis	GCF_001403615.1	GCA_001403615.1	Desnuesiella massiliensis	1650662		mt10					GCF_001403615.1-RS_2025_04_12	2025-04-12	5503198		16	Scaffold	2015-10-07	CYSK01	14	32							5329	Clostridiaceae	99.16	17.87
IMG-taxon 2619618871 annotated assembly	GCF_900103485.1	GCA_900103485.1	Fictibacillus solisalsi	459525		CGMCC 1.6854					GCF_900103485.1-RS_2025_05_11	2025-05-11	4797611		17	Scaffold	2016-10-21	FNHW01	14	44							4979	Bacillaceae	98.6	1.83
PRJEB21864	GCF_900199405.1	GCA_900199405.1	Beduinella massiliensis	1852363		Marseille-P2846					GCF_900199405.1-RS_2025_05_16	2025-05-16	4182568		6	Scaffold	2018-01-02	OEMS01	3	61							3817	Clostridiales	97.37	2.34
Kallipyga gabonensis	GCF_001286805.1	GCA_001286805.1	Kallipyga gabonensis	1686287		GM4					GCF_001286805.1-RS_2025_03_27	2025-03-27	1621211		2	Contig	2015-08-31	CXYV01	2	50							1522	Bacteria	96.55	
ASM314369v2	GCF_003143695.2	GCA_003143695.2	Streptococcus halitosis	2172545		VT-4					GCF_003143695.2-RS_2025_04_22	2025-04-22	1880676		19	Scaffold	2018-12-08	QEMY02	18	41							1858	Streptococcus	100	
PRJEB20106	GCF_900240275.1	GCA_900240275.1	[Lactobacillus] timonensis	1970790		Marseille-P3825					GCF_900240275.1-RS_2025_12_11	2025-12-11	1678325		17	Scaffold	2018-01-02	OEPY01	16	47							1659	Lactobacillaceae	99.78	0.65
Paenibacillus rubiinfantis	GCF_001486505.1	GCA_001486505.1	Paenibacillus rubinfantis	1720296		MT18					GCF_001486505.1-RS_2025_12_11	2025-12-11	5370356		25	Scaffold	2015-12-22	FAUQ01	20	53							5021	Paenibacillus	98.38	1.15
ASM342605v1	GCF_003426055.1	GCA_003426055.1	Paraliobacillus sediminis	1885916		126C4					GCF_003426055.1-RS_2025_03_28	2025-03-28	4167048		4	Contig	2018-08-23	QJSI01	4	35.5							4134	Bacillaceae	80.54	42.04
ASM3041226v1	GCF_030412265.1	GCA_030412265.1	Fictibacillus terranigra	3058424		CENA-BCM004					GCF_030412265.1-RS_2025_05_11	2025-05-11	4967627		18	Scaffold	2023-07-06	JAUHLN01	16	43.5							5165	Bacillaceae	98.92	0.86
ASM4265176v1	GCF_042651765.1	GCA_042651765.1	Gracilibacillus xinjiangensis	1193282		CGMCC 1.12449					GCF_042651765.1-RS_2025_03_02	2025-03-02	3678523		13	Scaffold	2024-10-05	JBHSDT01	12	36.5							3683	Bacillaceae	99.35	0.91
ASM1623846v1	GCF_016238465.1	GCA_016238465.1	Staphylococcus caledonicus	2741333		H8/1					GCF_016238465.1-RS_2025_12_13	2025-12-13	2503367		38	Contig	2020-12-21	JABTXV01	38	33.5							2544	Staphylococcus	99.17	0.16
ASM3554471v1	GCF_035544715.1	GCA_035544715.1	Streptococcus gingivalis	3111861		S2					GCF_035544715.1-RS_2025_12_09	2025-12-09	2214555		2	Contig	2024-01-11	JAYKTO01	2	42							2183	Streptococcus	99.39	
PRJEB12696	GCF_900059565.1	GCA_900059565.1	Murdochiella massiliensis	1673723		SIT12					GCF_900059565.1-RS_2025_12_11	2025-12-11	1642295		2	Contig	2016-02-18	FIZW01	2	49							1482	Bacteria	97.93	
ASM1690849v1	GCF_016908495.1	GCA_016908495.1	Rossellomorea pakistanensis	992288		DSM 24834					GCF_016908495.1-RS_2025_03_09	2025-03-09	5097576		18	Contig	2021-02-19	JAFBDZ01	18	37							4968	Bacillus	98.82	0.12
ASM1783209v1	GCF_017832095.1	GCA_017832095.1	Bacillus capparidis	1840411		DSM 103394					GCF_017832095.1-RS_2025_09_29	2025-09-29	4566904		16	Contig	2021-04-07	JAFDST01	16	40.5							4736	Bacillus	98.48	2.28
ASM398759v1	GCF_003987595.1	GCA_003987595.1	Vagococcus entomophilus	1160095		DSM 24756					GCF_003987595.1-RS_2025_05_04	2025-05-04	2444868		7	Contig	2018-12-17	NGJZ01	7	36.5							2373	Enterococcaceae	98.9	1.83
ASM2601239v1	GCF_026012395.1	GCA_026012395.1	Lysinibacillus piscis	2518931		KH24					GCF_026012395.1-RS_2025_09_09	2025-09-09	3807383		17	Contig	2022-08-26	BRZA01	17	37.5							3822	Lysinibacillus	78.08	8.9
ASM4268490v1	GCF_042684905.1	GCA_042684905.1	Paenibacillus shunpengii	2054424		KCTC 33849					GCF_042684905.1-RS_2025_11_20	2025-11-20	5456019		30	Scaffold	2024-10-07	JBHUMJ01	26	45.5							5158	Paenibacillus	96.33	0.06
Anaerococcus jeddahense	GCF_001182725.1	GCA_001182725.1	Anaerococcus jeddahensis	1673719		SB3					GCF_001182725.1-RS_2025_04_29	2025-04-29	1903534		5	Contig	2015-07-07	CWHU01	5	29.5							1830	Anaerococcus	98.48	1.27
ASM362651v1	GCF_003626515.1	GCA_003626515.1	Streptococcus chosunensis	2707003		ChDC B353					GCF_003626515.1-RS_2025_03_16	2025-03-16	1902053		12	Scaffold	2018-10-07	RBCK01	10	40							1812	Streptococcus	99.94	
ASM1438479v1	GCF_014384795.1	GCA_014384795.1	Gehongia tenuis	2763655		NSJ-53					GCF_014384795.1-RS_2025_12_11	2025-12-11	2223526		14	Contig	2020-09-01	JACRSR01	14	56.5							2252	Clostridia	98.64	
ASM1490541v1	GCF_014905415.1	GCA_014905415.1	Virgibacillus salexigens	61016		DSM 11483					GCF_014905415.1-RS_2025_08_04	2025-08-04	4417754		232	Scaffold	2020-09-25	BNEO01	231	37							4628	Bacillaceae	99.35	1.97
ASM1369410v1	GCF_013694105.1	GCA_013694105.1	Halobacillus locisalis	220753		KCTC 3788					GCF_013694105.1-RS_2025_05_05	2025-05-05	3733293		11	Scaffold	2020-07-25	JACEFG01	10	43.5							3890	Halobacillus	85.94	4.73
ASM3754606v1	GCF_037546065.1	GCA_037546065.1	Holzapfeliella saturejae	3082953		He02					GCF_037546065.1-RS_2025_01_26	2025-01-26	1468086		6	Contig	2024-03-25	JAWMWG01	6	35							1488	Lactobacillaceae	96.14	0.98
ASM4267591v1	GCF_042675915.1	GCA_042675915.1	Thalassobacillus hwangdonensis	546108		CCUG 56607					GCF_042675915.1-RS_2025_11_20	2025-11-20	3503123		8	Contig	2024-10-06	JBHTKL01	8	44							3759	Bacillaceae	99.35	
ASM435951v1	GCF_004359515.1	GCA_004359515.1	Macrococcus carouselicus	69969		ATCC 51828					GCF_004359515.1-RS_2025_04_19	2025-04-19	2076527		34	Contig	2019-03-21	SCWD01	34	44							2283	Staphylococcaceae	90.67	2.79
PRJEB23097	GCF_900240845.1	GCA_900240845.1	Peptostreptococcus faecalis	2045015		Marseille-P4308					GCF_900240845.1-RS_2025_12_13	2025-12-13	2145294		29	Contig	2018-01-02	OERU01	29	30.5							2104	Peptostreptococcus	88.38	8.74
PRJEB16349	GCF_900104595.1	GCA_900104595.1	Enterococcus timonensis	1852364		Marseille-P2817T					GCF_900104595.1-RS_2025_08_25	2025-08-25	2123933		4	Contig	2016-10-27	FNVY01	4	38.5							2056	Enterococcus	83.79	1.83
Pytheasella massiliensis	GCF_000942395.1	GCA_000942395.1	Risungbinella massiliensis	1329796		GD1					GCF_000942395.1-RS_2025_12_09	2025-12-09	3421198		9	Scaffold	2015-02-20	CECI01	7	40.5							3540	Thermoactinomycetaceae	82.26	8.11
ASM1891828v1	GCF_018918285.1	GCA_018918285.1	Clostridium mobile	2841512		MSJ-11					GCF_018918285.1-RS_2025_05_06	2025-05-06	4014245		18	Contig	2021-06-16	JAHLQF01	18	30.5							4037	Clostridium	99.38	0.62
PRJEB20854	GCF_900186585.1	GCA_900186585.1	Massiliimalia timonensis	1987501		Marseille-P3753					GCF_900186585.1-RS_2025_12_09	2025-12-09	2707061		4	Contig	2017-07-21	FYDD01	4	47							2652	Ruminococcaceae	98.76	0.62
ASM188509v1	GCF_001885095.1	GCA_001885095.1	Streptococcus bovimastitidis	1856638		NZ1587					GCF_001885095.1-RS_2025_03_28	2025-03-28	2075036		8	Contig	2016-11-21	LZDD01	8	37.5							2136	Streptococcus	99.02	0.97
PRJEB5524_assembly_1	GCF_000750635.1	GCA_000750635.1	Oceanobacillus jeddahense	1462527		S5					GCF_000750635.1-RS_2025_03_29	2025-03-29	5388101		12	Contig	2014-08-04	CCDM01	12	37							5247	Oceanobacillus	78.99	29.18
ASM3081363v1	GCF_030813635.1	GCA_030813635.1	Salibacterium salarium	284579		DSM 16461					GCF_030813635.1-RS_2025_08_20	2025-08-20	3389285		9	Contig	2023-08-18	JAUSUM01	9	39							3424	Bacillaceae	98.17	0.09
ASM521758v1	GCF_005217585.1	GCA_005217585.1	Lysinibacillus tabacifolii	1173107		KCTC 33042					GCF_005217585.1-RS_2025_04_22	2025-04-22	4505022		16	Contig	2019-05-06	SZPT01	16	37							4433	Lysinibacillus	87.5	8.52
ASM2861066v1	GCF_028610665.1	GCA_028610665.1	Guptibacillus sedimenti	3025680		FJAT-53715					GCF_028610665.1-RS_2025_06_08	2025-06-08	4319979		25	Scaffold	2023-02-13	JAQQWV01	22	40.5							4492	Bacillales	98.36	
Q5893	GCF_928368155.1	GCA_928368155.1	Anaerococcus ihuae	2899519		Marseille-Q5893					GCF_928368155.1-RS_2025_08_13	2025-08-13	1825616		5	Contig	2022-01-29	CAKMRU01	5	29.5							1756	Anaerococcus	98.63	1.33
ASM5320736v1	GCF_053207365.1	GCA_053207365.1	Streptococcus cameli	1469428		SS1971					GCF_053207365.1-RS_2025_11_18	2025-11-18	2117902		12	Contig	2025-10-25	JBRUIM01	12	40.5							2173	Streptococcus	99.85	0.32
PRJEB16358	GCF_900104645.1	GCA_900104645.1	Alterileibacterium massiliense	1870997		Marseille-P3115T					GCF_900104645.1-RS_2025_12_13	2025-12-13	1450823		2	Contig	2016-10-27	FNWE01	2	36							1379	Clostridia	97.05	
ASM2680552v1	GCF_026805525.1	GCA_026805525.1	Aerococcus kribbianus	2999064		YH-aer221					GCF_026805525.1-RS_2025_03_03	2025-03-03	1586620		7	Scaffold	2022-12-11	JAPRFQ01	6	40							1531	Aerococcus	79.86	5.42
Lagierella massiliensis	GCF_001407835.1	GCA_001407835.1	Lagierella massiliensis	1689303		SIT14					GCF_001407835.1-RS_2025_12_11	2025-12-11	1832315		5	Contig	2015-10-11	CYUO01	5	32.5							1772	Bacteria	100	
PRJEB20996	GCF_900187325.1	GCA_900187325.1	Virgibacillus ndiopensis	2004408		Marseille-P3835					GCF_900187325.1-RS_2025_05_03	2025-05-03	3853185		6	Contig	2017-10-23	FZMZ01	6	36.5							3894	Bacillaceae	99.84	0.65
ASM322632v1	GCF_003226325.1	GCA_003226325.1	Salipaludibacillus keqinensis	2045207		KQ-12					GCF_003226325.1-RS_2025_12_13	2025-12-13	4150426		15	Contig	2018-06-13	PDOD01	15	39.5							4072	Bacillaceae	99.35	
Micromassilia timonensis	GCF_001457835.1	GCA_001457835.1	Fenollaria timonensis	1723384		GD5					GCF_001457835.1-RS_2025_06_10	2025-06-10	1739382		9	Scaffold	2015-11-06	CZPW01	8	35.5							1659	Clostridiales	99.12	
ASM985644v1	GCF_009856445.1	GCA_009856445.1	Halobacillus litoralis	45668		SL-4					GCF_009856445.1-RS_2025_08_06	2025-08-06	4001992		51	Contig	2020-01-10	WMFA01	51	43.5							4114	Halobacillus	95.17	5.56
PRJEB8581_assembly_1	GCF_001048695.1	GCA_001048695.1	Neobacillus massiliamazoniensis	1499688		LF1					GCF_001048695.1-RS_2025_05_02	2025-05-02	5600061		10	Contig	2015-06-30	CVRB01	10	38							5427	Bacillaceae	99.35	1.67
ASM980703v1	GCF_009807035.1	GCA_009807035.1	Paenibacillus dendrobii	2691084		HJL G12					GCF_009807035.1-RS_2025_04_15	2025-04-15	6632024		22	Scaffold	2019-12-28	WUBI01	18	48.5							5935	Paenibacillus	99.72	0.19
ASM1834352v1	GCF_018343525.1	GCA_018343525.1	Lederbergia citrea	2833581		FJAT-49754					GCF_018343525.1-RS_2025_05_22	2025-05-22	4207523		10	Scaffold	2021-05-11	JAGYPH01	8	38.5							4201	Bacillaceae	97.26	0.16
ASM4019437v1	GCF_040194375.1	GCA_040194375.1	Bacillus ayatagriensis	3155929		RMG6					GCF_040194375.1-RS_2025_08_01	2025-08-01	3821630		37	Contig	2024-06-15	JBEFNT01	37	46.5							3814	Bacillus	99.41	
Anaeromassilibacillus senegalense	GCF_001261775.1	GCA_001261775.1	Anaeromassilibacillus senegalensis	1673717		mt9					GCF_001261775.1-RS_2025_12_11	2025-12-11	3511751		15	Scaffold	2015-07-30	CWIP01	12	53							3112	Clostridiales	97.51	
PRJEB16361	GCF_900104675.1	GCA_900104675.1	Angelakisella massiliensis	1871018		Marseille-P3217T					GCF_900104675.1-RS_2025_03_29	2025-03-29	4041781		9	Scaffold	2016-10-28	FNWG01	6	53							3930	Ruminococcaceae	98.94	0.08
ASM3442745v1	GCF_034427455.1	GCA_034427455.1	Jeotgalibacillus haloalkalitolerans	3104292		HH7-29					GCF_034427455.1-RS_2025_07_07	2025-07-07	3284775		28	Contig	2023-12-17	JAXQNN01	28	43							3327	Planococcaceae	92.19	5.79
PRJEB17645	GCF_900117315.1	GCA_900117315.1	Bacillus massilionigeriensis	1805475		Marseille-P2348T					GCF_900117315.1-RS_2025_12_11	2025-12-11	4216923		21	Scaffold	2016-11-08	FPDX01	13	36.5							4204	Bacillus	98.82	0.17
Gracilibacillus massiliensis	GCF_001458115.1	GCA_001458115.1	Gracilibacillus massiliensis	1564956		Awa-1					GCF_001458115.1-RS_2025_12_11	2025-12-11	4207226		13	Contig	2015-11-06	CZRP01	13	36							3900	Bacillaceae	98.71	0.16
Neofamilia massiliensis	GCF_001299475.1	GCA_001299475.1	Neofamilia massiliensis	1673724		SIT13					GCF_001299475.1-RS_2025_02_02	2025-02-02	1920334		3	Contig	2015-09-23	CYUJ01	3	34							1847	Clostridiales	99.12	0.44
ASM411791v1	GCF_004117915.1	GCA_004117915.1	Companilactobacillus metriopterae	1909267		JCM 31635					GCF_004117915.1-RS_2025_06_09	2025-06-09	1500957		8	Contig	2019-01-29	RSTD01	8	33							1572	Lactobacillaceae	97.63	
ASM1463556v1	GCF_014635565.1	GCA_014635565.1	Phocicoccus schoeneichii	1812261		CCM 8667					GCF_014635565.1-RS_2025_12_13	2025-12-13	1777222		11	Contig	2020-09-11	BMDB01	11	37							1858	Bacillales	96.55	0.19
ASM1690829v1	GCF_016908295.1	GCA_016908295.1	Thalassobacillus pellis	748008		DSM 22784					GCF_016908295.1-RS_2025_03_28	2025-03-28	4047112		16	Contig	2021-02-19	JAFBDO01	16	42.5							4069	Bacillaceae	99.14	0.32
ASM1477976v1	GCF_014779765.1	GCA_014779765.1	Paenibacillus terricola	2763503		PR3					GCF_014779765.1-RS_2025_08_18	2025-08-18	6776538		19	Scaffold	2020-09-28	JACXZA01	17	50.5							6073	Paenibacillus	99.17	0.93
Malnutritionisia massiliensis	GCF_001282725.1	GCA_001282725.1	Inediibacterium massiliense	1658111		Mt12					GCF_001282725.1-RS_2025_04_07	2025-04-07	3497276		15	Scaffold	2015-08-20	CXYX01	14	30.5							3412	Clostridia	98.18	2.27
Massilimalia massiliensis	GCF_900155615.1	GCA_900155615.1	Massiliimalia massiliensis	1852384		Marseille-P2963T					GCF_900155615.1-RS_2025_12_09	2025-12-09	2842720		4	Contig	2017-02-08	FUHT01	4	47							2773	Ruminococcaceae	99.38	2.17
ASM1834369v1	GCF_018343695.1	GCA_018343695.1	Lederbergia citrisecunda	2833583		FJAT-49732					GCF_018343695.1-RS_2025_06_17	2025-06-17	4729684		11	Scaffold	2021-05-11	JAGYPJ01	4	36.5							4661	Bacillaceae	96.94	1.02
ASM2059512v1	GCF_020595125.1	GCA_020595125.1	Jeotgalibacillus aurantiacus	2763266		T12					GCF_020595125.1-RS_2025_11_28	2025-11-28	3506672		19	Contig	2021-10-25	JACNMS01	19	43.5							3607	Planococcaceae	94.64	7.33
ASM2770614v1	GCF_027706145.1	GCA_027706145.1	Bacillus changyiensis	3004103		CLL-3-40					GCF_027706145.1-RS_2025_11_21	2025-11-21	3712035		27	Scaffold	2023-01-10	JAQFWW01	26	38.5							3883	Bacillus	98.95	0.59
ASM338873v1	GCF_003388735.1	GCA_003388735.1	Paenibacillus paeoniae	2292705		M4BSY-1					GCF_003388735.1-RS_2025_03_28	2025-03-28	5788211		17	Contig	2018-08-14	QUBQ01	17	49							5240	Paenibacillus	99.72	
PRJEB20927	GCF_900184995.1	GCA_900184995.1	Konateibacter massiliensis	2002841		Marseille-P3773					GCF_900184995.1-RS_2024_12_13	2024-12-13	4260837		10	Scaffold	2017-10-23	FXXR01	8	40.5							3907	Lachnospiraceae	99.38	1.34
Paenibacillus senegalomassiliensis	GCF_001486585.1	GCA_001486585.1	Paenibacillus senegalimassiliensis	1737426		SIT18					GCF_001486585.1-RS_2025_12_13	2025-12-13	5059704		17	Scaffold	2015-12-22	FAUP01	15	49							4726	Paenibacillus	99.72	0.2
ASM227046v1	GCF_002270465.1	GCA_002270465.1	Blautia hominis	2025493		KB1					GCF_002270465.1-RS_2024_12_16	2024-12-16	5878941		47	Contig	2017-08-25	NQOF01	47	46.5							5142	Blautia	96.24	0.67
ASM1340759v1	GCF_013407595.1	GCA_013407595.1	Lacticaseibacillus absianus	2729623		YH-lac23					GCF_013407595.1-RS_2025_05_05	2025-05-05	2843141		13	Scaffold	2020-07-13	JABEKX01	11	60							2753	Lactobacillaceae	99.17	1.25
ASM1944808v1	GCF_019448085.1	GCA_019448085.1	Caproiciproducens faecalis	2820301		AGMB10547					GCF_019448085.1-RS_2025_12_11	2025-12-11	3007702		9	Contig	2021-08-03	JAGFNZ01	9	49							2933	Clostridiales	98.25	
ASM808414v1	GCF_008084145.1	GCA_008084145.1	Paenibacillus faecis	862114		DSM 23593					GCF_008084145.1-RS_2025_03_28	2025-03-28	6343727		14	Scaffold	2019-08-24	VSDO01	9	53							5722	Paenibacillus	99.72	0.69
ASM2673513v1	GCF_026735135.1	GCA_026735135.1	Clostridium aestuarii	338193		HY-45-18					GCF_026735135.1-RS_2025_03_09	2025-03-09	3582181		31	Scaffold	2022-12-07	JAPQER01	29	28.5							3364	Clostridium	99.38	1.39
ASM1834353v1	GCF_018343535.1	GCA_018343535.1	Neobacillus rhizophilus	2833579		FJAT-49825					GCF_018343535.1-RS_2025_08_29	2025-08-29	6328293		23	Scaffold	2021-05-11	JAGYPF01	15	41							6169	Bacillaceae	99.35	3.68
Paenibacillus ihumii	GCF_001403875.1	GCA_001403875.1	Paenibacillus ihumii	687436		AT5					GCF_001403875.1-RS_2025_12_10	2025-12-10	5924107		16	Scaffold	2015-10-08	CYXK01	12	50							5269	Paenibacillus	98.22	
ASM360543v1	GCF_003605435.1	GCA_003605435.1	Paenibacillus pinisoli	1276110		JCM 19203					GCF_003605435.1-RS_2025_04_17	2025-04-17	5962315		19	Contig	2018-10-01	QXQB01	19	52							5497	Paenibacillus	99.72	0.56
ASM4268174v1	GCF_042681745.1	GCA_042681745.1	Paenibacillus nicotianae	1526551		CGMCC 1.12819					GCF_042681745.1-RS_2025_03_02	2025-03-02	5220511		26	Scaffold	2024-10-06	JBHUGF01	14	39							4649	Paenibacillus	87.73	1.15
PRJEB29282	GCF_900605495.1	GCA_900605495.1	Bacilliculturomica massiliensis	1917867		Marseille-P3303					GCF_900605495.1-RS_2025_12_13	2025-12-13	4516356		26	Scaffold	2018-12-07	UWPH01	21	55							3719	Clostridia	98.86	
ASM2472197v1	GCF_024721975.1	GCA_024721975.1	Paenibacillus endoradicis	2972487		T3-5-0-4					GCF_024721975.1-RS_2025_09_05	2025-09-05	5892720		12	Contig	2022-08-20	JANQBB01	12	38							5167	Paenibacillus	91.57	17.33
PRJEB13933	GCF_900086715.1	GCA_900086715.1	Gracilibacillus timonensis	1816696		Marseille-P2481T					GCF_900086715.1-RS_2025_12_11	2025-12-11	4547476		12	Contig	2016-05-12	FLKH01	12	40							4373	Bacillaceae	98.71	1.29
PRJEB12697	GCF_900048895.1	GCA_900048895.1	Neglectibacter timonensis	1776382		SN17					GCF_900048895.1-RS_2025_04_12	2025-04-12	3671597		15	Scaffold	2016-02-19	FIZH01	14	53							3284	Ruminococcaceae	97.83	0.31
ASM1318407v1	GCF_013184075.1	GCA_013184075.1	Lentilactobacillus kribbianus	2729622		YH-lac9					GCF_013184075.1-RS_2025_05_05	2025-05-05	1509660		4	Scaffold	2020-05-28	JABEQQ01	3	38							1562	Lactobacillaceae	99.35	0.98
ASM4531052v1	GCF_045310525.1	GCA_045310525.1	Candidatus Clostridium radicumherbarum	3381662		WILCCON 0202					GCF_045310525.1-RS_2025_04_14	2025-04-14	4053182		26	Scaffold	2024-11-25	JBJHZY01	23	32							3943	Clostridium	99.38	2.7
LMG 33000	GCF_963930865.1	GCA_963930865.1	Eupransor demetentiae	3109584		LMG 33000			LMG 33000		GCF_963930865.1-RS_2025_06_23	2025-06-23	1442903		8	Contig	2024-01-30	CAWVOH01	8	46							1524	Lactobacillaceae	92.02	0.08
ASM46853v1	GCF_000468535.1	GCA_000468535.1	Peptoniphilus mikwangii	1354300		ChDC B134					GCF_000468535.1-RS_2025_12_09	2025-12-09	1499757		5	Contig	2013-09-18	AUQY01	5	31							1472	Peptoniphilus	94.26	1.32
ASM398756v1	GCF_003987565.1	GCA_003987565.1	Vagococcus fessus	120370		CCUG 41755					GCF_003987565.1-RS_2025_05_04	2025-05-04	2257832		8	Contig	2018-12-17	NGJY01	8	35.5							2206	Enterococcaceae	95.54	3.09
ASM2368438v1	GCF_023684385.1	GCA_023684385.1	Oceanirhabdus seepicola	2828781		ZWT					GCF_023684385.1-RS_2025_03_29	2025-03-29	5335032		8	Scaffold	2022-06-08	JAGSOJ01	7	30.5							4910	Clostridiaceae	97	13.98
ASM3233735v1	GCF_032337355.1	GCA_032337355.1	Paenibacillus suaedae	3077233		chi10					GCF_032337355.1-RS_2025_11_21	2025-11-21	6646800		19	Contig	2023-10-03	JAVYAA01	19	46.5							5875	Paenibacillus	99.17	
PRJEB29219	GCF_900626075.1	GCA_900626075.1	Clostridium transplantifaecale	2479838		Marseille-P8228					GCF_900626075.1-RS_2025_04_13	2025-04-13	5650377		10	Contig	2018-12-05	UYZY01	10	48							4950	Clostridium	99.07	1.55
ASM1498280v1	GCF_014982805.1	GCA_014982805.1	Gemmiger gallinarum	2779354		DSM 109015					GCF_014982805.1-RS_2025_12_11	2025-12-11	2955389		15	Contig	2020-10-25	JADCKC01	15	59							2754	Clostridiales	99.12	
ASM2566047v1	GCF_025660475.1	GCA_025660475.1	Perspicuibacillus lycopersici	1325689		JCM 19140					GCF_025660475.1-RS_2025_12_09	2025-12-09	3638728		13	Scaffold	2022-10-11	JAOUSF01	12	36							3554	Bacillaceae	98.58	0.48
PRJEB22712	GCF_900626275.1	GCA_900626275.1	Gracilibacillus phocaeensis	2042304		Marseille-P3801					GCF_900626275.1-RS_2025_06_22	2025-06-22	4659174		12	Scaffold	2018-12-06	UZBG01	11	39.5							4510	Bacillaceae	98.71	0.97
Gorillibacterium timonense	GCF_001457415.1	GCA_001457415.1	Gorillibacterium timonense	1689269		SN4					GCF_001457415.1-RS_2025_11_21	2025-11-21	5263775		9	Scaffold	2015-11-04	CYUM01	7	53.5							4798	Paenibacillaceae	95.97	1.28
ASM1428727v1	GCF_014287275.1	GCA_014287275.1	Anaerofilum hominis	2763016		BX8					GCF_014287275.1-RS_2025_04_15	2025-04-15	3136292		16	Contig	2020-08-24	JACONZ01	16	61.5							2775	Ruminococcaceae	97.52	1.24
ASM2577073v1	GCF_025770735.1	GCA_025770735.1	Shouchella tritolerans	2979466		FJAT-45399					GCF_025770735.1-RS_2025_11_23	2025-11-23	4621128		31	Scaffold	2022-10-20	JAODPB01	28	44.5							4624	Bacillaceae	99.35	1.64
IMG-taxon 2675903006 annotated assembly	GCF_900112695.1	GCA_900112695.1	Paenibacillus catalpae	1045775		CGMCC 1.10784					GCF_900112695.1-RS_2025_05_03	2025-05-03	6620053		21	Scaffold	2016-11-05	FOMT01	14	49.5							5954	Paenibacillus	99.72	0.56
Ruminococcus phoceensis	GCF_001487105.1	GCA_001487105.1	Mediterraneibacter massiliensis	1720300		Marseille-P2086					GCF_001487105.1-RS_2025_12_13	2025-12-13	3069885		8	Scaffold	2015-12-22	FAVJ01	5	42.5							2950	Lachnospiraceae	99.38	0.36
PRJEB13934	GCF_900086705.1	GCA_900086705.1	Anaerosinus massiliensis	1806837		Marseille-P2411T					GCF_900086705.1-RS_2025_12_09	2025-12-09	4000953		12	Scaffold	2016-06-06	FLKF01	7	37.5							3846	Selenomonadales	98.8	0.6
ASM1463560v1	GCF_014635605.1	GCA_014635605.1	Saccharibacillus endophyticus	2060666		CCM 8702					GCF_014635605.1-RS_2025_08_26	2025-08-26	5949745		25	Scaffold	2020-09-12	BMDD01	22	53.5							5193	Saccharibacillus	94.58	3.57
ASM3624628v1	GCF_036246285.1	GCA_036246285.1	Lactobacillus juensis	3082862		F690					GCF_036246285.1-RS_2025_08_15	2025-08-15	2027391		7	Scaffold	2023-10-26	BTTS01	6	36							1957	Lactobacillus	97.74	0.48
ASM1843722v1	GCF_018437225.1	GCA_018437225.1	Fructobacillus papyriferae	2713171		M1-10					GCF_018437225.1-RS_2025_03_27	2025-03-27	1264930		7	Scaffold	2021-05-21	JAAMFI01	6	46							1273	Lactobacillaceae	90.37	
J14	GCF_947381805.1	GCA_947381805.1	Ligilactobacillus hohenheimensis	2991832		DJ3G5/DJ4M19					GCF_947381805.1-RS_2025_12_13	2025-12-13	1381484		43	Contig	2023-04-29	CANCXC01	43	50.5							1380	Lactobacillaceae	97.71	1.53
ASM983110v1	GCF_009831105.1	GCA_009831105.1	Copranaerobaculum intestinale	2692629		DONG20-135					GCF_009831105.1-RS_2025_05_26	2025-05-26	2299421		12	Contig	2020-01-06	WUUQ01	12	42							2293	Erysipelotrichaceae	97.48	
ASM1428743v1	GCF_014287435.1	GCA_014287435.1	Roseburia lenta	2763061		NSJ-9					GCF_014287435.1-RS_2025_12_13	2025-12-13	2558168		10	Contig	2020-08-24	JACOPG01	10	45							2422	Roseburia	73.73	4.52
ASM1438476v1	GCF_014384765.1	GCA_014384765.1	Feifania hominis	2763660		BX7					GCF_014384765.1-RS_2025_05_22	2025-05-22	2356956		13	Contig	2020-09-01	JACRSP01	13	59							2317	Clostridiales	98.25	
ASM1464761v1	GCF_014647615.1	GCA_014647615.1	Virgibacillus salexigens	61016		JCM 30071					GCF_014647615.1-RS_2025_09_09	2025-09-09	4377844		33	Contig	2020-09-12	BMPN01	33	37							4477	Bacillaceae	99.35	0.65
PRJEB19972	GCF_900169535.1	GCA_900169535.1	Cohnella massiliensis	1816691		6021052837					GCF_900169535.1-RS_2025_05_03	2025-05-03	6327271		25	Scaffold	2017-03-24	FWCJ01	19	57							5801	Cohnella	94.56	9.72
ASM1843723v1	GCF_018437235.1	GCA_018437235.1	Fructobacillus papyrifericola	2713172		M1-21					GCF_018437235.1-RS_2025_03_27	2025-03-27	1296716		9	Contig	2021-05-21	JAAMFJ01	9	48.5							1316	Lactobacillaceae	89.52	0.65
ASM1109018v1	GCF_011090185.1	GCA_011090185.1	Saccharibacillus alkalitolerans	2705290		VR-M41					GCF_011090185.1-RS_2025_12_11	2025-12-11	5386426		21	Contig	2020-03-09	JAAFGS01	21	58							4700	Saccharibacillus	92.92	3.24
ASM3040782v1	GCF_030407825.1	GCA_030407825.1	Planococcus notacanthi	3035188		APC 4016					GCF_030407825.1-RS_2025_04_07	2025-04-07	3640984		21	Contig	2023-07-05	JASDCQ01	21	45.5							3638	Planococcus	89.19	7.72
ASM381501v1	GCF_003815015.1	GCA_003815015.1	Thermodesulfitimonas autotrophica	1894989		DSM 102936					GCF_003815015.1-RS_2025_05_04	2025-05-04	2177741		6	Contig	2018-11-23	RKRE01	6	59.5							2240	Thermoanaerobacteraceae	97.93	0.52
ASM892326v1	GCF_008923265.1	GCA_008923265.1	Bacillus mesophilum	1071718		IITR-54					GCF_008923265.1-RS_2025_03_29	2025-03-29	4546704		23	Contig	2019-10-08	WBOT01	23	38.5							4592	Bacillus	99.34	0.7
ASM366506v1	GCF_003665065.1	GCA_003665065.1	Oceanobacillus piezotolerans	2448030		YLB-02					GCF_003665065.1-RS_2025_05_04	2025-05-04	3987417		21	Contig	2018-10-16	RCHR01	21	37.5							4002	Oceanobacillus	68.03	20.62
PRJEB20366	GCF_900176605.1	GCA_900176605.1	Peptoniphilus vaginalis	1756987		KhD- 2					GCF_900176605.1-RS_2025_04_28	2025-04-28	1877211		5	Contig	2017-04-27	FXLP01	5	34							1799	Peptoniphilus	97.29	0.58
ASM1831034v1	GCF_018310345.1	GCA_018310345.1	Ornithinibacillus massiliensis	1944633		Marseille-P3601					GCF_018310345.1-RS_2025_05_06	2025-05-06	3865210		18	Scaffold	2021-05-08	JAGXBY01	16	37							3864	Bacillaceae	100	0.66
ASM360960v1	GCF_003609605.1	GCA_003609605.1	Ammoniphilus oxalaticus	66863		RAOx-1					GCF_003609605.1-RS_2025_05_04	2025-05-04	3319172		13	Contig	2018-10-02	MCHY01	13	44							3511	Paenibacillaceae	93.01	0.48
ASM215337v1	GCF_002153375.1	GCA_002153375.1	Oceanobacillus rekensis	937927		PT-11					GCF_002153375.1-RS_2025_05_03	2025-05-03	3865100		19	Contig	2017-05-19	MTBQ01	19	37.5							3875	Oceanobacillus	72.65	17.35
ASM4266511v1	GCF_042665115.1	GCA_042665115.1	Halobacillus campisalis	435909		CCUG 54360					GCF_042665115.1-RS_2025_03_02	2025-03-02	3817355		21	Contig	2024-10-06	JBHTBY01	21	41.5							3818	Halobacillus	89.21	4.96
ASM1861787v1	GCF_018617875.1	GCA_018617875.1	Exiguobacterium algae	2751250		S126					GCF_018617875.1-RS_2025_03_28	2025-03-28	2604965		17	Scaffold	2021-06-01	JACSKZ01	16	48.5							2697	Exiguobacterium	95.56	0.41
PRJEB24604	GCF_900289175.1	GCA_900289175.1	Paenibacillus faecalis	2079532		Marseille-P3787					GCF_900289175.1-RS_2025_03_19	2025-03-19	4835346		14	Scaffold	2018-02-26	OKQQ01	3	44.5							4538	Paenibacillus	99.17	0.22
ASM201960v1	GCF_002019605.1	GCA_002019605.1	Alkalihalobacterium alkalinitrilicum	427920		DSM 22532					GCF_002019605.1-RS_2025_03_27	2025-03-27	5523573		17	Scaffold	2017-03-06	MTIP01	2	37							5538	Bacillaceae	99.35	1.27
ASM386248v1	GCF_003862485.1	GCA_003862485.1	Lachnoanaerobaculum orale	979627		DSM 24553					GCF_003862485.1-RS_2025_12_13	2025-12-13	2800999		23	Scaffold	2018-12-04	RRCM01	13	37.5							2648	Lachnospiraceae	98.75	0.31
PRJEB18028	GCF_900155555.1	GCA_900155555.1	Mobilibacterium timonense	1871012		Marseille-P3194T					GCF_900155555.1-RS_2024_12_16	2024-12-16	2086038		8	Contig	2017-02-08	FUHN01	8	53							1873	Clostridia	97.95	
ASM411626v1	GCF_004116265.1	GCA_004116265.1	Anaerobacillus alkaliphilus	1548597		B16-10					GCF_004116265.1-RS_2025_04_03	2025-04-03	4909004		71	Contig	2019-01-28	QOUX01	71	37							4989	Bacillaceae	98.39	1.29
ASM988298v1	GCF_009882985.1	GCA_009882985.1	Paenibacillus silvestris	2606219		5J-6					GCF_009882985.1-RS_2025_12_11	2025-12-11	8179699		77	Scaffold	2020-01-14	WTUZ01	40	46							7208	Paenibacillus	99.72	0.28
Beduini massiliensis GM1	GCF_000829905.1	GCA_000829905.1	Beduini massiliensis	1585974		GM1					GCF_000829905.1-RS_2025_12_02	2025-12-02	2850586		6	Contig	2015-01-24	CDPP01	6	36							2834	Erysipelotrichaceae	99.37	
IMG-taxon 2617270926 annotated assembly	GCF_900109165.1	GCA_900109165.1	Bhargavaea ginsengi	426757		CGMCC 1.6763					GCF_900109165.1-RS_2025_12_09	2025-12-09	3101161		16	Scaffold	2016-10-31	FNZF01	14	54							3137	Planococcaceae	92.79	2.07
ASM1438490v1	GCF_014384905.1	GCA_014384905.1	Fumia xinanensis	2763659		NSJ-33					GCF_014384905.1-RS_2025_05_22	2025-05-22	2834305		13	Contig	2020-09-01	JACRSV01	13	49.5							2666	Ruminococcaceae	99.38	0.62
ASM966497v1	GCF_009664975.1	GCA_009664975.1	Paenibacillus monticola	2666075		LC-T2					GCF_009664975.1-RS_2025_03_28	2025-03-28	7082651		35	Contig	2019-11-17	WJXB01	35	46							6307	Paenibacillus	99.17	1.09
ASM4265012v1	GCF_042650125.1	GCA_042650125.1	Salinithrix halophila	1485204		IBRC-M 10813					GCF_042650125.1-RS_2025_11_20	2025-11-20	3299850		25	Scaffold	2024-10-05	JBHSAP01	19	52							3322	Thermoactinomycetaceae	86.2	9.63
ASM600788v1	GCF_006007885.1	GCA_006007885.1	Alteribacter natronophilus	2583810		M30					GCF_006007885.1-RS_2025_08_01	2025-08-01	3969381		45	Scaffold	2019-06-04	VCRO01	43	49							3959	Bacillaceae	98.71	0.32
IMG-taxon 2681812865 annotated assembly	GCF_900156305.1	GCA_900156305.1	Edaphobacillus lindanitolerans	550447		MNA4					GCF_900156305.1-RS_2025_12_09	2025-12-09	3052035		9	Scaffold	2017-01-20	FTPL01	8	56							3016	Bacillaceae	96.77	0.09
ASM33157v1	GCF_000331575.1	GCA_000331575.1	Calidifontibacillus oryziterrae	1191699		ZYK					GCF_000331575.1-RS_2025_12_09	2025-12-09	3575797		19	Scaffold	2013-01-15	ANOK01	18	36							3444	Bacillaceae	97.74	0.63
ASM1676558v1	GCF_016765585.1	GCA_016765585.1	Clostridium rhizosphaerae	2803861		YIM B02515					GCF_016765585.1-RS_2025_03_29	2025-03-29	4849201		28	Scaffold	2021-01-27	JAESWC01	27	32.5							4711	Clostridium	99.38	5.69
ASM186605v1	GCF_001866055.1	GCA_001866055.1	Anaerobacillus alkalidiazotrophicus	472963		DSM 22531					GCF_001866055.1-RS_2025_12_09	2025-12-09	4609363		36	Contig	2016-11-03	MLQS01	36	35							4440	Bacillaceae	88.48	16.13
PRJEB23093	GCF_900240385.1	GCA_900240385.1	Clostridium minihomine	2045012		Marseille-P4642					GCF_900240385.1-RS_2025_08_20	2025-08-20	2705425		12	Contig	2018-01-02	OEQH01	12	46							2602	Clostridium	95.5	1.24
16A2E	GCF_039614845.1	GCA_039614845.1	Ornithinibacillus xuwenensis	3144668		16A2E					GCF_039614845.1-RS_2025_05_13	2025-05-13	3600423	1	20	Scaffold	2024-05-12	JBDIML01	17	36.5							3818	Bacillaceae	99.35	1.29
PRJEB22820	GCF_900240315.1	GCA_900240315.1	Dorea phocaeensis	2040291		Marseille-P4003					GCF_900240315.1-RS_2024_12_13	2024-12-13	2467622		12	Contig	2018-01-02	OEPZ01	12	43							2376	Dorea	84.65	4.42
IMG-taxon 2675902963 annotated assembly	GCF_900101125.1	GCA_900101125.1	Sediminibacillus albus	407036		CGMCC 1.6502					GCF_900101125.1-RS_2025_05_03	2025-05-03	3565081		15	Scaffold	2016-10-21	FNFL01	14	41.5							3560	Bacillaceae	99.35	0.11
PRJEB18034	GCF_900120405.1	GCA_900120405.1	Urinicoccus massiliensis	1723382		FC2					GCF_900120405.1-RS_2025_05_03	2025-05-03	2087160		16	Scaffold	2016-12-02	FPLH01	13	41.5							2047	Bacteria	98.28	
PRJEB18962	GCF_900156885.1	GCA_900156885.1	Limosilactobacillus caccae	1926284		Marseille-P3519T					GCF_900156885.1-RS_2025_07_29	2025-07-29	2237367		11	Contig	2017-01-15	FTOY01	11	45.5							2114	Lactobacillaceae	99.35	
PRJEB23928	GCF_900291475.1	GCA_900291475.1	Acidaminococcus provencensis	2058289		Marseille-P4266					GCF_900291475.1-RS_2025_03_29	2025-03-29	2605487		23	Contig	2018-03-01	OLMM01	23	53							2385	Acidaminococcus	92.26	7.35
ASM2003747v1	GCF_020037475.1	GCA_020037475.1	Sutcliffiella deserti	2875501		DG-18					GCF_020037475.1-RS_2025_11_23	2025-11-23	3455028		22	Contig	2021-09-19	JAIQDB01	22	38.5							3372	Bacillaceae	75.97	0.56
PRJEB21319	GCF_900186465.1	GCA_900186465.1	Selenomonas felix	1944634		Marseille-P3560					GCF_900186465.1-RS_2025_03_29	2025-03-29	2403152		19	Scaffold	2018-01-02	FYCJ01	17	57							2335	Selenomonas	97.66	0.81
ASM384387v1	GCF_003843875.1	GCA_003843875.1	Aquisalibacillus elongatus	485577		DSM 18090					GCF_003843875.1-RS_2025_05_04	2025-05-04	2878435		15	Contig	2018-11-23	RKRF01	15	37.5							3060	Bacillaceae	98.17	0.97
ASM2281908v1	GCF_022819085.1	GCA_022819085.1	Planococcus ruber	2027871		CGMCC 1.19134					GCF_022819085.1-RS_2025_04_19	2025-04-19	3371367		16	Scaffold	2022-04-05	JALHAG01	13	46							3419	Planococcus	82.87	9.55
ASM284453v1	GCF_002844535.1	GCA_002844535.1	Halalkalibacillus sediminis	2018042		B3227					GCF_002844535.1-RS_2025_03_27	2025-03-27	2863218		13	Scaffold	2017-12-18	PJNH01	11	38.5							3038	Bacillaceae	98.17	0.65
ASM97198v1	GCF_000971985.1	GCA_000971985.1	Paenibacillus dauci	1567106		H9					GCF_000971985.1-RS_2025_12_11	2025-12-11	5449237		26	Scaffold	2015-04-15	LAQQ01	19	46.5							4663	Paenibacillus	88	1.06
PRJEB21487	GCF_900197595.1	GCA_900197595.1	Scatolibacter rhodanostii	2014781		Marseille-P3890					GCF_900197595.1-RS_2025_08_20	2025-08-20	2702024		13	Contig	2017-10-23	FZLO01	13	40							2516	Ruminococcaceae	97.52	1.24
ASM3952138v1	GCF_039521385.1	GCA_039521385.1	Clostridium oceanicum	1543		JCM 1407					GCF_039521385.1-RS_2024_05_10	2024-05-10	4384001		23	Contig	2024-02-23	BAAACG01	23	26.5							3984	Clostridium	99.38	
ASM3465983v1	GCF_034659835.1	GCA_034659835.1	Paenibacillus campi	3106031		SGZ-1009					GCF_034659835.1-RS_2025_03_16	2025-03-16	5490876		25	Contig	2023-12-26	JAXSQZ01	25	46.5							4335	Paenibacillus	86.87	2.81
IMG-taxon 2671180086 annotated assembly	GCF_900110695.1	GCA_900110695.1	Virgibacillus subterraneus	621109		CGMCC 1.7734					GCF_900110695.1-RS_2025_05_03	2025-05-03	3791086		14	Contig	2016-10-31	FOEH01	14	37.5							3893	Bacillaceae	99.52	1.42
ASM2467788v1	GCF_024677885.1	GCA_024677885.1	Veillonella faecalis	2926616		Ds1651					GCF_024677885.1-RS_2025_08_31	2025-08-31	2035419		14	Contig	2022-08-15	JALBWL01	14	38.5							1924	Veillonella	100	0.12
ASM3952142v1	GCF_039521425.1	GCA_039521425.1	Clostridium subterminale	1550		JCM 1417					GCF_039521425.1-RS_2024_05_10	2024-05-10	4092395		32	Scaffold	2024-02-23	BAAACI01	29	30							4017	Clostridium	99.38	2.5
IMG-taxon 2703719061 annotated assembly	GCF_900142075.1	GCA_900142075.1	Clostridium amylolyticum	1121298		DSM 21864					GCF_900142075.1-RS_2025_04_12	2025-04-12	4262456		21	Scaffold	2016-12-03	FQZO01	20	32							4097	Clostridium	99.59	3.62
ASM295985v1	GCF_002959855.1	GCA_002959855.1	Veillonella denticariosi JCM 15641	1298594		JCM 15641					GCF_002959855.1-RS_2025_05_03	2025-05-03	1981866		8	Contig	2018-02-27	PPDB01	8	43							1856	Veillonella	99.23	0.05
ASM4265910v1	GCF_042659105.1	GCA_042659105.1	Paenibacillus allorhizosphaerae	2849866		CCM 9021					GCF_042659105.1-RS_2025_11_24	2025-11-24	8193458		83	Contig	2024-10-06	JBHSRV01	83	51							7586	Paenibacillus	99.44	2.37
PRJEB18020	GCF_900120125.1	GCA_900120125.1	Gemella massiliensis	1909670		Marseille-P3249T					GCF_900120125.1-RS_2025_12_09	2025-12-09	1804814		8	Scaffold	2016-12-02	FQLS01	7	30.5							1736	Gemella	93.64	0.63
ASM292606v1	GCF_002926065.1	GCA_002926065.1	Jeotgalibacillus proteolyticus	2082395		22-7					GCF_002926065.1-RS_2024_04_28	2024-04-28	4233077		17	Contig	2018-02-13	PREZ01	17	41.5							4273	Planococcaceae	95.1	6.9
ASM1438506v1	GCF_014385065.1	GCA_014385065.1	Lentihominibacter hominis	2763645		NSJ-24					GCF_014385065.1-RS_2025_03_02	2025-03-02	2251989		6	Contig	2020-09-01	JACRTA01	6	40							2141	Clostridiales	97.37	
ASM778645v1	GCF_007786455.1	GCA_007786455.1	Paenibacillus agilis	3020863		N4					GCF_007786455.1-RS_2025_03_07	2025-03-07	5805076		18	Scaffold	2019-07-31	VNJK01	13	43							5313	Paenibacillus	99.03	0.25
ASM540538v1	GCF_005405385.1	GCA_005405385.1	Lactiplantibacillus mudanjiangensis	1296538		11050					GCF_005405385.1-RS_2025_08_26	2025-08-26	3289607		13	Contig	2019-03-29	BJDY01	13	43							3252	Lactobacillaceae	99.02	1.17
ASM1690907v1	GCF_016909075.1	GCA_016909075.1	Priestia iocasae	2291674		DSM 104297					GCF_016909075.1-RS_2025_03_09	2025-03-09	3961999		19	Contig	2021-02-19	JAFBFC01	19	37.5							4008	Bacillaceae	99.35	1.94
PRJEB13977	GCF_900086595.1	GCA_900086595.1	Clostridium nigeriense	1805470		Marseille-P2414T					GCF_900086595.1-RS_2025_12_11	2025-12-11	3799489		19	Scaffold	2016-06-06	FLKB01	4	28.5							3688	Clostridium	99.69	2.53
ASM1463498v1	GCF_014634985.1	GCA_014634985.1	Macrococcus hajekii	198482		CCM 4809					GCF_014634985.1-RS_2024_09_02	2024-09-02	2056514		17	Contig	2020-09-11	BMCC01	17	40							2260	Staphylococcaceae	91.45	1.37
ASM1432340v1	GCF_014323405.1	GCA_014323405.1	Romboutsia faecis	2764597		NSJ-18					GCF_014323405.1-RS_2025_12_13	2025-12-13	3475983		38	Contig	2020-08-26	JACRWE01	38	28							3448	Peptostreptococcaceae	99.34	
ASM201976v1	GCF_002019765.1	GCA_002019765.1	Shouchella oshimensis	290588		DSM 18940					GCF_002019765.1-RS_2025_07_22	2025-07-22	4058377		13	Scaffold	2017-03-06	MTIW01	1	40							4163	Bacillaceae	99.35	
ASM1438478v1	GCF_014384785.1	GCA_014384785.1	Congzhengia minquanensis	2763657		H8					GCF_014384785.1-RS_2025_05_22	2025-05-22	2802181		19	Contig	2020-09-01	JACRSU01	19	45							2660	Ruminococcaceae	96.58	
PRJEB18033	GCF_900155585.1	GCA_900155585.1	Aedoeadaptatus urinae	1871017		Marseille-P3195T					GCF_900155585.1-RS_2025_03_03	2025-03-03	1822826		5	Scaffold	2017-02-02	FTPC01	4	49.5							1781	Bacteria	96.55	
ASM4268224v1	GCF_042682245.1	GCA_042682245.1	Metabacillus endolithicus	1535204		KCTC 33579					GCF_042682245.1-RS_2025_03_02	2025-03-02	5286613		39	Scaffold	2024-10-06	JBHUIK01	34	35.5							5335	Bacillaceae	99.35	1.58
ASM1483664v1	GCF_014836645.1	GCA_014836645.1	Fictibacillus norfolkensis	2762233		Sa2CUA10					GCF_014836645.1-RS_2025_05_11	2025-05-11	4031565		24	Contig	2020-09-30	JACSQM01	24	39.5							4133	Bacillaceae	98.6	0.32
ASM4265652v1	GCF_042656525.1	GCA_042656525.1	Thalassorhabdus alkalitolerans	2282697		CGMCC 1.15772					GCF_042656525.1-RS_2025_03_02	2025-03-02	3377654		19	Scaffold	2024-10-06	JBHSOZ01	17	41.5							3415	Bacillaceae	99.35	1.08
Rubeoparvulum massiliensis	GCF_001049895.1	GCA_001049895.1	Rubeoparvulum massiliense	1631346		mt6					GCF_001049895.1-RS_2025_12_11	2025-12-11	2843796		6	Contig	2015-06-30	CVPE01	6	44							2812	Bacillaceae	91.32	1.97
ASM3081422v1	GCF_030814225.1	GCA_030814225.1	Breznakia pachnodae	265178		DSM 16784					GCF_030814225.1-RS_2025_08_20	2025-08-20	4301580		22	Contig	2023-08-18	JAUSUR01	22	32.5							4061	Erysipelotrichaceae	97.92	1.89
IMG-taxon 2599185225 annotated assembly	GCF_900100845.1	GCA_900100845.1	Natronincola ferrireducens	393762		DSM 18346					GCF_900100845.1-RS_2025_12_13	2025-12-13	3107081		24	Contig	2016-10-21	FNFP01	24	35							3005	Clostridia	98.18	1.06
ASM1787425v1	GCF_017874255.1	GCA_017874255.1	Paenibacillus shirakamiensis	1265935		DSM 26806					GCF_017874255.1-RS_2025_04_30	2025-04-30	4087951		15	Contig	2021-04-08	JAGGLD01	15	43							3838	Paenibacillus	98.94	0.65
ASM3686476v1	GCF_036864765.1	GCA_036864765.1	Paenibacillus sanfengchensis	3119819		H32					GCF_036864765.1-RS_2025_02_24	2025-02-24	5951111		32	Contig	2024-02-23	JBAGJC01	32	52.5							5396	Paenibacillus	99.72	0.69
ASM3145415v1	GCF_031454155.1	GCA_031454155.1	Desmospora profundinema	1571184		DSM 45903					GCF_031454155.1-RS_2025_09_15	2025-09-15	3651457		18	Contig	2023-09-13	JAVDQG01	18	52							3566	Thermoactinomycetaceae	84.69	11.55
ASM1891921v1	GCF_018919215.1	GCA_018919215.1	Alkaliphilus flagellatus	2841507		MSJ-5					GCF_018919215.1-RS_2025_12_13	2025-12-13	3599251		30	Contig	2021-06-16	JAHLQK01	30	31.5							3605	Alkaliphilus	90.05	12.23
ASM1438474v1	GCF_014384745.1	GCA_014384745.1	Luoshenia tenuis	2763654		NSJ-44					GCF_014384745.1-RS_2025_12_11	2025-12-11	2655978		11	Contig	2020-09-01	JACRSO01	11	57.5							2489	Clostridia	98.91	
ASM511646v1	GCF_005116465.1	GCA_005116465.1	Robertmurraya kyonggiensis	1037680		NB22					GCF_005116465.1-RS_2025_08_01	2025-08-01	4820420		92	Contig	2019-05-02	SWBM01	92	38							4842	Bacillaceae	98.71	1.34
ASM3710469v1	GCF_037104695.1	GCA_037104695.1	Bacillus yunxiaonensis	3127665		FJAT-53711					GCF_037104695.1-RS_2025_02_02	2025-02-02	5032438		25	Contig	2024-03-11	JBAWSV01	25	36							5031	Bacillus	99.41	4.31
ASM399446v1	GCF_003994465.1	GCA_003994465.1	Paenibacillus zeisoli	2496267		3-5-3					GCF_003994465.1-RS_2025_05_04	2025-05-04	4401636		26	Contig	2019-01-05	RZNX01	26	48							4145	Paenibacillus	99.72	0.56
ASM2164668v1	GCF_021646685.1	GCA_021646685.1	Pseudalkalibacillus salsuginis	2910972		EGI L200015					GCF_021646685.1-RS_2025_05_11	2025-05-11	4290151		19	Contig	2022-01-26	JAKJHW01	19	41.5							4153	Bacillaceae	94.84	1.13
ASM4243439v1	GCF_042434395.1	GCA_042434395.1	Pontibacillus salicampi	1449801		NCAIM B.02529					GCF_042434395.1-RS_2025_09_29	2025-09-29	4138938		24	Contig	2024-09-28	JBHLTP01	24	40.5							4173	Pontibacillus	90.21	8.26
ASM82943v1	GCF_000829435.1	GCA_000829435.1	Jeotgalibacillus soli	889306		P9					GCF_000829435.1-RS_2025_04_07	2025-04-07	3776953		24	Contig	2015-01-27	JXRP01	24	39.5							3874	Planococcaceae	93.54	7.14
ASM1428806v1	GCF_014288065.1	GCA_014288065.1	Ruminococcus intestinalis	2763066		NSJ-71					GCF_014288065.1-RS_2025_07_15	2025-07-15	2436182		19	Contig	2020-08-24	JACOPS01	19	39							2406	Ruminococcus	94.3	1.95
ASM983111v1	GCF_009831115.1	GCA_009831115.1	Salinicoccus hispanicus	157225		J-82					GCF_009831115.1-RS_2025_12_09	2025-12-09	2520358		8	Contig	2020-01-06	WUUK01	8	46.5							2587	Salinicoccus	75.42	6.88
ASM434182v1	GCF_004341825.1	GCA_004341825.1	Hazenella coriacea	1179467		DSM 45707					GCF_004341825.1-RS_2025_04_17	2025-04-17	3031320		23	Contig	2019-03-11	SMAG01	23	39.5							3002	Thermoactinomycetaceae	78.4	8.97
ASM1586320v1	GCF_015863205.1	GCA_015863205.1	Facklamia lactis	2749967		DSM 111018					GCF_015863205.1-RS_2025_08_05	2025-08-05	2213095		30	Contig	2020-12-08	JACBXQ01	30	36.5							2174	Facklamia	96.78	8.1
Q2617	GCF_903645285.1	GCA_903645285.1	Streptococcus thalassemiae	2736608		Marseille-Q2617					GCF_903645285.1-RS_2025_03_16	2025-03-16	2026783		5	Contig	2020-06-05	CAHJXN01	5	40.5							1966	Streptococcus	99.85	
PRJEB18960	GCF_900156865.1	GCA_900156865.1	Litchfieldia sinesaloumensis	1926280		Marseille-P3516T					GCF_900156865.1-RS_2025_03_09	2025-03-09	4556449		26	Scaffold	2017-02-09	FTOX01	3	38							4501	Bacillus	97.96	2.29
PRJEB15625	GCF_900098925.1	GCA_900098925.1	Bacillus massiliglaciei	1816693		Marseille-P2600T					GCF_900098925.1-RS_2025_12_09	2025-12-09	4145721		28	Scaffold	2016-10-25	FMSO01	19	42							4226	Bacillus	98.63	0.07
PRJEB8936_assembly_1	GCF_001375655.1	GCA_001375655.1	Streptococcus varani	1608583		FF10					GCF_001375655.1-RS_2025_05_02	2025-05-02	2460376		16	Contig	2015-04-22	CTEN01	16	40.5							2492	Streptococcus	100	0.53
ASM312412v1	GCF_003124125.1	GCA_003124125.1	Levilactobacillus bambusae	2024736		BS-W1					GCF_003124125.1-RS_2025_08_20	2025-08-20	1966274		43	Scaffold	2018-05-15	QCXQ01	40	46.5							1990	Lactobacillaceae	98.6	0.75
53750_C02	GCF_900456775.1	GCA_900456775.1	Sarcina ventriculi	1267		NCTC12966					GCF_900456775.1-RS_2025_12_12	2025-12-12	2549638		14	Contig	2018-06-28	UAUL01	14	27.5							2483	Clostridiaceae	88.93	4.59
ASM173028v1	GCF_001730285.1	GCA_001730285.1	Enterococcus ureasiticus	903984		DSM 23328					GCF_001730285.1-RS_2025_03_28	2025-03-28	3585398		19	Contig	2016-09-16	MIJZ01	19	36							3343	Enterococcus	98.96	2.67
ASM4019569v1	GCF_040195695.1	GCA_040195695.1	Paenibacillus wuxiensis	3160969		P4					GCF_040195695.1-RS_2025_09_26	2025-09-26	6670766		58	Scaffold	2024-06-15	JBEFZI01	48	46.5							5906	Paenibacillaceae	99.58	0.05
ASM1672296v1	GCF_016722965.1	GCA_016722965.1	Tumebacillus amylolyticus	2801339		ITR2					GCF_016722965.1-RS_2025_05_26	2025-05-26	4805799		33	Scaffold	2021-01-19	JAEQNB01	31	55							4791	Alicyclobacillaceae	95.84	12.58
Enterococcus massiliensis	GCF_001050095.1	GCA_001050095.1	Enterococcus massiliensis	1640685		AM1					GCF_001050095.1-RS_2025_12_11	2025-12-11	2712841		7	Contig	2015-06-30	CVRN01	7	39.5							2694	Enterococcus	96.91	3.75
ASM362830v1	GCF_003628305.1	GCA_003628305.1	Cohnella endophytica	2419778		M2MS4P-1					GCF_003628305.1-RS_2025_12_09	2025-12-09	6268162		32	Contig	2018-10-11	RBZM01	32	51.5							5414	Cohnella	96.21	11.71
ASM1428812v1	GCF_014288125.1	GCA_014288125.1	Pseudoflavonifractor hominis	2763059		New-38					GCF_014288125.1-RS_2025_07_15	2025-07-15	3057742		33	Contig	2020-08-24	JACOPR01	33	60							3015	Ruminococcaceae	97.52	1.53
ASM812476v1	GCF_008124765.1	GCA_008124765.1	Paenibacillus methanolicus	582686		BL24					GCF_008124765.1-RS_2025_05_04	2025-05-04	8262020		37	Scaffold	2019-08-29	VNHS01	36	57.5							7129	Paenibacillus	99.72	1.35
PRJEB15304	GCF_900095825.1	GCA_900095825.1	Acidaminococcus massiliensis	1852375		Marseille-P2828					GCF_900095825.1-RS_2025_12_13	2025-12-13	2669996		8	Scaffold	2016-09-09	FMIW01	4	53.5							2532	Acidaminococcus	94.24	7.79
ASM98679v1	GCF_000986795.1	GCA_000986795.1	Salinicoccus sediminis	1432562		SV-16					GCF_000986795.1-RS_2025_12_11	2025-12-11	2591284		26	Contig	2015-05-01	LAYZ01	26	48.5							2692	Salinicoccus	87.76	3.29
Limosilactobacillus_sp_nov1_DSM110982	GCF_943192935.1	GCA_943192935.1	Limosilactobacillus caecicola	2941332		DSM 110982					GCF_943192935.1-RS_2025_12_09	2025-12-09	1694529		11	Contig	2022-06-10	CALPCI01	11	44.5							1711	Lactobacillaceae	99.35	
PRJEB17078	GCF_900111815.1	GCA_900111815.1	Bacillus mediterraneensis	1805474		Marseille-P2366					GCF_900111815.1-RS_2025_05_17	2025-05-17	3340964		37	Scaffold	2016-11-02	FOJL01	28	42.5							3506	Bacillus	97.06	1.18
ASM1690856v1	GCF_016908565.1	GCA_016908565.1	Sutcliffiella tianshenii	1463404		DSM 25879					GCF_016908565.1-RS_2025_03_09	2025-03-09	4216639		26	Contig	2021-02-19	JAFBED01	26	43							4297	Bacillus	97.87	0.69
ASM4265580v1	GCF_042655805.1	GCA_042655805.1	Sporosarcina soli	334736		KACC 11300					GCF_042655805.1-RS_2025_03_02	2025-03-02	5219213		30	Scaffold	2024-10-06	JBHSNO01	27	42.5							4993	Sporosarcina	94.35	19.1
ASM1483698v1	GCF_014836985.1	GCA_014836985.1	Planococcus wigleyi	2762216		Sa1BUA13					GCF_014836985.1-RS_2025_11_23	2025-11-23	3752086		28	Scaffold	2020-09-30	JACSPU01	22	45							3776	Planococcus	90.32	7.8
ASM2289893v1	GCF_022898935.1	GCA_022898935.1	Paenibacillus mangrovi	2931978		KQZ6P-2					GCF_022898935.1-RS_2025_04_26	2025-04-26	5937633		32	Contig	2022-04-11	JALIRP01	32	47							5456	Paenibacillus	99.58	0.74
ASM960243v1	GCF_009602435.1	GCA_009602435.1	Sediminibacillus terrae	1562106		JSM 102062					GCF_009602435.1-RS_2025_03_16	2025-03-16	4093757		31	Scaffold	2019-11-06	VZDQ01	29	44							4034	Bacillaceae	99.03	0.11
ASM1318449v1	GCF_013184495.1	GCA_013184495.1	Sporosarcina jiandibaonis	2715535		LAM9210					GCF_013184495.1-RS_2025_05_05	2025-05-05	3630029		25	Contig	2020-05-28	JAAOIY01	25	40							3705	Sporosarcina	92.6	10.72
ASM130710v1	GCF_001307105.1	GCA_001307105.1	Bacillus australimaris	1326968		NH7I_1					GCF_001307105.1-RS_2025_03_28	2025-03-28	3649005		31	Contig	2015-10-06	LGYN01	31	41.5							3741	Bacillus	98.92	0.29
IMG-taxon 2667528169 annotated assembly	GCF_900143085.1	GCA_900143085.1	Gracilibacillus kekensis	1027249		CGMCC 1.10681					GCF_900143085.1-RS_2024_04_25	2024-04-25	3981756		17	Scaffold	2016-12-03	FRCZ01	13	36							3805	Bacillaceae	98.71	0.3
ASM1420765v1	GCF_014207655.1	GCA_014207655.1	Geomicrobium halophilum	549000		DSM 21769					GCF_014207655.1-RS_2025_05_05	2025-05-05	3510585		13	Scaffold	2020-08-14	JACHHJ01	11	43							3525	Bacillales	98.51	1.68
ASM1690851v1	GCF_016908515.1	GCA_016908515.1	Virgibacillus halotolerans	1071053		DSM 25060					GCF_016908515.1-RS_2025_03_29	2025-03-29	4362587		21	Contig	2021-02-19	JAFBEA01	21	38.5							4365	Bacillaceae	97.69	3.55
ASM170043v1	GCF_001700435.1	GCA_001700435.1	Paenibacillus pectinilyticus	512399		KCTC13222					GCF_001700435.1-RS_2025_04_21	2025-04-21	7877932		43	Scaffold	2016-08-05	LYPC01	32	45.5							6797	Paenibacillus	99.72	
FF3	GCF_000612805.1	GCA_000612805.1	Bacillus ndiopicus	1347368					FF3		GCF_000612805.1-RS_2025_12_09	2025-12-09	4068163		25	Scaffold	2014-03-26	CCAP01	23	37							4006	Bacillus	95.53	2.11
IMG-taxon 2740891863 annotated assembly	GCF_900207585.1	GCA_900207585.1	Bacillus oleivorans	1448271		JC228					GCF_900207585.1-RS_2025_05_03	2025-05-03	4511824		27	Scaffold	2017-09-28	OAOP01	26	39							4529	Bacillus	98.99	3.06
ASM1007838v1	GCF_010078385.1	GCA_010078385.1	Chengkuizengella sediminis	1885917		J15A17					GCF_010078385.1-RS_2025_03_28	2025-03-28	4567822		26	Contig	2020-01-31	SIJC01	26	34							4319	Paenibacillaceae	96.01	0.83
ASM3433501v1	GCF_034335015.1	GCA_034335015.1	Neglectibacter caecimuris	3093658		M00184					GCF_034335015.1-RS_2025_07_21	2025-07-21	3089163		21	Contig	2023-12-13	JAWXXK01	21	53							2768	Ruminococcaceae	97.52	1.55
ASM1682061v1	GCF_016820615.1	GCA_016820615.1	Planococcus beijingensis	2782551		REN14					GCF_016820615.1-RS_2025_06_10	2025-06-10	3713775		21	Contig	2021-02-07	JADHDZ01	21	45							3690	Planococcus	92.44	8.77
ASM435820v1	GCF_004358205.1	GCA_004358205.1	Bacillus salipaludis	2547811		WN066					GCF_004358205.1-RS_2025_12_11	2025-12-11	6213503		100	Contig	2019-03-19	SMYO01	100	38.5							6287	Bacillus	98.24	4.03
ASM4265008v1	GCF_042650085.1	GCA_042650085.1	Oceanobacillus longus	930120		IBRC-M 10703					GCF_042650085.1-RS_2025_11_20	2025-11-20	3758280		27	Scaffold	2024-10-05	JBHSAO01	26	37.5							3717	Oceanobacillus	71.65	14.29
ASM360538v2	GCF_003605385.1	GCA_003605385.2	Siminovitchia acidinfaciens	2321395		3-2-2					GCF_003605385.1-RS_2025_12_11	2025-12-11	4311621		32	Scaffold	2018-12-16	QYTV02	30	42							4111	Bacillaceae	96.29	1.77
ASM226084v1	GCF_002260845.1	GCA_002260845.1	Pseudolactococcus reticulitermitis	2025039		Rs-Y01					GCF_002260845.1-RS_2025_06_08	2025-06-08	2169598		20	Contig	2017-08-10	BEDT01	20	41.5							2172	Streptococcaceae	97.82	2.88
ASM386503v1	GCF_003865035.1	GCA_003865035.1	Anaerotignum faecicola	2358141		KCTC 15736					GCF_003865035.1-RS_2025_12_13	2025-12-13	2520658		14	Contig	2018-10-15	BHVZ01	14	47.5							2481	Clostridia	99.09	
ASM2673516v1	GCF_026735165.1	GCA_026735165.1	Clostridium ganghwense	312089		HY-42-06					GCF_026735165.1-RS_2025_03_09	2025-03-09	4118181		33	Scaffold	2022-12-07	JAPQES01	30	29							3999	Clostridium	98.76	1.37
ASM1523421v1	GCF_015234215.1	GCA_015234215.1	Clostridium chrysemydis	2665504		PT					GCF_015234215.1-RS_2025_03_27	2025-03-27	3431939		31	Contig	2020-11-04	JADEKP01	31	29							3463	Clostridium	99.69	0.78
ASM168501v1	GCF_001685015.1	GCA_001685015.1	Pseudobacillus wudalianchiensis	1743143		FJAT-27215					GCF_001685015.1-RS_2025_05_02	2025-05-02	4427097		32	Contig	2016-07-14	MAYT01	32	41							4461	Bacillaceae	99.34	2.9
PRJEB13908	GCF_900086725.1	GCA_900086725.1	Bariatricus massiliensis	1745713		AT12					GCF_900086725.1-RS_2025_12_13	2025-12-13	4219447		20	Scaffold	2016-05-13	FLKG01	11	45							4058	Lachnospiraceae	98.75	0.52
PRJEB13948	GCF_900086655.1	GCA_900086655.1	Paenibacillus tuaregi	1816681		Marseille-P2472T					GCF_900086655.1-RS_2025_12_11	2025-12-11	5668632		24	Scaffold	2016-06-06	FLKE01	4	49							5154	Paenibacillus	99.17	0.57
ASM3953632v1	GCF_039536325.1	GCA_039536325.1	Paenibacillus hodogayensis	279208		JCM 12520					GCF_039536325.1-RS_2025_05_10	2025-05-10	8416869		35	Scaffold	2024-02-23	BAAAYO01	23	55							7137	Paenibacillus	99.72	0.82
ASM321777v1	GCF_003217775.1	GCA_003217775.1	Paenibacillus flagellatus	2211139		DXL2					GCF_003217775.1-RS_2025_05_04	2025-05-04	7244097		37	Contig	2018-06-12	QJVJ01	37	60							6403	Paenibacillus	99.53	1.3
ASM975799v1	GCF_009757995.1	GCA_009757995.1	Paenibacillus anseongense	2682845		MAH-34					GCF_009757995.1-RS_2025_03_28	2025-03-28	8647010		45	Scaffold	2019-12-16	WSEM01	42	46							7807	Paenibacillus	99.72	0.83
CIP111892	GCF_927798115.1	GCA_927798115.1	Paenibacillus auburnensis	2905649					CIP111892		GCF_927798115.1-RS_2025_04_15	2025-04-15	6439446		28	Scaffold	2022-01-24	CAKMMG01	25	50							5751	Paenibacillus	99.11	2.06
ASM1690105v1	GCF_016901055.1	GCA_016901055.1	Alteribacter salitolerans	2912333		APA H-16(1)					GCF_016901055.1-RS_2025_03_13	2025-03-13	4182069		27	Scaffold	2021-02-16	JAFEUX01	26	45							4094	Bacillaceae	99.35	
ASM1453465v1	GCF_014534655.1	GCA_014534655.1	Paenibacillus sedimenti	2770274		WST5					GCF_014534655.1-RS_2025_09_29	2025-09-29	7228227		68	Contig	2020-09-14	JACVVD01	68	47							6765	Paenibacillus	99.72	0.72
ASM96724v1	GCF_000967245.1	GCA_000967245.1	Bombilactobacillus mellis	1218508		Hon2					GCF_000967245.1-RS_2025_05_13	2025-05-13	1810599		17	Scaffold	2015-03-31	JXBZ01	7	36							1725	Lactobacillaceae	98.89	0.33
PRJEB25878	GCF_900343155.1	GCA_900343155.1	Lactimicrobium massiliense	2161814		Marseille-P4301					GCF_900343155.1-RS_2025_04_30	2025-04-30	2457574		7	Contig	2018-05-02	OUNG01	7	47.5							2416	Erysipelotrichaceae	89.94	
ASM1483690v1	GCF_014836905.1	GCA_014836905.1	Solibacillus faecavium	2762221		A46					GCF_014836905.1-RS_2025_11_23	2025-11-23	3823945		36	Scaffold	2020-09-30	JACSPZ01	32	37							3852	Planococcaceae	92.87	7.55
ASM305229v1	GCF_003052295.1	GCA_003052295.1	Trichococcus paludicola	2052942		B7-2					GCF_003052295.1-RS_2025_12_09	2025-12-09	1935222		5	Contig	2018-04-16	QBLC01	5	47							1782	Carnobacteriaceae	73.22	1.58
ASM336280v1	GCF_003362805.1	GCA_003362805.1	Neobacillus piezotolerans	2259171		YLB-04					GCF_003362805.1-RS_2025_08_07	2025-08-07	4528037		36	Contig	2018-08-06	QNQT01	36	45.5							4546	Bacillaceae	97.74	0.53
ASM3233751v1	GCF_032337515.1	GCA_032337515.1	Rossellomorea yichunensis	3077331		YC4-1					GCF_032337515.1-RS_2025_11_22	2025-11-22	4694377		31	Scaffold	2023-10-03	JAVYAD01	25	41.5							4675	Bacillaceae	99.35	1.88
ASM433909v1	GCF_004339095.1	GCA_004339095.1	Natranaerovirga hydrolytica	680378		DSM 24176					GCF_004339095.1-RS_2025_08_25	2025-08-25	2984055		19	Contig	2019-03-11	SMGQ01	19	32.5							2840	Clostridia	98.18	
ASM3043363v1	GCF_030433635.1	GCA_030433635.1	Paenibacillus vandeheii	3035917		F6_3S_P_1C					GCF_030433635.1-RS_2025_07_13	2025-07-13	7035527		49	Contig	2023-07-11	JAROCD01	49	46							6395	Paenibacillus	99.72	0.14
ASM151766v2	GCF_001517665.2	GCA_001517665.2	Peptoniphilus phoceensis	1720298		SIT15					GCF_001517665.2-RS_2025_12_09	2025-12-09	1739703		12	Scaffold	2016-01-15	FCEX01	11	31							1692	Peptoniphilus	96.43	2.74
SOAPdenovo for version2.04 of Bacillus sp. FJAT-14515 genome	GCF_000504145.1	GCA_000504145.1	Bacillus cihuensis	1208599		FJAT-14515					GCF_000504145.1-RS_2025_12_09	2025-12-09	5443019		43	Scaffold	2013-12-06	AYSD01	28	37							5145	Bacillus	98.92	2.43
ASM1834362v1	GCF_018343625.1	GCA_018343625.1	Lederbergia citri	2833580		FJAT-49780					GCF_018343625.1-RS_2025_12_09	2025-12-09	4823521		19	Scaffold	2021-05-11	JAGYPG01	9	37							4805	Bacillaceae	96.94	1.67
ASM233574v1	GCF_002335745.1	GCA_002335745.1	Evansella halocellulosilytica	2011013		FJAT-44876					GCF_002335745.1-RS_2025_12_02	2025-12-02	5512723		21	Scaffold	2017-09-21	NIST01	2	38.5							5245	Bacillaceae	99.35	0.93
ASM202156v1	GCF_002021565.1	GCA_002021565.1	Paenibacillus selenitireducens	1324314		ES3-24					GCF_002021565.1-RS_2025_12_13	2025-12-13	6890642		44	Contig	2017-03-06	MSZX01	44	45							6531	Paenibacillus	99.17	0.14
ASM1429017v1	GCF_014290175.1	GCA_014290175.1	Anaerosacchariphilus hominis	2763017		NSJ-68					GCF_014290175.1-RS_2025_12_13	2025-12-13	3299248		32	Contig	2020-08-24	JACOOR01	32	50.5							3266	Lachnospiraceae	98.44	0.83
ASM1428762v1	GCF_014287625.1	GCA_014287625.1	Roseburia difficilis	2763060		NSJ-67					GCF_014287625.1-RS_2025_12_13	2025-12-13	3223102		11	Contig	2020-08-24	JACOPJ01	11	50.5							3150	Roseburia	73.16	15.18
CIP111751	GCF_903994065.1	GCA_903994065.1	Jeotgalicoccus coquinae	709509		CIP 111751					GCF_903994065.1-RS_2025_12_11	2025-12-11	2207844		10	Scaffold	2020-08-20	CAJEWA01	9	41.5							2266	Jeotgalicoccus	89.12	3.92
PRJEB22825	GCF_900232905.1	GCA_900232905.1	Miniphocaeibacter massiliensis	2041841		Marseille-P4678					GCF_900232905.1-RS_2025_04_08	2025-04-08	2077648		13	Contig	2017-10-15	OCTQ01	13	28							2174	Bacteria	98.28	
ASM1459594v1	GCF_014595945.1	GCA_014595945.1	Alkalibacillus aidingensis	2747607		YIM 98829					GCF_014595945.1-RS_2025_11_22	2025-11-22	2843321		26	Scaffold	2020-09-15	JABXWU01	25	38							2931	Bacillaceae	98.17	0.65
PRJEB23933	GCF_900290285.1	GCA_900290285.1	Selenomonas massiliensis	2058293		Marseille-P4036					GCF_900290285.1-RS_2025_12_09	2025-12-09	2587005		15	Scaffold	2018-02-26	OLMJ01	13	56.5							2446	Selenomonas	99.66	0.43
ASM2235205v1	GCF_022352055.1	GCA_022352055.1	Cohnella mopanensis	2911966		YIM B01951					GCF_022352055.1-RS_2025_08_08	2025-08-08	5812450		57	Contig	2022-02-21	JAKRWM01	57	49							5295	Cohnella	97.09	11.61
ASM4636549v1	GCF_046365495.1	GCA_046365495.1	Anaerococcus cruorum	3115617		ENR1039					GCF_046365495.1-RS_2025_02_16	2025-02-16	1648583		14	Scaffold	2024-12-30	JBGMEH01	13	32							1639	Anaerococcus	91.9	2.24
IMG-taxon 2684622904 annotated assembly	GCF_900106595.1	GCA_900106595.1	Marinococcus luteus	1122204		DSM 23126					GCF_900106595.1-RS_2025_05_03	2025-05-03	2908575		17	Scaffold	2016-10-22	FNNC01	15	48							2989	Bacillaceae	91.8	0.7
ASM1566617v1	GCF_015666175.1	GCA_015666175.1	Halonatronomonas betaini	2778430		Z-7014					GCF_015666175.1-RS_2025_05_13	2025-05-13	2963150		19	Scaffold	2020-11-23	JADPIE01	16	36							2848	Halanaerobiales	93.31	4.43
ASM3655366v1	GCF_036553665.1	GCA_036553665.1	Paenibacillus haidiansis	1574488		M1					GCF_036553665.1-RS_2025_02_11	2025-02-11	5706351		44	Contig	2024-02-12	JAZHPZ01	44	52							5400	Paenibacillus	99.17	0.56
ASM1793970v1	GCF_017939705.1	GCA_017939705.1	Halalkalibacter suaedae	2822140		YZJH907-2					GCF_017939705.1-RS_2025_03_09	2025-03-09	4324862		30	Contig	2021-04-13	JAGKSQ01	30	38							4423	Bacillus	98.24	0.59
ASM4265446v1	GCF_042654465.1	GCA_042654465.1	Planococcus dechangensis	1176255		CGMCC 1.12151					GCF_042654465.1-RS_2025_03_02	2025-03-02	3358344		21	Scaffold	2024-10-05	JBHSGL01	16	47.5							3386	Planococcus	83.53	6.72
PRJEB16357	GCF_900104665.1	GCA_900104665.1	Traorella massiliensis	1903263		Marseille-P3110T					GCF_900104665.1-RS_2025_12_11	2025-12-11	2606093		14	Scaffold	2016-10-28	FNLJ01	9	36							2639	Erysipelotrichaceae	99.79	
ASM71203v1	GCF_000712035.1	GCA_000712035.1	Salinicoccus luteus DSM 17002	1123233		DSM 17002					GCF_000712035.1-RS_2025_05_02	2025-05-02	2554929		13	Scaffold	2014-06-25	JONV01	12	49							2619	Salinicoccus	77.1	8.06
Paenibacillus bouchesdurhonensis	GCF_900155685.1	GCA_900155685.1	Paenibacillus bouchesdurhonensis	1870990		Marseille-P3071T					GCF_900155685.1-RS_2025_12_09	2025-12-09	5824920		33	Scaffold	2017-02-09	FTLT01	8	47.5							5199	Paenibacillus	99.58	
ASM4268316v1	GCF_042683165.1	GCA_042683165.1	Tigheibacillus halophilus	361280		KCTC 13935					GCF_042683165.1-RS_2025_03_02	2025-03-02	4137495		32	Scaffold	2024-10-06	JBHUIZ01	25	41.5							4068	Bacillaceae	97.3	1.08
ASM3952154v1	GCF_039521545.1	GCA_039521545.1	Clostridium nitritogenes	83340		JCM 6485					GCF_039521545.1-RS_2025_05_16	2025-05-16	3094854		26	Scaffold	2024-02-23	BAAACO01	15	28							3054	Clostridium	98.76	0.95
ASM279739v1	GCF_002797395.1	GCA_002797395.1	Bacillus solitudinis	2014074		FJAT-45086					GCF_002797395.1-RS_2025_11_26	2025-11-26	4678137		39	Scaffold	2017-11-28	NJAX01	5	38							4686	Bacillus	98.24	2.42
ASM328995v1	GCF_003289955.1	GCA_003289955.1	Planococcus halotolerans	2233542		SCU63					GCF_003289955.1-RS_2025_03_28	2025-03-28	3622698		17	Contig	2018-07-06	QLZR01	17	44.5							3666	Planococcus	85.19	12.77
ASM1361847v1	GCF_013618475.1	GCA_013618475.1	Saccharibacillus deserti	1634444		WLJ055					GCF_013618475.1-RS_2025_05_05	2025-05-05	5126128		19	Contig	2020-07-24	JABJVN01	19	56							4536	Saccharibacillus	93.15	3.8
ASM225256v1	GCF_002252565.1	GCA_002252565.1	Petroclostridium xylanilyticum	1792311		SK-Y3					GCF_002252565.1-RS_2025_04_12	2025-04-12	3863184		41	Contig	2017-08-15	NPML01	41	37							3760	Ruminococcaceae	98.76	3.03
ASM783017v1	GCF_007830175.1	GCA_007830175.1	Sedimentibacter saalensis	130788		DSM 13558					GCF_007830175.1-RS_2025_05_04	2025-05-04	3834552		28	Scaffold	2019-08-02	VLKH01	23	36							3620	Bacteria	98.28	3.45
ASM325415v1	GCF_003254155.1	GCA_003254155.1	Psychrobacillus insolitus	1461		DSM 5					GCF_003254155.1-RS_2025_05_04	2025-05-04	3288307		35	Scaffold	2018-06-19	QKZI01	33	36							3361	Bacillaceae	97.85	0.81
ASM4051338v1	GCF_040513385.1	GCA_040513385.1	Sporolactobacillus caesalpiniae	3230362		STCC-11					GCF_040513385.1-RS_2025_09_20	2025-09-20	3568119		30	Contig	2024-07-03	JBEVCB01	30	44							3432	Sporolactobacillaceae	87.05	18.69
ASM3246194v1	GCF_032461945.1	GCA_032461945.1	Paenibacillus violae	3077234		PFR10					GCF_032461945.1-RS_2025_12_02	2025-12-02	7890983		36	Scaffold	2023-10-07	JAWCUD01	35	46							7313	Paenibacillus	99.72	0.83
ASM161155v1	GCF_001611555.1	GCA_001611555.1	Anaerosporomusa subterranea	1794912		RU4					GCF_001611555.1-RS_2025_02_02	2025-02-02	3968191		28	Contig	2016-04-05	LSGP01	28	47							3825	Selenomonadales	99.4	4.43
ASM5011371v1	GCF_050113715.1	GCA_050113715.1	Brevibacillus ginsengisoli	363854		KCTC 13938					GCF_050113715.1-RS_2025_05_05	2025-05-05	4698670		27	Scaffold	2025-05-04	JBNJQR01	25	45							4673	Brevibacillus	85.56	14.14
ASM2251158v1	GCF_022511585.1	GCA_022511585.1	Shimazuella soli	1892854		AN120528					GCF_022511585.1-RS_2025_03_28	2025-03-28	3371008		25	Contig	2022-03-07	JAKWBN01	25	39							3582	Thermoactinomycetaceae	86.03	3.27
ASM2254921v1	GCF_022549215.1	GCA_022549215.1	Solibacillus palustris	2908203		MA9					GCF_022549215.1-RS_2025_12_13	2025-12-13	3996178		43	Contig	2022-03-12	JAKZFC01	43	37							4000	Planococcaceae	92.51	9.52
NGEN (DNA Star)	GCF_000633635.1	GCA_000633635.1	Enterococcus crotali	1453587		ETRF1					GCF_000633635.1-RS_2025_03_29	2025-03-29	3902091		20	Contig	2014-04-18	AYPQ01	20	36.5							3765	Enterococcus	88.37	2.05
ASM361049v1	GCF_003610495.1	GCA_003610495.1	Sinobaca qinghaiensis	342944		DSM 17008					GCF_003610495.1-RS_2025_05_04	2025-05-04	3403958		18	Scaffold	2018-10-02	RAPK01	14	44.5							3472	Sporolactobacillaceae	72.03	26.86
ASM395032v1	GCF_003950325.1	GCA_003950325.1	Vagococcus humatus	1889241		JCM 31581					GCF_003950325.1-RS_2025_04_17	2025-04-17	2096134		10	Contig	2018-12-17	PXZH01	10	35							2059	Enterococcaceae	97.17	4.54
ASM143611v1	GCF_001436115.1	GCA_001436115.1	Lacticaseibacillus brantae DSM 23927	1423727		DSM 23927					GCF_001436115.1-RS_2025_03_28	2025-03-28	1929842		12	Contig	2015-11-06	AYZQ01	12	47.5							1940	Lactobacillaceae	99.05	
ASM1891917v1	GCF_018919175.1	GCA_018919175.1	Clostridium simiarum	2841506		MSJ-4					GCF_018919175.1-RS_2025_05_06	2025-05-06	3798665		59	Contig	2021-06-16	JAHLQL01	59	30.5							3512	Clostridium	99.38	1.66
ASM118398v1	GCF_001183985.1	GCA_001183985.1	Peribacillus loiseleuriae	1679170		FJAT-27997					GCF_001183985.1-RS_2025_05_02	2025-05-02	5428425		37	Scaffold	2015-07-21	LFZW01	7	37.5							5199	Bacillaceae	98.06	1.29
ASM394660v1	GCF_003946605.1	GCA_003946605.1	Companilactobacillus baiquanensis	2486005		184-8					GCF_003946605.1-RS_2025_11_23	2025-11-23	2237367		17	Contig	2018-12-14	RHOQ01	17	34.5							2204	Lactobacillaceae	98.85	1.14
ASM476604v1	GCF_004766045.1	GCA_004766045.1	Desulfosporosinus fructosivorans	2018669		63.6F					GCF_004766045.1-RS_2025_03_29	2025-03-29	6122266		39	Scaffold	2019-04-09	SPQQ01	38	42.5							5941	Desulfosporosinus	93.73	10.87
ASM3394996v1	GCF_033949965.1	GCA_033949965.1	Gracilibacillus pellucidus	3095368		S3-1-1					GCF_033949965.1-RS_2025_04_27	2025-04-27	3597807		32	Contig	2023-11-25	JAWZSR01	32	36							3530	Bacillaceae	98.53	1.67
ASM175028v1	GCF_001750285.1	GCA_001750285.1	Domibacillus iocasae	1714016		DSM 29979					GCF_001750285.1-RS_2025_05_02	2025-05-02	3464277		26	Contig	2016-09-30	MAMP01	26	43							3651	Bacillaceae	98.39	0.32
ASM3081495v1	GCF_030814955.1	GCA_030814955.1	Planomicrobium stackebrandtii	253160		DSM 16419					GCF_030814955.1-RS_2025_12_10	2025-12-10	3797630		22	Contig	2023-08-18	JAUSWB01	22	45							3783	Planococcaceae	99.19	1.83
ASM4268486v1	GCF_042684865.1	GCA_042684865.1	Salibacterium lacus	1898109		KCTC 33792					GCF_042684865.1-RS_2025_11_20	2025-11-20	3476733		14	Scaffold	2024-10-07	JBHUML01	9	48							3587	Bacillaceae	97.56	1.99
ASM593035v1	GCF_005930355.1	GCA_005930355.1	Paenibacillus sinopodophylli	1837342		CCTCC AB 2016047					GCF_005930355.1-RS_2025_05_04	2025-05-04	7041010		127	Scaffold	2019-06-03	VDBO01	110	46							6264	Paenibacillus	99.58	
ASM328992v1	GCF_003289925.1	GCA_003289925.1	Planococcus maitriensis	221799		S1					GCF_003289925.1-RS_2025_03_28	2025-03-28	3145619		16	Contig	2018-07-06	QLZQ01	16	50							3161	Planococcus	82.11	8.02
ASM1731248v1	GCF_017312485.1	GCA_017312485.1	Clostridium zeae	2759022		CSC2					GCF_017312485.1-RS_2025_08_26	2025-08-26	5839723		53	Scaffold	2021-02-24	BMBA01	41	31							5224	Clostridium	99.38	4.87
ASM478566v1	GCF_004785665.1	GCA_004785665.1	Staphylococcus pragensis	1611836		CCM 8529					GCF_004785665.1-RS_2025_03_29	2025-03-29	2449786	2	25	Scaffold	2019-04-10	SRPJ01	25	33							2470	Staphylococcus	98.72	0.06
ASM331346v1	GCF_003313465.1	GCA_003313465.1	Thermoflavimicrobium daqui	2137476		FBKL4.011					GCF_003313465.1-RS_2025_03_28	2025-03-28	3867702		41	Scaffold	2018-06-22	QJKK01	40	38							3643	Thermoactinomycetaceae	86.61	11.98
ASM1690801v1	GCF_016908015.1	GCA_016908015.1	Clostridium pascui	46609		DSM 10365					GCF_016908015.1-RS_2025_04_16	2025-04-16	3828744		21	Contig	2021-02-19	JAFBDB01	21	31							3836	Clostridium	99.38	2.09
ASM371096v1	GCF_003710965.1	GCA_003710965.1	Brevibacillus nitrificans	651560		JCM 15774					GCF_003710965.1-RS_2025_05_04	2025-05-04	6330991		40	Contig	2018-11-04	RHHU01	40	50.5							6187	Brevibacillus	92.39	12.73
ASM1690841v1	GCF_016908415.1	GCA_016908415.1	Caldicoprobacter guelmensis	1170224		DSM 24605					GCF_016908415.1-RS_2025_11_20	2025-11-20	2398524		20	Contig	2021-02-19	JAFBDW01	20	43.5							2292	Clostridia	99.09	0.91
ASM226293v1	GCF_002262935.1	GCA_002262935.1	Lottiidibacillus patelloidae	2670334		SA5d-4					GCF_002262935.1-RS_2025_12_13	2025-12-13	3028380		23	Contig	2017-08-22	NPIA01	23	35							3222	Bacillaceae	97.42	1.45
ASM1429735v1	GCF_014297355.1	GCA_014297355.1	Blautia intestinalis	2763028		27-44					GCF_014297355.1-RS_2025_12_13	2025-12-13	3481912		44	Contig	2020-08-25	JACOQE01	44	42.5							3368	Blautia	97.5	0.08
PRJEB22476	GCF_900215725.1	GCA_900215725.1	Ezakiella peruensis	1464038		M6.X2			M6.X2		GCF_900215725.1-RS_2025_05_03	2025-05-03	1673080		7	Scaffold	2017-10-31	OCSL01	5	37							1628	Bacteria	98.28	
ASM1787407v1	GCF_017874075.1	GCA_017874075.1	Cohnella thailandensis	557557		DSM 25241					GCF_017874075.1-RS_2025_04_30	2025-04-30	6922863		31	Contig	2021-04-08	JAGGKW01	31	57							6156	Cohnella	96.88	13.08
ASM1428800v1	GCF_014288005.1	GCA_014288005.1	Hungatella hominis	2763050		NSJ-66					GCF_014288005.1-RS_2025_06_16	2025-06-16	7159456		80	Contig	2020-08-24	JACOPB01	80	48.5							6551	Lachnospiraceae	99.06	2.37
YH-panp20	GCF_003725415.1	GCA_003725415.1	Absicoccus porci	2486576		YH-panp20					GCF_003725415.1-RS_2025_03_31	2025-03-31	2222132		15	Scaffold	2018-11-13	RJQC01	13	38.5							2349	Erysipelotrichaceae	96.73	2
ASM1104368v1	GCF_011043685.1	GCA_011043685.1	Paenibacillus apii	1850370		7124					GCF_011043685.1-RS_2025_12_11	2025-12-11	5404012		40	Contig	2020-02-29	JAAKGU01	40	52.5							5101	Paenibacillus	98.83	2.54
ASM1834366v1	GCF_018343665.1	GCA_018343665.1	Cytobacillus citreus	2833586		FJAT-49705					GCF_018343665.1-RS_2025_03_28	2025-03-28	5328100		35	Scaffold	2021-05-11	JAGYPM01	18	37							5205	Bacillaceae	98.71	1.4
ASM386247v1	GCF_003862475.1	GCA_003862475.1	Lachnoanaerobaculum gingivalis	2490855		KCOM 2030					GCF_003862475.1-RS_2025_12_13	2025-12-13	3097953		12	Contig	2018-12-04	RRCO01	12	36							2904	Lachnospiraceae	99.38	
ASM2556734v1	GCF_025567345.1	GCA_025567345.1	Coprococcus ammoniilyticus	2981785		H1_22					GCF_025567345.1-RS_2025_02_28	2025-02-28	2912566		12	Scaffold	2022-10-04	JAOQJS01	10	41							2591	Coprococcus	75.1	11.35
PRJEB22819	GCF_900626095.1	GCA_900626095.1	Clostridium rectalis	2040295		Marseille-P4200					GCF_900626095.1-RS_2025_04_13	2025-04-13	3279426		30	Contig	2018-12-05	UYZZ01	30	28							3266	Clostridium	99.38	0.47
ASM451447v2	GCF_004514475.2	GCA_004514475.2	Paenibacillus athensensis	1967502		MEC069					GCF_004514475.2-RS_2025_12_11	2025-12-11	5639291		63	Contig	2021-12-01	MYFO02	63	55.5							5062	Paenibacillus	99.17	1.35
ASM2989157v1	GCF_029891575.1	GCA_029891575.1	Salipaludibacillus daqingensis	3041001		DQ-9					GCF_029891575.1-RS_2025_04_28	2025-04-28	4581539		27	Contig	2023-04-28	JARZHF01	27	37.5							4396	Bacillaceae	98.71	0.7
ASM4088832v1	GCF_040888325.1	GCA_040888325.1	Streptococcus jiangnanensis	3095079		21WXBC0044M1					GCF_040888325.1-RS_2025_02_16	2025-02-16	1905364	1	20	Scaffold	2024-07-25	JBFNFF01	20	41							1842	Streptococcus	100	0.39
PRJEB19420	GCF_900166625.1	GCA_900166625.1	Halobacillus massiliensis	1926286		Marseille-P3554					GCF_900166625.1-RS_2025_05_03	2025-05-03	4312404		25	Scaffold	2017-03-24	FUVA01	2	41.5							4322	Halobacillus	93.08	12.93
ASM1428112v1	GCF_014281125.1	GCA_014281125.1	Lawsonibacter celer	2986526		NSJ-47					GCF_014281125.1-RS_2025_04_15	2025-04-15	2623040		17	Contig	2020-08-24	JACOEA01	17	60							2525	Ruminococcaceae	98.76	3.11
ASM1690839v1	GCF_016908395.1	GCA_016908395.1	Metabacillus crassostreae	929098		DSM 24486					GCF_016908395.1-RS_2025_03_28	2025-03-28	4900422		25	Contig	2021-02-19	JAFBDU01	25	34							4788	Bacillaceae	99.35	1.45
ASM1794208v1	GCF_017942085.1	GCA_017942085.1	Paenibacillus lignilyticus	1172615		DLE-14					GCF_017942085.1-RS_2025_03_28	2025-03-28	7327034		69	Contig	2021-04-13	JAGKSP01	69	51							6580	Paenibacillus	99.72	2.78
ASM3233410v2	GCF_032334105.1	GCA_032334105.2	Paenibacillus hubeiensis	3077330		ES5-4					GCF_032334105.1-RS_2025_07_30	2025-07-30	7190355		58	Scaffold	2024-05-06	JAVYAE02	54	50.5							6465	Paenibacillus	99.72	0.99
ASM1420743v1	GCF_014207435.1	GCA_014207435.1	Salirhabdus euzebyi	394506		DSM 19612					GCF_014207435.1-RS_2025_09_27	2025-09-27	3777140		31	Scaffold	2020-08-14	JACHGH01	27	36							3908	Bacillaceae	98.39	0.83
ASM1909386v1	GCF_019093865.1	GCA_019093865.1	Lentibacillus saliphilus	2737028		YIM 93176					GCF_019093865.1-RS_2025_05_06	2025-05-06	3230488		36	Contig	2021-07-02	JABJXD01	36	40.5							3153	Bacillaceae	95.83	0.86
ASM4268072v1	GCF_042680725.1	GCA_042680725.1	Fredinandcohnia salidurans	2595041		CGMCC 1.13629					GCF_042680725.1-RS_2025_03_02	2025-03-02	4900959		43	Contig	2024-10-06	JBHUEK01	43	38							4845	Bacillaceae	98.71	5.71
ASM154437v1	GCF_001544375.1	GCA_001544375.1	Enterococcus canis NBRC 100695	1349765		NBRC 100695					GCF_001544375.1-RS_2025_09_02	2025-09-02	2854214		45	Contig	2016-01-29	BCQJ01	45	42							2829	Enterococcus	95.58	1.45
ASM2116658v1	GCF_021166585.1	GCA_021166585.1	Metabacillus kandeliae	2900151		GX 13764					GCF_021166585.1-RS_2025_12_13	2025-12-13	4232245		31	Contig	2021-12-12	JAJOZE01	31	44							4249	Bacillaceae	99.35	
ASM2694834v1	GCF_026948345.1	GCA_026948345.1	Dellaglioa carnosa	2995136		TMW 2.2523					GCF_026948345.1-RS_2025_12_11	2025-12-11	1617235		24	Contig	2022-12-16	JANXLI01	24	36							1591	Lactobacillaceae	96.98	0.65
ASM1428779v1	GCF_014287795.1	GCA_014287795.1	Christensenella tenuis	2763033		NSJ-35					GCF_014287795.1-RS_2025_12_11	2025-12-11	3025891		15	Contig	2020-08-24	JACOON01	15	49							2910	Clostridia	100	
ASM2073410v1	GCF_020734105.1	GCA_020734105.1	Alkalihalobacillus deserti	2879466		TRPH29					GCF_020734105.1-RS_2025_08_29	2025-08-29	5049221		72	Contig	2021-11-02	JAJAFR01	72	37.5							5217	Bacillaceae	99.35	2.05
ASM1783004v1	GCF_017830045.1	GCA_017830045.1	Enterococcus larvae	2794352		BWM-S5					GCF_017830045.1-RS_2025_05_26	2025-05-26	4163499		20	Contig	2021-04-07	JAEDXU01	20	40							3953	Enterococcus	96.78	3.48
ASM296460v1	GCF_002964605.1	GCA_002964605.1	Vallitalea okinawensis	2078660		S15					GCF_002964605.1-RS_2025_12_13	2025-12-13	5859119		63	Scaffold	2018-02-28	PQDH01	58	34							5319	Clostridia	99.09	5.45
ASM1781427v1	GCF_017814275.1	GCA_017814275.1	Gottfriedia endophytica	2820819		RG28					GCF_017814275.1-RS_2025_12_09	2025-12-09	4081322		35	Scaffold	2021-04-06	JAGIYQ01	34	33.5							3965	Bacillaceae	98.87	0.16
ASM969581v1	GCF_009695815.1	GCA_009695815.1	Peptostreptococcus porci	2652282		WCA-SAB-591-4A-A					GCF_009695815.1-RS_2025_12_13	2025-12-13	2163094		11	Contig	2019-11-22	VUNE01	11	33							1984	Peptostreptococcus	94.73	6.2
ASM918365v1	GCF_009183655.1	GCA_009183655.1	Bacillus aerolatus	2653354		CX253					GCF_009183655.1-RS_2025_11_23	2025-11-23	3929195		33	Contig	2019-10-19	WEIO01	33	42.5							3968	Bacillus	99.24	1.18
ASM173036v1	GCF_001730365.1	GCA_001730365.1	Enterococcus quebecensis	903983		LMG 26306					GCF_001730365.1-RS_2025_03_28	2025-03-28	3162767		19	Contig	2016-09-16	MIKB01	19	35							2904	Enterococcus	98.49	2.95
ASM1428796v1	GCF_014287965.1	GCA_014287965.1	Flintibacter hominis	2763048		New-19					GCF_014287965.1-RS_2025_07_15	2025-07-15	2728146		34	Contig	2020-08-24	JACOPO01	34	56							2776	Clostridiales	99.12	
Bacillus testis	GCF_001243895.1	GCA_001243895.1	Bacillus testis	1622072		SIT10					GCF_001243895.1-RS_2025_12_09	2025-12-09	3987368		28	Scaffold	2015-07-21	CVQX01	9	43							3913	Bacillus	96.99	1.69
ASM1891834v1	GCF_018918345.1	GCA_018918345.1	Butyricicoccus intestinisimiae	2841509		MSJd-7					GCF_018918345.1-RS_2025_12_11	2025-12-11	2711934		27	Contig	2021-06-16	JAHLQI01	27	50.5							2717	Clostridiales	98.25	
ASM4265412v1	GCF_042654125.1	GCA_042654125.1	Virgibacillus kekensis	202261		CGMCC 1.6298					GCF_042654125.1-RS_2025_03_02	2025-03-02	3713071		23	Scaffold	2024-10-05	JBHSFU01	21	41.5							3781	Bacillaceae	100	1.29
ASM4286527v1	GCF_042865275.1	GCA_042865275.1	Cytobacillus mangrovibacter	3299024		FJAT-53684					GCF_042865275.1-RS_2025_11_20	2025-11-20	4404097		33	Contig	2024-10-09	JBIACJ01	33	38							4456	Bacillaceae	99.14	
ASM226628v1	GCF_002266285.1	GCA_002266285.1	Virgibacillus indicus	2024554		P2-C2					GCF_002266285.1-RS_2025_03_29	2025-03-29	3916161		77	Contig	2017-08-22	NPMS01	77	38.5							3959	Bacillaceae	97.94	1.9
ASM1464359v1	GCF_014643595.1	GCA_014643595.1	Lysinibacillus alkalisoli	1911548		CGMCC 1.15760					GCF_014643595.1-RS_2025_09_02	2025-09-02	3216924		34	Contig	2020-09-12	BMJT01	34	37							3187	Lysinibacillus	62.53	5.94
ASM223367v1	GCF_002233675.1	GCA_002233675.1	Paenibacillus herberti	1619309		R33					GCF_002233675.1-RS_2025_05_03	2025-05-03	5414232		38	Scaffold	2017-07-26	NMUQ01	17	51							4919	Paenibacillus	98.98	0.19
ASM4009583v1	GCF_040095835.1	GCA_040095835.1	Flavonifractor hominis	3133178		CLA-AP-H34					GCF_040095835.1-RS_2025_07_07	2025-07-07	2937948		41	Contig	2024-06-07	JBBMFT01	41	58.5							2733	Ruminococcaceae	98.14	1.86
ASM97196v1	GCF_000971965.1	GCA_000971965.1	Paenibacillus wulumuqiensis	1567107		Y24					GCF_000971965.1-RS_2025_12_09	2025-12-09	5240711		41	Scaffold	2015-04-15	LAQP01	33	49							4570	Paenibacillus	88	1.06
ASM299400v1	GCF_002994005.1	GCA_002994005.1	Apilactobacillus quenuiae	2008377		HV_6					GCF_002994005.1-RS_2025_11_23	2025-11-23	1575214		11	Contig	2018-03-12	POSN01	11	30.5							1600	Lactobacillaceae	97.82	
ASM1428761v1	GCF_014287615.1	GCA_014287615.1	Blautia celeris	2763026		NSJ-34					GCF_014287615.1-RS_2025_12_13	2025-12-13	6189697		41	Contig	2020-08-24	JACOOU01	41	46.5							5660	Blautia	97.96	2.26
ASM617044v1	GCF_006170445.1	GCA_006170445.1	Brevibacillus dissolubilis	1844116		CHY01					GCF_006170445.1-RS_2025_07_31	2025-07-31	5741269		26	Contig	2019-06-10	VCNA01	26	50.5							5008	Brevibacillus	81.33	10.53
PRJEB22822	GCF_900258485.1	GCA_900258485.1	Helcococcus massiliensis	2040290		Marseille-P4590					GCF_900258485.1-RS_2025_08_20	2025-08-20	1361080		11	Contig	2018-02-04	OGVE01	11	31.5							1247	Bacteria	96.55	
ASM371972v1	GCF_003719725.1	GCA_003719725.1	Planococcus salinus	1848460		LCB217					GCF_003719725.1-RS_2025_03_28	2025-03-28	3335228		34	Contig	2018-11-10	RIAX01	34	46							3281	Planococcus	83.79	14.39
ASM4088824v1	GCF_040888245.1	GCA_040888245.1	Streptococcus wuxiensis	3095078		21WXBC0057M1					GCF_040888245.1-RS_2025_02_16	2025-02-16	1747930	3	20	Scaffold	2024-07-25	JBFNFE01	20	39.5							1726	Streptococcus	99.89	
ASM276345v1	GCF_002763455.1	GCA_002763455.1	Lentibacillus sediminis	1940529		0W14					GCF_002763455.1-RS_2025_03_29	2025-03-29	3639803		34	Contig	2017-11-13	NIXK01	34	45							3710	Bacillaceae	99.17	0.32
ASM1788398v1	GCF_017883985.1	GCA_017883985.1	Streptococcus oricebi	1547447		CCUG 70868					GCF_017883985.1-RS_2025_03_29	2025-03-29	2141351		16	Scaffold	2021-04-08	PRDG01	14	44.5							2110	Streptococcus	99.39	0.1
ASM1463734v1	GCF_014637345.1	GCA_014637345.1	Kroppenstedtia guangzhouensis	1274356		CGMCC 1.12404					GCF_014637345.1-RS_2025_09_02	2025-09-02	3582369		87	Scaffold	2020-09-12	BMEX01	86	52							3626	Thermoactinomycetaceae	90.14	4.16
ASM5376222v1	GCF_053762225.1	GCA_053762225.1	Aerococcus vaginalis	1323230		SS1935					GCF_053762225.1-RS_2025_11_30	2025-11-30	1321753		9	Contig	2025-11-29	JBSMYC01	9	43.5							1319	Aerococcus	69.7	3.54
ASM4264814v1	GCF_042648145.1	GCA_042648145.1	Salinicoccus sesuvii	868281		CCM 7756					GCF_042648145.1-RS_2025_11_20	2025-11-20	2550337		12	Contig	2024-10-05	JBHRWV01	12	43.5							2659	Salinicoccus	73.9	11.68
ASM4265444v1	GCF_042654445.1	GCA_042654445.1	Bacillus daqingensis	872396		CGMCC 1.12295					GCF_042654445.1-RS_2025_03_02	2025-03-02	3503610		30	Contig	2024-10-05	JBHSGK01	30	49.5							3512	Bacillus	92.7	
IMG-taxon 2588254267 annotated assembly	GCF_900176335.1	GCA_900176335.1	Papillibacter cinnamivorans DSM 12816	1122930		DSM 12816					GCF_900176335.1-RS_2025_04_12	2025-04-12	2890610		24	Scaffold	2017-04-08	FWXW01	20	56							2742	Ruminococcaceae	98.76	0.41
ASM2016951v1	GCF_020169515.1	GCA_020169515.1	Paenibacillus vietnamensis	2590547		N4					GCF_020169515.1-RS_2025_11_22	2025-11-22	6313835		65	Contig	2021-09-28	JAHMHW01	65	53							5512	Paenibacillus	99.72	
ASM5320720v1	GCF_053207205.1	GCA_053207205.1	Streptococcus caviae	1930533		SS2001					GCF_053207205.1-RS_2025_11_18	2025-11-18	2104540		20	Contig	2025-10-25	JBRUIF01	20	42							2074	Streptococcus	99.49	0.12
ASM4264904v1	GCF_042649045.1	GCA_042649045.1	Chryseomicrobium palamuruense	682973		CCUG 59101					GCF_042649045.1-RS_2025_03_02	2025-03-02	2789227		34	Contig	2024-10-05	JBHSEF01	34	43							2955	Planococcaceae	91.71	2.22
IMG-taxon 2582580727 annotated assembly	GCF_900143645.1	GCA_900143645.1	Anaerocolumna xylanovorans DSM 12503	1121345		DSM 12503					GCF_900143645.1-RS_2025_12_13	2025-12-13	5420325		29	Scaffold	2016-12-10	FRFD01	23	40							4740	Lachnospiraceae	97.83	3.11
ASM1420275v1	GCF_014202755.1	GCA_014202755.1	Catenisphaera adipataccumulans	700500		DSM 25799					GCF_014202755.1-RS_2025_05_05	2025-05-05	1998595		16	Scaffold	2020-08-14	JACHHK01	14	47							2008	Erysipelotrichaceae	96.71	1.99
ASM351577v1	GCF_003515775.1	GCA_003515775.1	Ureibacillus yapensis	2304605		YLB-03					GCF_003515775.1-RS_2025_03_09	2025-03-09	3785739		41	Scaffold	2018-09-10	QWEI01	40	39.5							3674	Lysinibacillus	71.32	11.49
ASM4268492v1	GCF_042684925.1	GCA_042684925.1	Paenibacillus gansuensis	306542		KCTC 3950					GCF_042684925.1-RS_2025_11_20	2025-11-20	5311090		28	Scaffold	2024-10-07	JBHUME01	22	49.5							5057	Paenibacillus	99.06	
ASM2472199v1	GCF_024721995.1	GCA_024721995.1	Paenibacillus radicibacter	2972488		N1-5-1-14					GCF_024721995.1-RS_2025_09_05	2025-09-05	5283357		40	Contig	2022-08-20	JANQBC01	40	43							5202	Paenibacillus	99.17	2.35
ASM3954318v1	GCF_039543185.1	GCA_039543185.1	Paenibacillus vulneris	1133364		JCM 18268					GCF_039543185.1-RS_2025_05_10	2025-05-10	7872765		71	Scaffold	2024-02-23	BAABJG01	65	49							7279	Paenibacillus	99.72	1.44
ASM202929v1	GCF_002029295.1	GCA_002029295.1	Alkalithermobacter paradoxus	29349		DSM 7309					GCF_002029295.1-RS_2025_12_13	2025-12-13	2025488		40	Contig	2017-03-15	MZGW01	40	31							2141	Clostridia	100	
ASM969586v1	GCF_009695865.1	GCA_009695865.1	Baileyella intestinalis	2606709		RF-744-FAT-WT-3					GCF_009695865.1-RS_2025_03_02	2025-03-02	2019788		23	Contig	2019-11-22	VUNB01	23	46.5							1835	Clostridiales	98.03	
ASM5043339v1	GCF_050433395.1	GCA_050433395.1	Anaerotaenia torta	433293		DSM 100431					GCF_050433395.1-RS_2025_05_20	2025-05-20	5480145		39	Scaffold	2025-05-19	JBNPXH01	30	46.5							4766	Lachnospiraceae	97.29	6.65
ASM375215v1	GCF_003752155.1	GCA_003752155.1	Mobilisporobacter senegalensis	1329262		DSM 26537					GCF_003752155.1-RS_2025_12_13	2025-12-13	4039008		29	Contig	2018-11-15	RJVG01	29	34.5							3683	Lachnospiraceae	98.12	2.28
ASM638516v1	GCF_006385165.1	GCA_006385165.1	Streptococcus symci	2588991		C17					GCF_006385165.1-RS_2025_05_04	2025-05-04	2189419		8	Scaffold	2019-06-22	VFJA01	6	40							2101	Streptococcus	98.27	16.38
IMG-taxon 2617270835 annotated assembly	GCF_900107115.1	GCA_900107115.1	Salimicrobium album	50717		DSM 20748					GCF_900107115.1-RS_2025_12_10	2025-12-10	2629725		14	Scaffold	2016-10-22	FNOS01	13	47							2730	Bacillaceae	95.14	
PRJEB24956	GCF_900291955.1	GCA_900291955.1	Pseudoruminococcus massiliensis	2086583		Marseille-P3876					GCF_900291955.1-RS_2025_12_11	2025-12-11	2428410		19	Contig	2018-03-17	OLMR01	19	37.5							2284	Clostridiales	99.12	
ASM1314172v1	GCF_013141725.1	GCA_013141725.1	Paenibacillus planticolens	2654976		LMG 31457					GCF_013141725.1-RS_2025_09_29	2025-09-29	7750246		86	Contig	2020-05-22	WHNZ01	86	47							6811	Paenibacillus	99.72	0.37
ASM810764v1	GCF_008107645.1	GCA_008107645.1	Leuconostoc litchii	1981069		MB7					GCF_008107645.1-RS_2025_04_23	2025-04-23	1865857		21	Scaffold	2019-08-26	SDGY01	13	36							1878	Leuconostoc	99.91	0.62
ASM2434190v1	GCF_024341905.1	GCA_024341905.1	Clostridium folliculivorans	2886038		D1-1					GCF_024341905.1-RS_2025_05_13	2025-05-13	5358041		66	Scaffold	2022-06-20	BQXY01	61	31							4793	Clostridium	98.76	3.93
ASM783018v1	GCF_007830185.1	GCA_007830185.1	Halalkalibacter nanhaiisediminis	688079		CGMCC 1.10116					GCF_007830185.1-RS_2025_07_22	2025-07-22	3571384		29	Scaffold	2019-08-02	VLKZ01	26	38.5							3668	Bacillaceae	99.35	0.2
IMG-taxon 2740891890 annotated assembly	GCF_900220995.1	GCA_900220995.1	Salinicoccus kekensis	714307		DSM 23173					GCF_900220995.1-RS_2025_05_03	2025-05-03	2610395		14	Scaffold	2017-09-28	OBQF01	12	48.5							2643	Salinicoccus	71.94	8.53
ASM2280909v1	GCF_022809095.1	GCA_022809095.1	Aeribacillus kexueae	2078952		KCTC 33881					GCF_022809095.1-RS_2025_03_09	2025-03-09	3314096		17	Contig	2022-04-02	JALAZE01	17	38.5							3402	Bacillus	98.24	
ASM3070560v1	GCF_030705605.1	GCA_030705605.1	Paenibacillus zeirhizosphaerae	2987519		P96					GCF_030705605.1-RS_2025_08_20	2025-08-20	4805837		36	Scaffold	2023-08-09	JAPCKK01	34	50							4534	Paenibacillus	99.17	
ASM1438480v1	GCF_014384805.1	GCA_014384805.1	Guopingia tenuis	2763656		NSJ-63					GCF_014384805.1-RS_2025_12_11	2025-12-11	2203091		10	Contig	2020-09-01	JACRSS01	10	53.5							2130	Clostridia	100	0.18
ASM2389363v1	GCF_023893635.1	GCA_023893635.1	Fructobacillus apis	2935017		W13					GCF_023893635.1-RS_2025_03_29	2025-03-29	1292712		13	Contig	2022-06-23	JAMWYK01	13	48.5							1286	Lactobacillaceae	89.41	0.16
ASM897366v1	GCF_008973665.1	GCA_008973665.1	Paenibacillus tengchongensis	2608684		SYSU G01003					GCF_008973665.1-RS_2025_05_05	2025-05-05	6400566		93	Scaffold	2019-10-11	WACP01	88	54							5691	Paenibacillus	98.28	1.18
ASM2641038v1	GCF_026410385.1	GCA_026410385.1	Tumebacillus lacus	2995335		DT12					GCF_026410385.1-RS_2025_12_09	2025-12-09	4184153		26	Contig	2022-11-26	JAPMLT01	26	57.5							4264	Alicyclobacillaceae	94.24	9.67
ASM4265172v1	GCF_042651725.1	GCA_042651725.1	Gracilibacillus marinus	630535		CGMCC 1.10343					GCF_042651725.1-RS_2025_03_02	2025-03-02	3365916		23	Scaffold	2024-10-05	JBHSDV01	14	34.5							3295	Bacillaceae	98.33	0.75
ASM1144030v1	GCF_011440305.1	GCA_011440305.1	Paenibacillus agricola	2716264		S3N08					GCF_011440305.1-RS_2025_09_26	2025-09-26	8375108		84	Scaffold	2020-03-18	JAAOIW01	76	45							7964	Paenibacillus	98.61	0.83
ASM222086v2	GCF_002220865.2	GCA_002220865.2	Paenibacillus xerothermodurans	1977292		ATCC 27380					GCF_002220865.2-RS_2025_04_17	2025-04-17	4362399		34	Contig	2018-06-17	NHRJ02	34	51							4191	Paenibacillus	96.28	0.93
ASM190692v1	GCF_001906925.1	GCA_001906925.1	Domibacillus mangrovi	1714354		SAOS 44					GCF_001906925.1-RS_2025_05_03	2025-05-03	3324250		37	Contig	2016-12-16	MRWQ01	37	40.5							3391	Bacillaceae	97.74	0.97
IMG-taxon 2582580732 annotated assembly	GCF_900143285.1	GCA_900143285.1	Desulfitobacterium chlororespirans DSM 11544	1121395		DSM 11544					GCF_900143285.1-RS_2025_05_13	2025-05-13	5606984		38	Scaffold	2016-12-03	FRDN01	33	47.5							5386	Clostridiales	99.12	4.39
ASM217991v1	GCF_002179915.1	GCA_002179915.1	Companilactobacillus bobalius	2801451		KACC 16343					GCF_002179915.1-RS_2025_03_29	2025-03-29	2885890		29	Contig	2017-06-08	MYFM01	29	35.5							2873	Lactobacillaceae	98.8	2.76
ASM421677v1	GCF_004216775.1	GCA_004216775.1	Cuneatibacter caecimuris	1796618		DSM 29486					GCF_004216775.1-RS_2025_12_13	2025-12-13	3462725		21	Scaffold	2019-02-20	SGXF01	16	49							3278	Lachnospiraceae	98.75	1.01
ASM3602659v1	GCF_036026595.1	GCA_036026595.1	Virgibacillus tibetensis	3042313		C22-A2					GCF_036026595.1-RS_2025_12_09	2025-12-09	4291980		43	Contig	2024-01-24	JARZFX01	43	37.5							4367	Bacillaceae	99.19	0.55
ASM4268274v1	GCF_042682745.1	GCA_042682745.1	Tumebacillus lipolyticus	1280370		KCTC 32289					GCF_042682745.1-RS_2025_03_02	2025-03-02	4720451		41	Scaffold	2024-10-06	JBHUIO01	26	55							4241	Alicyclobacillaceae	93.91	7.84
ASM435404v1	GCF_004354045.1	GCA_004354045.1	Paenibacillus piri	2547395		MS74					GCF_004354045.1-RS_2025_05_04	2025-05-04	7972962		59	Contig	2019-03-17	SMRT01	59	51							7206	Paenibacillus	99.72	1.82
ASM82944v1	GCF_000829445.1	GCA_000829445.1	Jeotgalibacillus alimentarius	135826		YKJ-13					GCF_000829445.1-RS_2025_12_10	2025-12-10	3364745		32	Contig	2015-01-27	JXRQ01	32	43							3543	Planococcaceae	93.8	6.45
ASM686179v1	GCF_006861795.1	GCA_006861795.1	Psychrobacillus lasiicapitis	1636719		NEAU-3TGS17					GCF_006861795.1-RS_2025_04_27	2025-04-27	4488252		31	Scaffold	2019-07-10	VDGH01	28	37							4563	Bacillaceae	99.84	2.31
IMG-taxon 2675903148 annotated assembly	GCF_900116235.1	GCA_900116235.1	Marininema halotolerans	1155944		DSM 45789					GCF_900116235.1-RS_2025_05_03	2025-05-03	3568596		25	Scaffold	2016-11-02	FPAA01	24	45							3461	Thermoactinomycetaceae	84.69	12.95
ASM2104475v1	GCF_021044755.1	GCA_021044755.1	Lientehia hominis	2897778		NSJ-141					GCF_021044755.1-RS_2025_12_13	2025-12-13	3049388		21	Contig	2021-12-05	JAJNOR01	21	48.5							2888	Lachnospiraceae	97.92	0.78
ASM969600v1	GCF_009696005.1	GCA_009696005.1	Bilifractor porci	2606636		Oil+RF-744-WCA-WT-13					GCF_009696005.1-RS_2025_12_13	2025-12-13	2709224		24	Contig	2019-11-22	VUMV01	24	50.5							2504	Lachnospiraceae	97.71	0.62
IMG-taxon 2582581261 annotated assembly	GCF_900129225.1	GCA_900129225.1	Schwartzia succinivorans DSM 10502	1123243		DSM 10502					GCF_900129225.1-RS_2025_12_09	2025-12-09	2659575		25	Scaffold	2016-12-03	FQUG01	21	47							2503	Selenomonadales	98.8	0.6
ASM385496v1	GCF_003854965.1	GCA_003854965.1	Paenibacillus rhizophilus	1850366		7197					GCF_003854965.1-RS_2025_05_04	2025-05-04	5205297		39	Contig	2018-12-01	RQPI01	39	52							4966	Paenibacillus	98.83	3.07
ASM1690837v1	GCF_016908375.1	GCA_016908375.1	Amphibacillus cookii	767787		DSM 23721					GCF_016908375.1-RS_2025_03_28	2025-03-28	3820199		29	Contig	2021-02-19	JAFBDS01	29	37.5							3570	Bacillaceae	91.73	1.61
ASM22478v2	GCF_000224785.1	GCA_000224785.2	Lentibacillus jeotgali	558169		Grbi					GCF_000224785.1-RS_2025_05_01	2025-05-01	3775822		31	Contig	2011-08-31	AGAV01	31	42.5							3771	Bacillaceae	98.53	1.61
ASM729331v1	GCF_007293315.1	GCA_007293315.1	Alkalicoccobacillus porphyridii	2597270		P16					GCF_007293315.1-RS_2025_08_02	2025-08-02	4382755		449	Contig	2019-07-23	VLXZ01	449	41							4566	Bacillaceae	99.35	0.78
ASM3081316v1	GCF_030813165.1	GCA_030813165.1	Metabacillus niabensis	324854		DSM 17723					GCF_030813165.1-RS_2025_08_20	2025-08-20	5219634		42	Contig	2023-08-18	JAUSTZ01	42	35.5							5112	Bacillaceae	99.35	2.06
ASM157177v1	GCF_001571775.1	GCA_001571775.1	Anaerotignum neopropionicum	36847		DSM-3847					GCF_001571775.1-RS_2025_12_13	2025-12-13	3194881		29	Contig	2016-02-24	LRVM01	29	40							3058	Clostridia	99.09	5.91
ASM2119091v1	GCF_021190915.1	GCA_021190915.1	Cohnella silvisoli	2873699		NL03-T5					GCF_021190915.1-RS_2025_09_08	2025-09-08	7443871		43	Contig	2021-12-15	JAIOAP01	43	49							6631	Cohnella	94.08	15.97
ASM1428777v1	GCF_014287775.1	GCA_014287775.1	Eubacterium segne	2763045		BX4					GCF_014287775.1-RS_2025_07_15	2025-07-15	2929446		19	Contig	2020-08-24	JACOOZ01	19	35							2760	Eubacterium	99.36	3.82
ASM173068v1	GCF_001730685.1	GCA_001730685.1	Caloranaerobacter ferrireducens	1323370		DY22619					GCF_001730685.1-RS_2025_04_12	2025-04-12	2451939		28	Contig	2016-09-18	MDJR01	28	29.5							2489	Bacteria	100	0.86
ASM634582v1	GCF_006345825.1	GCA_006345825.1	Paenibacillus paridis	2583376		py1325					GCF_006345825.1-RS_2025_03_27	2025-03-27	7796941		100	Scaffold	2019-06-14	VCIX01	92	47.5							6479	Paenibacillus	94.58	0.56
ASM1787395v1	GCF_017873955.1	GCA_017873955.1	Sedimentibacter acidaminivorans	913099		DSM 24004					GCF_017873955.1-RS_2025_04_29	2025-04-29	3509220		23	Contig	2021-04-08	JAGGKS01	23	30.5							3321	Bacteria	98.28	3.45
ASM2914328v1	GCF_029143285.1	GCA_029143285.1	Vagococcus proximus	2991417		PNs007					GCF_029143285.1-RS_2025_07_22	2025-07-22	2350491		20	Contig	2023-03-10	JAPDSH01	20	35.5							2268	Enterococcaceae	95.54	2.61
ASM1438508v1	GCF_014385085.1	GCA_014385085.1	Youxingia wuxianensis	2763678		NSJ-64					GCF_014385085.1-RS_2025_11_20	2025-11-20	2660737		34	Contig	2020-09-01	JACRTD01	34	47.5							2739	Ruminococcaceae	98.14	1.37
ASM224535v1	GCF_002245355.1	GCA_002245355.1	Paludifilum halophilum	1642702		DSM 102817					GCF_002245355.1-RS_2025_08_06	2025-08-06	3789765		213	Contig	2017-08-09	NOWF01	213	51.5							3761	Thermoactinomycetaceae	85.98	9.52
ASM1428746v1	GCF_014287465.1	GCA_014287465.1	Ornithinibacillus hominis	2763055		BX22					GCF_014287465.1-RS_2025_07_15	2025-07-15	3757374		29	Contig	2020-08-24	JACOOL01	29	37							3810	Bacillaceae	100	0.66
ASM104737v1	GCF_001047375.1	GCA_001047375.1	Clostridium cylindrosporum DSM 605	1121307		DSM 605					GCF_001047375.1-RS_2025_04_12	2025-04-12	2735032		28	Contig	2015-07-07	LFVU01	28	31.5							2714	Clostridium	96.46	0.93
ASM892324v1	GCF_008923245.1	GCA_008923245.1	Cytobacillus depressus	1602942		BZ1					GCF_008923245.1-RS_2024_05_05	2024-05-05	5379075		43	Contig	2019-10-08	WBOS01	43	38							5334	Bacillaceae	98.06	4.1
ASM1891926v1	GCF_018919265.1	GCA_018919265.1	Peptoniphilus ovalis	2841503		MSJ-1					GCF_018919265.1-RS_2025_05_06	2025-05-06	2102036		14	Contig	2021-06-16	JAHLQO01	14	30.5							2070	Peptoniphilus	98.16	4.21
ASM317689v1	GCF_003176895.1	GCA_003176895.1	Gracilibacillus dipsosauri	178340		DD1					GCF_003176895.1-RS_2025_05_04	2025-05-04	4186855		23	Scaffold	2018-05-30	QGTD01	21	37							4090	Bacillaceae	100	1.8
Bacillus niameyensis	GCF_001375535.1	GCA_001375535.1	Bacillus niameyensis	1522308		SIT3					GCF_001375535.1-RS_2025_12_09	2025-12-09	4684221		46	Scaffold	2015-04-22	CTDY01	6	37.5							4397	Bacillus	95.78	5.18
ASM4916671v1	GCF_049166715.1	GCA_049166715.1	Enterococcus infantis	3411036		AD013-P3					GCF_049166715.1-RS_2025_03_30	2025-03-30	3210606		31	Contig	2025-03-29	JBMHFB01	31	43.5							2941	Enterococcus	95.05	2.37
ASM1464551v1	GCF_014645515.1	GCA_014645515.1	Oceanobacillus neutriphilus	531815		CGMCC 1.7693					GCF_014645515.1-RS_2025_09_02	2025-09-02	5443335		54	Contig	2020-09-12	BMLW01	54	38							5377	Oceanobacillus	76.76	33.32
ASM1142142v1	GCF_011421425.1	GCA_011421425.1	Streptococcus catagoni	2654874		99-1/2017					GCF_011421425.1-RS_2025_03_22	2025-03-22	2023804		10	Scaffold	2020-03-18	WPCW01	9	37.5							2011	Streptococcus	98.79	0.39
ASM143627v1	GCF_001436275.1	GCA_001436275.1	Liquorilactobacillus oeni DSM 19972	1423777		DSM 19972					GCF_001436275.1-RS_2025_03_28	2025-03-28	2117633		48	Scaffold	2015-11-06	AZEH01	43	37.5							2065	Lactobacillaceae	99.35	0.65
ASM2533654v1	GCF_025336545.1	GCA_025336545.1	Eubacterium album	2978477		LFL-14					GCF_025336545.1-RS_2025_05_19	2025-05-19	2924574		25	Contig	2022-09-20	JAODBU01	25	33							2688	Eubacterium	99.36	1.27
IMG-taxon 2651870111 annotated assembly	GCF_900107405.1	GCA_900107405.1	Tindallia californiensis	159292		APO					GCF_900107405.1-RS_2025_12_13	2025-12-13	3122071		33	Scaffold	2016-10-22	FNPV01	27	40							2891	Clostridia	98.18	
ASM4265552v1	GCF_042655525.1	GCA_042655525.1	Cohnella soli	425005		KACC 13346					GCF_042655525.1-RS_2025_03_02	2025-03-02	7819381		91	Scaffold	2024-10-06	JBHSMI01	68	52							6707	Cohnella	93.52	12.13
ASM4213859v1	GCF_042138595.1	GCA_042138595.1	Paenibacillus terreus	1387834		DSM 100035					GCF_042138595.1-RS_2025_09_23	2025-09-23	6744071		56	Contig	2024-09-22	JBHIRX01	56	50							6227	Paenibacillus	99.72	0.69
ASM4268496v1	GCF_042684965.1	GCA_042684965.1	Ornithinibacillus salinisoli	1848459		KCTC 33862					GCF_042684965.1-RS_2025_11_20	2025-11-20	4069259		46	Contig	2024-10-07	JBHUMI01	46	36							4169	Bacillaceae	98.71	1.21
ASM76686v1	GCF_000766865.1	GCA_000766865.1	Listeria booriae	1552123		FSL A5-0281					GCF_000766865.1-RS_2025_04_02	2025-04-02	3436956		31	Contig	2014-10-10	JNFA01	31	42							3293	Listeria	84.61	11.93
Rubiinfantum massiliensis	GCF_001375515.1	GCA_001375515.1	Bacillus kwashiorkori	1522318		SIT6					GCF_001375515.1-RS_2025_03_28	2025-03-28	2784637		16	Contig	2015-04-20	CTDX01	16	35							2650	Bacillus	71.2	0.59
ASM167884v1	GCF_001678845.1	GCA_001678845.1	Christensenella intestinihominis	1851429		AF73-05CM02					GCF_001678845.1-RS_2025_12_11	2025-12-11	3026655		36	Scaffold	2016-07-04	MAIQ01	29	52							2849	Clostridia	100	
ASM141432v1	GCF_001414325.1	GCA_001414325.1	Butyribacter intestini	1703332		TF01-11					GCF_001414325.1-RS_2025_07_21	2025-07-21	3610525		33	Scaffold	2015-10-27	LLKB01	12	37							3183	Lachnospiraceae	97.2	1.34
ASM771370v1	GCF_007713705.1	GCA_007713705.1	Salinicoccus cyprini	2493691		CT19					GCF_007713705.1-RS_2025_05_04	2025-05-04	2457961		24	Contig	2019-07-30	VMSJ01	24	48							2531	Salinicoccus	74.26	9.05
ASM143399v1	GCF_001433995.1	GCA_001433995.1	Secundilactobacillus kimchicus JCM 15530	1302272		JCM 15530					GCF_001433995.1-RS_2025_03_29	2025-03-29	2593269		45	Contig	2015-11-06	AZCX01	45	46.5							2573	Lactobacillaceae	98.8	0.41
ASM1535176v1	GCF_015351765.1	GCA_015351765.1	Clostridium vitabionis	2784388		YH-T4B42					GCF_015351765.1-RS_2025_12_11	2025-12-11	2863412		37	Scaffold	2020-11-10	JADKQA01	30	56							2643	Clostridium	90.99	1.24
ASM143558v1	GCF_001435585.1	GCA_001435585.1	Schleiferilactobacillus perolens DSM 12744	1423792		DSM 12744					GCF_001435585.1-RS_2025_03_28	2025-03-28	3309179		101	Contig	2015-11-06	AZEC01	101	49							3227	Lactobacillaceae	98.06	1.72
IMG-taxon 2651870176 annotated assembly	GCF_900113025.1	GCA_900113025.1	Alteribacillus iranensis	930128		DSM 23995					GCF_900113025.1-RS_2025_12_09	2025-12-09	3316135		26	Scaffold	2016-11-02	FONT01	21	41.5							3279	Bacillaceae	96.45	
ASM185538v1	GCF_001855385.1	GCA_001855385.1	Andreesenia angusta	39480		DSM 1989					GCF_001855385.1-RS_2025_05_02	2025-05-02	2343503		38	Contig	2016-10-27	MKIE01	38	43.5							2492	Bacteria	98.28	0.86
ASM972468v1	GCF_009724685.1	GCA_009724685.1	Lysinibacillus cavernae	2666135		SYSU K30005					GCF_009724685.1-RS_2025_03_27	2025-03-27	4690315		38	Contig	2019-12-02	WMEF01	38	37							4687	Lysinibacillus	93.7	6.14
ASM301465v1	GCF_003014655.1	GCA_003014655.1	Planomicrobium soli	1176648		CGMCC 1.12259					GCF_003014655.1-RS_2025_05_03	2025-05-03	3592970		36	Scaffold	2018-03-23	PYAT01	35	43.5							3548	Planococcaceae	93.4	3.17
IMG-taxon 2675903149 annotated assembly	GCF_900101385.1	GCA_900101385.1	Terribacillus halophilus	361279		DSM 21620					GCF_900101385.1-RS_2025_04_24	2025-04-24	3654407		26	Scaffold	2016-10-21	FMZB01	25	44.5							3782	Bacillaceae	95.27	1.42
ASM1464119v1	GCF_014641195.1	GCA_014641195.1	Marinithermofilum abyssi	1571185		CGMCC 1.15179					GCF_014641195.1-RS_2025_09_02	2025-09-02	3523418		45	Contig	2020-09-12	BMHQ01	45	51							3582	Thermoactinomycetaceae	84.51	9.25
ASM4586278v1	GCF_045862785.1	GCA_045862785.1	Furfurilactobacillus curtus	1746200		JCM 31185					GCF_045862785.1-RS_2025_12_11	2025-12-11	2178843		115	Scaffold	2024-09-28	BQXO01	99	44							2130	Lactobacillaceae	98.49	
ASM299396v1	GCF_002993965.1	GCA_002993965.1	Apilactobacillus timberlakei	2008380		HV_12					GCF_002993965.1-RS_2025_12_04	2025-12-04	1542971		17	Contig	2018-03-12	POST01	17	30.5							1622	Lactobacillaceae	96.4	
ASM1376084v1	GCF_013760845.1	GCA_013760845.1	[Anoxybacillus] calidus	575178		DSM 25220					GCF_013760845.1-RS_2024_12_29	2024-12-29	3405528		28	Scaffold	2020-07-27	JACDUU01	22	39							3538	Anoxybacillus	92.53	7.51
IMG-taxon 2724679802 annotated assembly	GCF_900182565.1	GCA_900182565.1	Melghirimyces algeriensis	910412		DSM 45474					GCF_900182565.1-RS_2025_05_04	2025-05-04	3425405		24	Scaffold	2019-07-11	FXTI01	23	46.5							3408	Thermoactinomycetaceae	84.82	10.21
ASM982883v1	GCF_009828835.1	GCA_009828835.1	Erysipelothrix urinaevulpis	2683717		165301687					GCF_009828835.1-RS_2025_12_11	2025-12-11	1909597		25	Scaffold	2020-01-03	WTTB01	24	34.5							1897	Erysipelothrix	73.89	13.36
ASM258340v1	GCF_002583405.1	GCA_002583405.1	Secundilactobacillus silagincola	1714681		IWT5					GCF_002583405.1-RS_2025_08_12	2025-08-12	2617693		89	Scaffold	2017-10-03	BCMJ01	86	43							2498	Lactobacillaceae	97.17	0.74
ASM1438509v1	GCF_014385095.1	GCA_014385095.1	Zongyangia hominis	2763677		NSJ-54					GCF_014385095.1-RS_2025_11_20	2025-11-20	2561368		23	Contig	2020-09-01	JACRTC01	23	56.5							2368	Ruminococcaceae	99.38	
ASM328501v1	GCF_003285015.1	GCA_003285015.1	Paenibacillus contaminans	450362		CKOBP-6					GCF_003285015.1-RS_2025_03_21	2025-03-21	10232629		107	Scaffold	2018-06-30	QMFB01	104	51.5							8281	Paenibacillus	99.58	1.01
ASM1483663v1	GCF_014836635.1	GCA_014836635.1	Paenibacillus gallinarum	2762232		Sa2BVA9					GCF_014836635.1-RS_2025_11_23	2025-11-23	5411474		61	Scaffold	2020-09-30	JACSQL01	59	41							5152	Paenibacillus	99.67	0.56
P3545	GCF_902143515.1	GCA_902143515.1	Hathewaya massiliensis	1964382		Marseille-P3545					GCF_902143515.1-RS_2025_04_13	2025-04-13	3058214		10	Contig	2019-06-26	CABFVD01	10	29.5							2969	Clostridiaceae	98.31	4.87
ASM102928v1	GCF_001029285.1	GCA_001029285.1	Desulfosporosinus acididurans	476652		M1					GCF_001029285.1-RS_2025_05_13	2025-05-13	4637866		47	Contig	2015-06-17	LDZY01	47	42							4533	Desulfosporosinus	92.42	5.66
IMG-taxon 2600254955 annotated assembly	GCF_900108455.1	GCA_900108455.1	Fructobacillus pseudoficulneus	220714		DSM 15468					GCF_900108455.1-RS_2025_04_24	2025-04-24	1413564		19	Scaffold	2016-10-27	FNWS01	18	44.5							1388	Lactobacillaceae	92.69	0.49
ASM4609820v1	GCF_046098205.1	GCA_046098205.1	Paenibacillus mesotrionivorans	3160968		P15					GCF_046098205.1-RS_2025_02_19	2025-02-19	6952194		46	Scaffold	2024-12-15	JBJURJ01	40	54							5944	Paenibacillaceae	99.72	1.37
ASM803955v1	GCF_008039555.1	GCA_008039555.1	Cerasibacillus terrae	2498845		CC-CFT480					GCF_008039555.1-RS_2025_12_11	2025-12-11	3061524		33	Contig	2019-08-20	VDUW01	33	35							3079	Bacillaceae	95.85	1.36
ASM1787323v1	GCF_017873235.1	GCA_017873235.1	Clostridium moniliforme	39489		DSM 3984					GCF_017873235.1-RS_2025_12_11	2025-12-11	2605467		27	Contig	2021-04-08	JAGGJZ01	27	26.5							2572	Clostridium	98.76	0.8
ASM1839057v1	GCF_018390575.1	GCA_018390575.1	Bhargavaea massiliensis	2697500		Marseille-Q1000					GCF_018390575.1-RS_2025_03_13	2025-03-13	3062549		48	Scaffold	2021-05-17	JAHBCJ01	44	54							3078	Planococcaceae	92.77	3.07
AMBP162	GCF_905332535.1	GCA_905332535.1	Latilactobacillus fragifolii	2814244		AMBP162					GCF_905332535.1-RS_2025_12_11	2025-12-11	1957595		24	Contig	2021-03-18	CAJOCF01	24	41							2009	Lactobacillaceae	98.69	
ASM1338514v1	GCF_013385145.1	GCA_013385145.1	Bombilactobacillus apium	2675299		DCY120					GCF_013385145.1-RS_2025_12_09	2025-12-09	1712546		17	Scaffold	2020-07-01	JABZEC01	16	40							1759	Lactobacillaceae	99.16	0.65
ASM893395v1	GCF_008933955.1	GCA_008933955.1	Heliorestis acidaminivorans	553427		DSM 24790					GCF_008933955.1-RS_2025_04_13	2025-04-13	3006840		44	Contig	2019-10-09	WBXO01	44	41							2914	Clostridiales	99.97	0.88
ASM1690859v1	GCF_016908595.1	GCA_016908595.1	Geomicrobium sediminis	1347788		DSM 25540					GCF_016908595.1-RS_2025_03_28	2025-03-28	4023443		35	Contig	2021-02-19	JAFBEC01	35	41.5							4275	Bacillales	98.13	0.75
ASM1464029v1	GCF_014640295.1	GCA_014640295.1	Paenibacillus abyssi	1340531		CGMCC 1.12987					GCF_014640295.1-RS_2025_09_02	2025-09-02	5229276		40	Contig	2020-09-12	BMGR01	40	49							4996	Paenibacillus	99.17	0.66
ASM1686060v1	GCF_016860605.1	GCA_016860605.1	Lentilactobacillus fungorum	2201250		YK48G					GCF_016860605.1-RS_2024_09_02	2024-09-02	2917093		21	Contig	2021-01-12	BNJR01	21	42.5							2707	Lactobacillaceae	99.35	
ASM1690852v1	GCF_016908525.1	GCA_016908525.1	Brevibacillus fulvus	1125967		DSM 25523					GCF_016908525.1-RS_2025_03_28	2025-03-28	3878741		32	Contig	2021-02-19	JAFBEB01	32	50							3945	Brevibacillus	77.27	8.15
ASM4243122v1	GCF_042431225.1	GCA_042431225.1	Paenibacillus aurantiacus	1936118		TISTR 2452					GCF_042431225.1-RS_2025_09_29	2025-09-29	7947736		62	Scaffold	2024-09-28	JBHMDO01	61	56.5							7016	Paenibacillus	99.17	1.35
ASM3041812v1	GCF_030418125.1	GCA_030418125.1	Fictibacillus fluitans	3058422		NE201					GCF_030418125.1-RS_2025_05_11	2025-05-11	4910325		51	Contig	2023-07-10	JAUHTR01	51	44.5							5042	Bacillaceae	98.92	0.54
IMG-taxon 2588254259 annotated assembly	GCF_900167375.1	GCA_900167375.1	Anaerorhabdus furcosa	118967		ATCC 25662					GCF_900167375.1-RS_2025_04_30	2025-04-30	2406951		11	Contig	2017-03-04	FUWY01	11	32							2427	Erysipelotrichaceae	99.37	0.63
ASM983123v1	GCF_009831235.1	GCA_009831235.1	Shimazuella alba	2690964		KC615					GCF_009831235.1-RS_2025_03_28	2025-03-28	3989583		44	Contig	2020-01-06	WUUL01	44	38.5							4113	Thermoactinomycetaceae	88.27	4.59
ASM361418v1	GCF_003614185.1	GCA_003614185.1	Paenibacillus aceti	1820010		L14					GCF_003614185.1-RS_2025_08_06	2025-08-06	5611962		64	Scaffold	2018-10-02	MDDO01	11	48							5028	Paenibacillus	98.69	1.22
ASM4636552v1	GCF_046365525.1	GCA_046365525.1	Anaerococcus martiniensis	3115615		ENR0831					GCF_046365525.1-RS_2025_02_16	2025-02-16	1615698		15	Contig	2024-12-30	JBGMEI01	15	32.5							1589	Anaerococcus	90.73	1.46
ASM1840376v1	GCF_018403765.1	GCA_018403765.1	Lactococcus nasutitermitis	1652957		NBRC 111537					GCF_018403765.1-RS_2025_09_02	2025-09-02	2189889		12	Contig	2021-04-29	BOVQ01	12	38							2168	Lactococcus	92.17	1.65
ASM351568v1	GCF_003515685.1	GCA_003515685.1	Neobacillus notoginsengisoli	1578198		JCM 30743					GCF_003515685.1-RS_2025_03_29	2025-03-29	4787403		58	Contig	2018-09-10	QWEG01	58	44							4795	Bacillaceae	97.29	0.47
ASM143613v1	GCF_001436135.1	GCA_001436135.1	Lacticaseibacillus thailandensis DSM 22698 = JCM 13996	1423810		DSM 22698					GCF_001436135.1-RS_2025_03_29	2025-03-29	2060676		24	Scaffold	2015-11-06	AYZK01	23	53.5							1933	Lactobacillaceae	98.9	0.98
ASM540500v1	GCF_005405005.1	GCA_005405005.1	Lactiplantibacillus daoliensis	2559916		116-1A					GCF_005405005.1-RS_2025_04_07	2025-04-07	2632925		19	Contig	2019-03-29	BJDH01	19	43.5							2466	Lactobacillaceae	99.35	0.74
ASM2921812v1	GCF_029218125.1	GCA_029218125.1	Neopoerus faecalis	3032125		CMD_1836					GCF_029218125.1-RS_2025_06_22	2025-06-22	2542847		36	Contig	2023-03-15	JARFXX01	36	56							2537	Ruminococcaceae	95.65	0.62
ASM1428792v1	GCF_014287925.1	GCA_014287925.1	Clostridium segne	2763038		BX14					GCF_014287925.1-RS_2025_07_15	2025-07-15	3098902		17	Contig	2020-08-24	JACOOW01	17	48.5							2843	Clostridium	100	0.62
ASM192184v1	GCF_001921845.1	GCA_001921845.1	Streptococcus cuniculi	1432788		CCUG 65085					GCF_001921845.1-RS_2025_04_22	2025-04-22	2094853		18	Contig	2016-12-24	MSJM01	18	43.5							2070	Streptococcus	99.52	0.48
ASM1314177v1	GCF_013141775.1	GCA_013141775.1	Paenibacillus phytohabitans	2654978		LMG 31459					GCF_013141775.1-RS_2025_05_05	2025-05-05	8459535		99	Contig	2020-05-22	WHOB01	99	51							7164	Paenibacillus	99.17	1.37
ASM434046v1	GCF_004340465.1	GCA_004340465.1	Mesobacillus foraminis	279826		CV53					GCF_004340465.1-RS_2025_04_05	2025-04-05	5730823		48	Scaffold	2019-03-11	SLVV01	35	43							5539	Bacillaceae	99.14	0.9
ASM2753364v1	GCF_027533645.1	GCA_027533645.1	Paenibacillus caseinilyticus	3098138		GW78					GCF_027533645.1-RS_2025_11_28	2025-11-28	7580993		53	Scaffold	2023-01-02	JAQAGY01	51	57.5							6573	Paenibacillus	99.58	
ASM1686165v1	GCF_016861655.1	GCA_016861655.1	Levilactobacillus lanxiensis	2799568		13B17					GCF_016861655.1-RS_2024_09_02	2024-09-02	3029779		24	Contig	2021-01-15	BOLN01	24	50.5							2759	Lactobacillaceae	99.29	0.87
ASM3058065v1	GCF_030580655.1	GCA_030580655.1	Paenibacillus lacisoli	3064525		JX-17					GCF_030580655.1-RS_2025_12_02	2025-12-02	4536936		52	Contig	2023-08-01	JAUQTB01	52	50.5							4330	Paenibacillus	99.72	0.93
ASM785919v1	GCF_007859195.1	GCA_007859195.1	Streptococcus cuniculipharyngis	1562651		CCUG 66496					GCF_007859195.1-RS_2025_05_04	2025-05-04	1511423		14	Contig	2019-08-06	VOHL01	14	42.5							1532	Streptococcus	96.22	0.45
ASM1997283v1	GCF_019972835.1	GCA_019972835.1	Lactobacillus laiwuensis	2841034		F551-2					GCF_019972835.1-RS_2025_09_09	2025-09-09	2053477		45	Contig	2021-07-16	BPPB01	45	36							1969	Lactobacillus	97.74	0.3
ASM4268494v1	GCF_042684945.1	GCA_042684945.1	Bacillus seohaeanensis	284580		KCTC 3913					GCF_042684945.1-RS_2025_11_20	2025-11-20	4352309		45	Scaffold	2024-10-07	JBHUMF01	44	37							4272	Bacillus	99.41	0.39
IMG-taxon 2636416074 annotated assembly	GCF_900100295.1	GCA_900100295.1	Salimicrobium halophilum	86666		DSM 4771					GCF_900100295.1-RS_2025_12_09	2025-12-09	3155619		21	Scaffold	2016-10-21	FNEV01	20	46.5							3288	Bacillaceae	98.7	0.65
Bacillus andreraoultii	GCF_001244735.1	GCA_001244735.1	Bacillus andreraoultii	1499685		SIT1					GCF_001244735.1-RS_2025_12_09	2025-12-09	4111990		58	Scaffold	2015-07-30	CWJM01	14	35.5							3915	Bacillus	97.01	1.85
ASM1965621v1	GCF_019656215.1	GCA_019656215.1	Apilactobacillus zhangqiuensis	2841031		F502-1					GCF_019656215.1-RS_2025_09_02	2025-09-02	1445942		8	Contig	2021-06-16	BPLK01	8	37							1366	Lactobacillaceae	97.79	1.09
ASM4265178v1	GCF_042651785.1	GCA_042651785.1	Chungangia koreensis	752657		CCUG 59778					GCF_042651785.1-RS_2025_03_02	2025-03-02	3062254		27	Scaffold	2024-10-05	JBHSEC01	22	41.5							3219	Lactobacillales	94.26	5.45
IMG-taxon 2617270768 annotated assembly	GCF_900114645.1	GCA_900114645.1	Gracilibacillus orientalis	334253		CGMCC 1.4250					GCF_900114645.1-RS_2025_05_03	2025-05-03	4611824		31	Scaffold	2016-11-02	FOTR01	29	36.5							4386	Bacillaceae	98.71	0.75
ASM593838v1	GCF_005938385.1	GCA_005938385.1	Paenibacillus mesophilus	2582849		SYSU K30004					GCF_005938385.1-RS_2025_03_27	2025-03-27	8791003		97	Scaffold	2019-06-03	VCRA01	94	53.5							7575	Paenibacillus	99.17	2
IMG-taxon 2675903136 annotated assembly	GCF_900111405.1	GCA_900111405.1	Salinibacillus kushneri	237682		CGMCC 1.3566					GCF_900111405.1-RS_2025_05_03	2025-05-03	3488694		25	Scaffold	2016-10-31	FOHJ01	23	37.5							3623	Bacillaceae	98.39	0.65
ASM188594v1	GCF_001885945.1	GCA_001885945.1	Enterococcus hermanniensis	249189		DSM 17122					GCF_001885945.1-RS_2025_05_03	2025-05-03	2613534		48	Scaffold	2016-11-25	JXKQ01	47	37.5							2625	Enterococcus	96.82	3.11
ASM358376v1	GCF_003583765.1	GCA_003583765.1	Paenibacillus nanensis	393251		DSM 22867					GCF_003583765.1-RS_2025_03_28	2025-03-28	6118890		45	Contig	2018-09-20	QXQA01	45	52.5							5417	Paenibacillus	99.72	
ASM320187v1	GCF_003201875.1	GCA_003201875.1	Hungatella effluvii	1096246		DSM 24995					GCF_003201875.1-RS_2025_06_16	2025-06-16	6863335		53	Scaffold	2018-06-07	QJKD01	49	49							6014	Lachnospiraceae	99.06	2.99
ASM574709v1	GCF_005747095.1	GCA_005747095.1	Exobacillus caeni	2574798		HB172195					GCF_005747095.1-RS_2025_05_04	2025-05-04	4703601		54	Contig	2019-05-23	SWLG01	54	41							4860	Bacillaceae	99.57	1.34
P3556	GCF_902168435.1	GCA_902168435.1	Bacillus marasmi	1926279		Marseille-P3556					GCF_902168435.1-RS_2025_05_04	2025-05-04	4638330		47	Scaffold	2019-07-31	CABHPS01	46	38							4613	Bacillus	96.91	2.02
ASM131735v1	GCF_001317355.1	GCA_001317355.1	Oxobacter pfennigii	36849		DSM 3222					GCF_001317355.1-RS_2025_04_12	2025-04-12	4510552		69	Contig	2015-10-16	LKET01	69	39							4438	Clostridiaceae	96.91	8.21
ASM1483649v1	GCF_014836495.1	GCA_014836495.1	Cytobacillus stercorigallinarum	2762240		Sa5YUA1					GCF_014836495.1-RS_2025_11_23	2025-11-23	4437819		46	Scaffold	2020-09-30	JACSQT01	39	37							4502	Bacillaceae	99.35	0.22
IMG-taxon 2681813520 annotated assembly	GCF_900156705.1	GCA_900156705.1	Salimicrobium salexigens	908941		DSM 22782					GCF_900156705.1-RS_2025_12_09	2025-12-09	2584100		35	Scaffold	2017-01-14	FTOK01	34	47							2684	Bacillaceae	95.78	
ASM1787473v1	GCF_017874735.1	GCA_017874735.1	Paenibacillus silagei	1670801		DSM 101953					GCF_017874735.1-RS_2025_04_30	2025-04-30	7676680		54	Contig	2021-04-08	JAGGLV01	54	52.5							6640	Paenibacillus	99.17	0.93
ASM969591v1	GCF_009695915.1	GCA_009695915.1	Hornefia butyriciproducens	2652293		WCA-MUC-591-APC-3H					GCF_009695915.1-RS_2025_03_02	2025-03-02	2438520		28	Contig	2019-11-22	VUMZ01	28	51.5							2266	Clostridia	97.05	
ASM433980v1	GCF_004339805.1	GCA_004339805.1	Anaerospora hongkongensis	244830		DSM 15969					GCF_004339805.1-RS_2025_04_17	2025-04-17	4632311		35	Scaffold	2019-03-11	SLUI01	33	46							4572	Selenomonadales	100	4.29
ASM1674583v1	GCF_016745835.1	GCA_016745835.1	Caldalkalibacillus salinus	2803787		YIM B00319					GCF_016745835.1-RS_2025_03_15	2025-03-15	3768312		72	Contig	2021-01-24	JAERVL01	72	43							3568	Bacillaceae	98.06	1.55
ASM143705v1	GCF_001437055.1	GCA_001437055.1	Limosilactobacillus secaliphilus	396268		DSM 17896					GCF_001437055.1-RS_2025_03_28	2025-03-28	1646143		15	Scaffold	2015-11-06	JQBW01	11	47.5							1564	Lactobacillaceae	97.62	0.65
Eubacteriales_fam_nov_CLA_AA_M08	GCF_943193045.1	GCA_943193045.1	Pumilibacter muris	2941510		CLA-AA-M08					GCF_943193045.1-RS_2025_03_29	2025-03-29	2293417		16	Contig	2022-06-10	CALPCN01	16	47							2039	Clostridiales	93.86	
ASM3624634v1	GCF_036246345.1	GCA_036246345.1	Lactobacillus rizhaonensis	3082863		F790					GCF_036246345.1-RS_2025_04_02	2025-04-02	1928938		15	Scaffold	2023-10-26	BTTV01	14	36							1848	Lactobacillus	97.74	0.16
PRJEB22715	GCF_900232945.1	GCA_900232945.1	Urinicoccus timonensis	2024205		Marseille-P3926					GCF_900232945.1-RS_2025_08_20	2025-08-20	1978908		13	Contig	2017-10-18	OCTU01	13	41							1944	Bacteria	98.28	
IMG-taxon 2654588110 annotated assembly	GCF_900102085.1	GCA_900102085.1	Paenibacillus polysaccharolyticus	582692		BL9					GCF_900102085.1-RS_2025_03_29	2025-03-29	6495147		39	Scaffold	2016-10-18	FMVM01	34	45.5							5662	Paenibacillus	99.72	0.74
ASM4265986v1	GCF_042659865.1	GCA_042659865.1	Paenibacillus septentrionalis	429342		PCU 280					GCF_042659865.1-RS_2025_11_20	2025-11-20	4757891		46	Scaffold	2024-10-06	JBHSTE01	34	44							4351	Paenibacillus	97.5	0.11
ASM1419210v1	GCF_014192105.1	GCA_014192105.1	Paenibacillus phyllosphaerae	274593		CECT 5862					GCF_014192105.1-RS_2025_05_05	2025-05-05	7894703		61	Scaffold	2020-08-14	JACHXK01	54	54							6866	Paenibacillus	99.72	0.85
ASM2245886v1	GCF_022458865.1	GCA_022458865.1	Paenibacillus periandrae	1761741		PM10					GCF_022458865.1-RS_2025_03_28	2025-03-28	9785225		265	Contig	2022-03-03	JAJNMU01	265	45							9173	Paenibacillus	99.17	2.59
ASM186600v1	GCF_001866005.1	GCA_001866005.1	Anaerobacillus alkalilacustris	393763		DSM 18345					GCF_001866005.1-RS_2025_05_03	2025-05-03	4047432		50	Contig	2016-11-03	MLQR01	50	35							3948	Bacillaceae	85.65	0.88
Eubacteriales_fam_nov_CLA_AA_M11	GCF_943192945.1	GCA_943192945.1	Anaerocaecibacter muris	2941513		CLA-AA-M11					GCF_943192945.1-RS_2025_03_29	2025-03-29	1970454		12	Contig	2022-06-10	CALPCE01	12	50.5							1753	Clostridiales	95.18	
ASM62148v1	GCF_000621485.1	GCA_000621485.1	Alkaliphilus transvaalensis ATCC 700919	1408422		ATCC 700919					GCF_000621485.1-RS_2025_12_13	2025-12-13	4024838		47	Scaffold	2014-04-08	JHYF01	44	34							3806	Alkaliphilus	100	0.95
ASM1676561v1	GCF_016765615.1	GCA_016765615.1	Clostridium paridis	2803863		YIM B02565					GCF_016765615.1-RS_2025_03_29	2025-03-29	4080554		34	Scaffold	2021-01-27	JAESWA01	31	30							4084	Clostridium	99.38	1.55
ASM1429733v1	GCF_014297335.1	GCA_014297335.1	Roseburia yibonii	2763063		BX0805					GCF_014297335.1-RS_2025_12_13	2025-12-13	2712279		28	Contig	2020-08-25	JACOQH01	28	46.5							2717	Roseburia	79.61	6.38
ASM1428787v1	GCF_014287875.1	GCA_014287875.1	Flintibacter faecis	2763047		BX5					GCF_014287875.1-RS_2025_07_15	2025-07-15	2849896		42	Contig	2020-08-24	JACOPN01	42	58.5							2798	Clostridiales	99.12	
ASM1428805v1	GCF_014288055.1	GCA_014288055.1	Agathobaculum hominis	2763014		M2					GCF_014288055.1-RS_2025_12_11	2025-12-11	2563169		22	Contig	2020-08-24	JACOPK01	22	57							2501	Clostridiales	98.25	
IMG-taxon 2651870112 annotated assembly	GCF_900113635.1	GCA_900113635.1	Tindallia magadiensis	69895		Z-7934					GCF_900113635.1-RS_2025_12_13	2025-12-13	3083807		33	Scaffold	2016-11-02	FOQA01	31	39.5							2837	Clostridia	98.18	0.3
CIP111649	GCF_903994045.1	GCA_903994045.1	Jeotgalicoccus meleagridis	2759181		CIP 111649					GCF_903994045.1-RS_2025_12_11	2025-12-11	2070175		17	Scaffold	2020-08-12	CAJEWD01	14	36							2160	Jeotgalicoccus	86.99	4.73
ASM57630v1	GCF_000576305.1	GCA_000576305.1	Paenibacillus pini JCM 16418	1236976		JCM 16418					GCF_000576305.1-RS_2025_09_02	2025-09-02	4961801		68	Contig	2014-02-17	BAVZ01	68	42							4924	Paenibacillus	86.45	
ASM333735v1	GCF_003337355.1	GCA_003337355.1	Fontibacillus phaseoli	1416533		CECT 8333					GCF_003337355.1-RS_2025_05_04	2025-05-04	5444741		34	Scaffold	2018-07-24	QPJW01	30	49.5							5061	Paenibacillaceae	99.07	0.53
ASM1430617v1	GCF_014306175.1	GCA_014306175.1	Veillonella hominis	2764330		NSJ-78					GCF_014306175.1-RS_2025_08_08	2025-08-08	2041457		20	Contig	2020-08-26	JACRWI01	20	38.5							1906	Veillonella	99.77	0.05
ASM4286528v1	GCF_042865285.1	GCA_042865285.1	Cytobacillus spartinae	3299023		FJAT-54145					GCF_042865285.1-RS_2025_11_20	2025-11-20	5200637		40	Contig	2024-10-09	JBIACK01	40	37							5445	Bacillaceae	99.35	2.11
ASM1463590v1	GCF_014635905.1	GCA_014635905.1	Limosilactobacillus caviae	1769424		CCM 8609					GCF_014635905.1-RS_2025_08_26	2025-08-26	2308498		25	Contig	2020-09-11	BMDS01	25	38.5							2264	Lactobacillaceae	99.35	
ASM228737v1	GCF_002287375.1	GCA_002287375.1	Virgibacillus profundi	2024555		P3-H5					GCF_002287375.1-RS_2025_08_06	2025-08-06	4362047		154	Contig	2017-09-06	NPOA01	154	37							4392	Bacillaceae	97.94	3.16
ASM335050v1	GCF_003350505.1	GCA_003350505.1	Falsibacillus pallidus	493781		DSM 25281					GCF_003350505.1-RS_2025_05_04	2025-05-04	3865655		43	Scaffold	2018-07-31	QQAY01	40	42							4015	Bacillaceae	98.44	0.38
ASM1535139v1	GCF_015351395.1	GCA_015351395.1	Savagea serpentis	2785297		SN6					GCF_015351395.1-RS_2025_12_11	2025-12-11	2637389		21	Contig	2020-11-10	JADKPV01	21	41							2688	Planococcaceae	88.02	2.45
ASM2454308v1	GCF_024543085.1	GCA_024543085.1	Granulicatella seriolae	2967226		S8					GCF_024543085.1-RS_2025_12_11	2025-12-11	2224566		28	Scaffold	2022-08-05	JANHNZ01	26	38.5							2053	Granulicatella	78.38	10.32
ASM4906032v1	GCF_049060325.1	GCA_049060325.1	Vescimonas sanitatis	3376993		MH37-1					GCF_049060325.1-RS_2025_03_28	2025-03-28	2689990		66	Contig	2025-03-26	JBMGPW01	66	58.5							2756	Ruminococcaceae	90.89	0.75
ASM2352283v1	GCF_023522835.1	GCA_023522835.1	Oceanobacillus saliphilus	2925834		APA_H-1(4)					GCF_023522835.1-RS_2025_08_02	2025-08-02	4227370		288	Scaffold	2022-05-23	JALCZU01	283	38.5							4238	Oceanobacillus	70.52	17.98
ASM338620v1	GCF_003386205.1	GCA_003386205.1	Cohnella lupini	1294267		CECT 8236					GCF_003386205.1-RS_2025_05_04	2025-05-04	6342800		69	Scaffold	2018-08-14	QRDY01	65	50.5							5706	Cohnella	94.56	11.59
IMG-taxon 2695420940 annotated assembly	GCF_900129355.1	GCA_900129355.1	Seinonella peptonophila	112248		DSM 44666					GCF_900129355.1-RS_2025_04_07	2025-04-07	3844441		42	Scaffold	2016-12-03	FQVL01	41	39							3784	Thermoactinomycetaceae	79.18	7.32
ASM221792v1	GCF_002217925.1	GCA_002217925.1	Secundilactobacillus mixtipabuli	1435342		IWT30					GCF_002217925.1-RS_2025_08_12	2025-08-12	2511119		88	Scaffold	2017-06-14	BCMF01	87	43.5							2430	Lactobacillaceae	98.47	0.74
ASM430799v1	GCF_004307995.1	GCA_004307995.1	Paenibacillus thalictri	2527873		N2SHLJ1					GCF_004307995.1-RS_2025_03_28	2025-03-28	9419252		82	Contig	2019-02-27	SIRE01	82	51							8105	Paenibacillus	98.61	0.92
ASM476470v1	GCF_004764705.1	GCA_004764705.1	Paenibacillus cymbidii	1639034		R196					GCF_004764705.1-RS_2025_12_11	2025-12-11	9454109		81	Contig	2019-04-09	SHLX01	81	57.5							7849	Paenibacillus	99.61	1.7
ASM1428767v1	GCF_014287675.1	GCA_014287675.1	Lawsonibacter faecis	2763052		NSJ-52					GCF_014287675.1-RS_2025_04_15	2025-04-15	4054796		35	Contig	2020-08-24	JACOPQ01	35	62							3577	Ruminococcaceae	98.76	2.15
ASM68670v1	GCF_000686705.1	GCA_000686705.1	Clostridium hydrogeniformans DSM 21757	1121319		DSM 21757					GCF_000686705.1-RS_2025_04_11	2025-04-11	4101506		34	Scaffold	2014-05-08	JMLJ01	31	29.5							3809	Clostridium	99.38	3.02
IMG-taxon 2585428085 annotated assembly	GCF_900130065.1	GCA_900130065.1	Sporobacter termitidis DSM 10068	1123282		DSM 10068					GCF_900130065.1-RS_2025_04_12	2025-04-12	4198214		40	Scaffold	2016-12-03	FQXV01	37	56.5							3911	Ruminococcaceae	98.14	2.67
ASM3081431v1	GCF_030814315.1	GCA_030814315.1	Croceifilum oryzae	1553429		DSM 46876					GCF_030814315.1-RS_2025_08_20	2025-08-20	3234446		35	Contig	2023-08-18	JAUSUV01	35	42							3144	Thermoactinomycetaceae	75.09	9.39
Oribacterium_sp_ACB7_V1	GCF_000238075.1	GCA_000238075.1	Oribacterium asaccharolyticum ACB7	796944		ACB7					GCF_000238075.1-RS_2025_12_13	2025-12-13	2520584		21	Scaffold	2011-12-15	AFZD01	9	43.5							2285	Oribacterium	99.22	0.1
ASM371082v1	GCF_003710825.1	GCA_003710825.1	Brevibacillus fluminis	511487		JCM 15716					GCF_003710825.1-RS_2025_05_04	2025-05-04	6456133		98	Contig	2018-11-04	RHHQ01	98	50.5							6219	Brevibacillus	89.66	14.93
ASM2165411v1	GCF_021654115.1	GCA_021654115.1	Furfurilactobacillus milii	2888272		FUA3430					GCF_021654115.1-RS_2025_05_31	2025-05-31	2649270		26	Contig	2022-01-28	JAIWJF01	26	43.5							2517	Lactobacillaceae	98	2.61
ASM3952186v1	GCF_039521865.1	GCA_039521865.1	Paenibacillus motobuensis	295324		JCM 12774					GCF_039521865.1-RS_2025_05_10	2025-05-10	5453823		41	Scaffold	2024-02-23	BAAACX01	30	46.5							4970	Paenibacillus	95.69	0.16
ASM2556757v1	GCF_025567575.1	GCA_025567575.1	Paenibacillus baimaensis	2982185		WQ 127069					GCF_025567575.1-RS_2025_12_13	2025-12-13	9037301		127	Contig	2022-10-04	JAOQIO01	127	45.5							7989	Paenibacillus	86.78	1.6
ASM4192519v1	GCF_041925195.1	GCA_041925195.1	Flintibacter porci	3342383		P01025					GCF_041925195.1-RS_2025_05_05	2025-05-05	3361386		47	Contig	2024-09-14	JBHEVB01	47	56.5							3358	Clostridiales	99.12	1.32
ASM2260646v1	GCF_022606465.1	GCA_022606465.1	Sulfoacidibacillus ferrooxidans	2005001		S0AB					GCF_022606465.1-RS_2025_03_14	2025-03-14	3342730		150	Contig	2022-03-17	JALBUF01	150	43.5							3405	Alicyclobacillaceae	93.98	2.63
ASM323384v1	GCF_003233845.1	GCA_003233845.1	Paenibacillus sambharensis	1803190		SMB1					GCF_003233845.1-RS_2025_05_04	2025-05-04	5661449		63	Contig	2018-06-16	QKRB01	63	52.5							5225	Paenibacillus	98.87	0.56
ASM301471v1	GCF_003014715.1	GCA_003014715.1	Salsuginibacillus halophilus	517424		CGMCC 1.07653					GCF_003014715.1-RS_2025_05_13	2025-05-13	3019496		29	Contig	2018-03-23	PYAV01	29	46							3013	Bacillaceae	98.64	0.05
JJ-181	GCF_948329515.1	GCA_948329515.1	Cohnella rhizoplanae	2974897		JJ-181					GCF_948329515.1-RS_2025_06_11	2025-06-11	6781847		71	Scaffold	2023-01-28	CAOJCN01	64	60.5							5776	Cohnella	94.03	12.29
ASM215638v1	GCF_002156385.1	GCA_002156385.1	Halalkalibacter urbisdiaboli	1960589		FJAT-45385					GCF_002156385.1-RS_2025_04_30	2025-04-30	4555038		48	Scaffold	2017-05-22	MVJM01	12	38							4574	Bacillaceae	98.71	0.86
ASM394650v1	GCF_003946505.1	GCA_003946505.1	Companilactobacillus mishanensis	2486008		256-3					GCF_003946505.1-RS_2025_12_03	2025-12-03	2348649		28	Contig	2018-12-14	RHON01	28	36.5							2282	Lactobacillaceae	99.13	0.24
ASM1736845v1	GCF_017368455.1	GCA_017368455.1	Proteiniclasticum aestuarii	2817862		SCR006					GCF_017368455.1-RS_2025_04_30	2025-04-30	3184189		33	Contig	2021-03-16	JAFNJU01	33	45.5							3058	Clostridiaceae	99.17	2.69
ASM1690887v1	GCF_016908875.1	GCA_016908875.1	Bacillus ectoiniformans	1494429		DSM 28970					GCF_016908875.1-RS_2025_03_28	2025-03-28	3531559		35	Contig	2021-02-19	JAFBES01	35	41							3511	Bacillus	98.82	0.74
ASM2753362v1	GCF_027533625.1	GCA_027533625.1	Paenibacillus gyeongsangnamensis	3388067		dW9					GCF_027533625.1-RS_2024_12_23	2024-12-23	7787916		72	Scaffold	2023-01-02	JAQAGZ01	71	51.5							7553	Paenibacillus	98.61	1.57
ASM440512v1	GCF_004405125.1	GCA_004405125.1	Jeotgalibacillus salarius	546023		ASL-1					GCF_004405125.1-RS_2025_04_19	2025-04-19	3424270		39	Scaffold	2019-03-26	SORX01	34	41.5							3459	Planococcaceae	93.8	5.43
Marseille-Q6994	GCF_948472335.1	GCA_948472335.1	Streptococcus bouchesdurhonensis	2954240		Marseille-Q6994					GCF_948472335.1-RS_2025_05_12	2025-05-12	3766235		42	Contig	2023-02-03	CAOKTW01	42	40							3854	Streptococcus	99.27	52.28
ASM1965605v1	GCF_019656055.1	GCA_019656055.1	Leuconostoc miyukkimchii	910540		JCM 17445					GCF_019656055.1-RS_2024_09_02	2024-09-02	1913501		12	Contig	2021-05-29	BPKY01	12	36.5							1917	Leuconostoc	99.22	0.94
ASM2861062v1	GCF_028610625.1	GCA_028610625.1	Guptibacillus spartinae	3025679		FJAT-53046					GCF_028610625.1-RS_2025_06_08	2025-06-08	4475952		47	Scaffold	2023-02-13	JAQQWU01	45	40							4738	Bacillales	98.88	0.19
ASM1648130v1	GCF_016481305.1	GCA_016481305.1	Streptococcus pacificus	2740577		CSL7591					GCF_016481305.1-RS_2025_05_05	2025-05-05	1656080		10	Contig	2021-01-04	JAENBO01	10	35.5							1581	Streptococcus	98.91	0.06
ASM1787376v1	GCF_017873765.1	GCA_017873765.1	Paenibacillus sediminis	664909		DSM 23491					GCF_017873765.1-RS_2025_04_29	2025-04-29	3608107		32	Contig	2021-04-08	JAGGKP01	32	43							3606	Paenibacillus	98.33	0.56
ASM2936058v1	GCF_029360585.1	GCA_029360585.1	Cohnella caldifontis	3027471		YIM B05605					GCF_029360585.1-RS_2025_04_06	2025-04-06	5510416		57	Scaffold	2023-03-22	JAQZSJ01	55	59							5077	Cohnella	94.98	8.63
ASM975777v1	GCF_009757775.1	GCA_009757775.1	Paenibacillus lutrae	2078573		N10					GCF_009757775.1-RS_2025_03_29	2025-03-29	5538742		54	Scaffold	2019-12-16	RHLK01	44	50							4957	Paenibacillus	99.17	0.19
ASM3982260v1	GCF_039822605.1	GCA_039822605.1	Paenibacillus wenxiniae	1636843		DSM 100576					GCF_039822605.1-RS_2025_08_26	2025-08-26	5951904		68	Scaffold	2024-05-24	JBCGUH01	54	45.5							4783	Paenibacillus	87.32	1.98
ASM2481443v1	GCF_024814435.1	GCA_024814435.1	Staphylococcus americanisciuri	2973940		GRT3					GCF_024814435.1-RS_2024_09_02	2024-09-02	2237001		29	Contig	2022-08-31	JANUXY01	29	37.5							2191	Staphylococcus	94.39	0.28
ASM2303647v1	GCF_023036475.1	GCA_023036475.1	Bacillus pinisoli	2901866		GXH0341					GCF_023036475.1-RS_2025_03_09	2025-03-09	4004187		38	Contig	2022-04-18	JAJQKI01	38	37							4099	Bacillus	97.65	0.07
PRJEB14542	GCF_900091705.1	GCA_900091705.1	Clostridium mediterraneense	1805472		Marseille-P2434T					GCF_900091705.1-RS_2025_12_09	2025-12-09	3083338		31	Scaffold	2016-07-06	FLSO01	5	27.5							2845	Clostridium	97.52	2.64
ASM342910v1	GCF_003429105.1	GCA_003429105.1	Peribacillus glennii	2303991		V44-8					GCF_003429105.1-RS_2025_12_09	2025-12-09	4469041		27	Contig	2018-08-27	QVTD01	27	42.5							4448	Bacillaceae	99.03	0.34
ASM202770v1	GCF_002027705.1	GCA_002027705.1	Paenibacillus ferrarius	1469647		CY1					GCF_002027705.1-RS_2025_04_22	2025-04-22	9184342		75	Scaffold	2017-03-15	MBTG01	73	45.5							8246	Paenibacillus	99.17	
ASM183290v1	GCF_001832905.1	GCA_001832905.1	Floricoccus tropicus	1859473		DF1					GCF_001832905.1-RS_2025_04_07	2025-04-07	2157756		26	Contig	2016-10-13	MKIR01	26	33							2253	Streptococcaceae	98.13	2.28
ASM4266020v1	GCF_042660205.1	GCA_042660205.1	Sporolactobacillus kofuensis	269672		CCUG 42001					GCF_042660205.1-RS_2025_11_20	2025-11-20	2969113		40	Scaffold	2024-10-06	JBHSTQ01	38	42							2874	Sporolactobacillaceae	83.68	9.17
IMG-taxon 2585428078 annotated assembly	GCF_900130005.1	GCA_900130005.1	Clostridium collagenovorans DSM 3089	1121306		DSM 3089					GCF_900130005.1-RS_2025_04_12	2025-04-12	3482404		35	Scaffold	2016-12-03	FQXP01	30	29							3085	Clostridium	98.76	0.72
IMG-taxon 2740891832 annotated assembly	GCF_900217795.1	GCA_900217795.1	Ureibacillus xyleni	614648		JC22					GCF_900217795.1-RS_2025_03_16	2025-03-16	4050949		36	Scaffold	2017-09-28	OBMQ01	31	35							4022	Planococcaceae	90.87	5.18
SAMEA104055222	GCF_900183575.1	GCA_900183575.1	Staphylococcus cornubiensis	1986155		NW1					GCF_900183575.1-RS_2025_03_28	2025-03-28	2677814		136	Contig	2017-05-11	FXUZ01	136	37.5							2485	Staphylococcus	99.53	0.28
ASM1139302v1	GCF_011393025.1	GCA_011393025.1	Neobacillus terrae	3034837		C11					GCF_011393025.1-RS_2025_03_27	2025-03-27	5500496		99	Contig	2020-03-17	JAAOEO01	99	39							5420	Bacillaceae	99.35	0.59
ASM3807031v1	GCF_038070315.1	GCA_038070315.1	Paenibacillus filicis	669464		KACC14197					GCF_038070315.1-RS_2025_04_11	2025-04-11	7686931		59	Scaffold	2024-04-11	JBBPCC01	58	53.5							7131	Paenibacillus	99.17	1.77
ASM2556740v1	GCF_025567405.1	GCA_025567405.1	Suilimivivens aceti	2981774		Sanger_18					GCF_025567405.1-RS_2025_02_28	2025-02-28	3334484		55	Scaffold	2022-10-04	JAOQKJ01	41	44.5							3286	Lachnospiraceae	99.06	0.83
ASM401115v1	GCF_004011155.1	GCA_004011155.1	Clostridium prolinivorans	2769420		PYR-10					GCF_004011155.1-RS_2025_12_09	2025-12-09	2615293		60	Contig	2019-01-10	RJWG01	60	27.5							2494	Clostridium	100	1.24
ASM4009595v1	GCF_040095955.1	GCA_040095955.1	Blautia caccae	3133175		CLA-SR-H028					GCF_040095955.1-RS_2025_07_07	2025-07-07	5827087		117	Contig	2024-06-07	JBBMFP01	117	46.5							5321	Blautia	97.96	1.13
ASM4267894v1	GCF_042678945.1	GCA_042678945.1	Paenibacillus puldeungensis	696536		CCUG 59189					GCF_042678945.1-RS_2025_11_20	2025-11-20	5531624		54	Scaffold	2024-10-06	JBHTLM01	53	47.5							5207	Paenibacillus	99.58	
IMG-taxon 2675903018 annotated assembly	GCF_900111295.1	GCA_900111295.1	Salipaludibacillus aurantiacus	1601833		S9					GCF_900111295.1-RS_2025_05_03	2025-05-03	4435185		42	Scaffold	2016-10-31	FOGT01	41	42.5							4335	Bacillaceae	99.35	0.32
ASM4268508v1	GCF_042685085.1	GCA_042685085.1	Marinicrinis sediminis	1652465		KCTC 33676					GCF_042685085.1-RS_2025_11_20	2025-11-20	4218192		53	Scaffold	2024-10-07	JBHUMM01	45	48.5							3853	Paenibacillaceae	96.44	
ASM3710472v1	GCF_037104725.1	GCA_037104725.1	Bacillus bruguierae	3127667		FJAT-51639					GCF_037104725.1-RS_2025_02_02	2025-02-02	5096950		50	Scaffold	2024-03-11	JBAWSX01	46	36							5246	Bacillus	98.82	0.1
ASM326827v1	GCF_003268275.1	GCA_003268275.1	Hydrogeniiclostridium mannosilyticum	2764322		ASD2818					GCF_003268275.1-RS_2025_12_11	2025-12-11	3014016		64	Contig	2018-06-27	QLYR01	64	52.5							2842	Clostridiales	98.25	
ASM1483659v1	GCF_014836595.1	GCA_014836595.1	Psychrobacillus faecigallinarum	2762235		Sa2BUA9					GCF_014836595.1-RS_2025_11_23	2025-11-23	4007948		37	Scaffold	2020-09-30	JACSQO01	32	36.5							4102	Bacillaceae	100	0.43
ASM1690811v1	GCF_016908115.1	GCA_016908115.1	Peptoniphilus gorbachii	411567		DSM 21461					GCF_016908115.1-RS_2025_03_28	2025-03-28	1865235		18	Contig	2021-02-19	JAFBDH01	18	31.5							1834	Peptoniphilus	97.84	2.36
IMG-taxon 2675903160 annotated assembly	GCF_900110165.1	GCA_900110165.1	Lihuaxuella thermophila	1173111		DSM 46701					GCF_900110165.1-RS_2025_04_24	2025-04-24	3808945		41	Scaffold	2016-10-31	FOCQ01	40	49							3778	Thermoactinomycetaceae	85.12	18.14
ASM400106v1	GCF_004001065.1	GCA_004001065.1	Paenibacillus xylaniclasticus	588083		NBRC 106381					GCF_004001065.1-RS_2025_09_09	2025-09-09	4924765		106	Contig	2018-12-29	BIML01	106	49.5							4514	Paenibacillus	99.17	1.02
ASM1782997v1	GCF_017829975.1	GCA_017829975.1	Vagococcus allomyrinae	2794353		BWB3-3					GCF_017829975.1-RS_2025_05_26	2025-05-26	5705793		52	Scaffold	2021-04-07	JAEEGA01	43	40							5397	Enterococcaceae	98.21	7.82
ASM434216v1	GCF_004342165.1	GCA_004342165.1	Natranaerovirga pectinivora	682400		DSM 24629					GCF_004342165.1-RS_2025_08_25	2025-08-25	3061098		31	Scaffold	2019-03-11	SMAL01	29	31.5							2929	Clostridia	100	0.91
IMG-taxon 2585428089 annotated assembly	GCF_900141845.1	GCA_900141845.1	Clostridium cavendishii DSM 21758	1121302		DSM 21758					GCF_900141845.1-RS_2025_04_12	2025-04-12	4987666		63	Scaffold	2016-12-03	FQZB01	56	28							4614	Clostridium	98.76	2.07
ASM1328209v1	GCF_013282095.1	GCA_013282095.1	Enterocloster alcoholdehydrogenati	2547410		C5-48					GCF_013282095.1-RS_2025_12_13	2025-12-13	3806033		47	Contig	2020-06-03	BLTJ01	47	49							3581	Lachnospiraceae	98.44	0.71
ASM173022v1	GCF_001730225.1	GCA_001730225.1	Desulfuribacillus alkaliarsenatis	766136		AHT28					GCF_001730225.1-RS_2025_07_18	2025-07-18	3106435		36	Contig	2016-09-16	MIJE01	36	37.5							3042	Bacteria	100	5.17
IMG-taxon 2671180221 annotated assembly	GCF_900096905.1	GCA_900096905.1	Pelagirhabdus alkalitolerans	1612202		S5					GCF_900096905.1-RS_2025_05_03	2025-05-03	2527601		24	Scaffold	2016-10-21	FMYI01	23	37							2479	Bacillaceae	90.82	0.65
ASM4671973v1	GCF_046719735.1	GCA_046719735.1	Halobacillus rhizosphaerae	3064889		T66					GCF_046719735.1-RS_2025_01_16	2025-01-16	4223887		60	Contig	2025-01-15	JAUTWQ01	60	41							4349	Halobacillus	88.52	9.92
ASM295989v1	GCF_002959895.1	GCA_002959895.1	Veillonella infantium	1911679		T11011-4					GCF_002959895.1-RS_2025_04_02	2025-04-02	2021343		15	Contig	2018-02-27	PPDD01	15	38.5							1893	Veillonella	99.89	0.12
12075_1#88	GCF_900097965.1	GCA_900097965.1	Staphylococcus caeli	2201815		82B					GCF_900097965.1-RS_2025_09_28	2025-09-28	2708739		41	Contig	2016-10-03	FMPG01	41	33.5							2718	Staphylococcus	98.85	0.16
ASM360963v1	GCF_003609635.1	GCA_003609635.1	Lacrimispora algidixylanolytica	94868		SPL73					GCF_003609635.1-RS_2025_12_13	2025-12-13	4639933		35	Contig	2018-10-02	MCIA01	35	40							4314	Lachnospiraceae	98.68	3.39
ASM366857v1	GCF_003668575.1	GCA_003668575.1	Falsibacillus albus	2478915		GY 10110					GCF_003668575.1-RS_2025_12_09	2025-12-09	4485249		45	Scaffold	2018-10-22	RCVZ01	37	42.5							4470	Bacillaceae	98.71	0.48
ASM969637v1	GCF_009696375.1	GCA_009696375.1	Clostridium porci	2605778		WCA-389-WT-23D1					GCF_009696375.1-RS_2025_12_11	2025-12-11	4224091		69	Contig	2019-11-22	VUMD01	69	46							4121	Clostridium	98.14	0.94
CIP111891	GCF_927798215.1	GCA_927798215.1	Paenibacillus allorhizoplanae	2905648		CIP 111891					GCF_927798215.1-RS_2025_03_29	2025-03-29	8162691		78	Scaffold	2022-01-24	CAKMMW01	75	45							7160	Paenibacillus	99.72	1.27
ASM576516v1	GCF_005765165.1	GCA_005765165.1	Paenibacillus antri	2582848		SYSU K30003					GCF_005765165.1-RS_2025_08_06	2025-08-06	7182231		82	Contig	2019-05-24	VCIW01	82	59							6510	Paenibacillus	98.47	
ASM1898294v1	GCF_018982945.1	GCA_018982945.1	Anaerostipes faecalis	2738446		AGMB03513					GCF_018982945.1-RS_2024_12_16	2024-12-16	2544126		37	Contig	2021-06-21	JABRXE01	37	37							2597	Lachnospiraceae	97.5	3.02
ASM1787396v1	GCF_017873965.1	GCA_017873965.1	Ammoniphilus resinae	861532		DSM 24738					GCF_017873965.1-RS_2025_04_29	2025-04-29	4996620		58	Contig	2021-04-08	JAGGKT01	58	42.5							5118	Paenibacillaceae	95.97	4.3
ASM4267590v1	GCF_042675905.1	GCA_042675905.1	Paenibacillus chungangensis	696535		CCUG 59129					GCF_042675905.1-RS_2025_11_20	2025-11-20	5462589		73	Contig	2024-10-06	JBHTJZ01	73	50.5							4771	Paenibacillus	98.75	
ASM2902800v1	GCF_029028005.1	GCA_029028005.1	Alkalihalobacterium chitinilyticum	2980103		MEB 203					GCF_029028005.1-RS_2025_08_18	2025-08-18	4882427		51	Scaffold	2023-03-08	JAOTPO01	49	37.5							4874	Bacillaceae	99.35	1.08
ASM333737v1	GCF_003337375.1	GCA_003337375.1	Paenibacillus prosopidis	630520		CECT 7506					GCF_003337375.1-RS_2025_05_04	2025-05-04	6635990		92	Scaffold	2018-07-24	QPJD01	81	47							6092	Paenibacillus	99.72	2.86
ASM336956v1	GCF_003369565.1	GCA_003369565.1	Oceanobacillus chungangensis	1229152		CAU 1051					GCF_003369565.1-RS_2025_05_04	2025-05-04	4010023		37	Scaffold	2018-08-10	PIOD01	31	37							3963	Oceanobacillus	67.33	14.96
ASM143720v1	GCF_001437205.1	GCA_001437205.1	Lactobacillus selangorensis	81857		DSM 13344					GCF_001437205.1-RS_2025_03_29	2025-03-29	2086969		32	Contig	2015-11-06	JQAZ01	32	46.5							2139	Lactobacillus	97.93	0.98
ASM2556736v1	GCF_025567365.1	GCA_025567365.1	Anaerostipes amylophilus	2981779		H1_26					GCF_025567365.1-RS_2025_02_28	2025-02-28	2459729		26	Scaffold	2022-10-04	JAOQJG01	20	36.5							2444	Lachnospiraceae	98.12	1.98
ASM1906120v1	GCF_019061205.1	GCA_019061205.1	Apilactobacillus waqarii	2851006		HBW1					GCF_019061205.1-RS_2025_05_22	2025-05-22	1490797		38	Contig	2021-06-29	JAHQYH01	38	37							1423	Lactobacillaceae	97.88	0.98
PRJEB20397	GCF_900176885.1	GCA_900176885.1	Oceanobacillus senegalensis	1936063		Marseille-P3587					GCF_900176885.1-RS_2025_05_03	2025-05-03	4300368		41	Scaffold	2017-04-26	FWYO01	4	37							4251	Oceanobacillus	67.64	19.46
ASM586987v1	GCF_005869875.1	GCA_005869875.1	Paenibacillus pinistramenti	1768003		ASL46					GCF_005869875.1-RS_2025_03_28	2025-03-28	4201341		50	Contig	2019-05-28	VAWG01	50	52							3872	Paenibacillus	99.1	0.39
IMG-taxon 2675903166 annotated assembly	GCF_900111235.1	GCA_900111235.1	[Clostridium] fimetarium	99656		DSM 9179					GCF_900111235.1-RS_2025_12_13	2025-12-13	4568183		48	Contig	2016-10-31	FOJI01	48	33.5							4185	Lachnospiraceae	98.75	2.68
ASM3073090v1	GCF_030730905.1	GCA_030730905.1	Chengkuizengella axinellae	3064388		2205SS18-9					GCF_030730905.1-RS_2025_08_22	2025-08-22	5065763		77	Contig	2023-08-14	JAVAMP01	77	34							4967	Paenibacillaceae	95.95	1.56
ASM1498297v1	GCF_014982975.1	GCA_014982975.1	Claveliimonas monacensis	2779351		DSM 108991					GCF_014982975.1-RS_2025_12_13	2025-12-13	3008920		36	Contig	2020-10-25	JADCKL01	36	50.5							2914	Lachnospiraceae	98.12	1.56
ASM4009589v1	GCF_040095895.1	GCA_040095895.1	Lachnospira intestinalis	3133158		CLA-AA-H89B					GCF_040095895.1-RS_2025_07_20	2025-07-20	3097876		35	Contig	2024-06-07	JBBMFS01	35	41.5							2977	Lachnospira	74.58	16.25
ASM1944310v1	GCF_019443105.1	GCA_019443105.1	Paenibacillus oenotherae	1435645		DT7-4					GCF_019443105.1-RS_2025_05_06	2025-05-06	5694872		104	Scaffold	2021-08-02	JAHZIJ01	103	50.5							4979	Paenibacillus	98.89	0.63
ASM990918v1	GCF_009909185.1	GCA_009909185.1	Paenibacillus glycinis	2697035		T1					GCF_009909185.1-RS_2025_12_11	2025-12-11	7325334		54	Contig	2020-01-20	JAAAMV01	54	58							6331	Paenibacillus	99.72	1.11
ASM1099395v1	GCF_010993955.1	GCA_010993955.1	Oceanobacillus halotolerans	2663380		YIM 98839					GCF_010993955.1-RS_2025_11_23	2025-11-23	3324657		29	Scaffold	2020-02-24	WIXL01	24	37							3170	Oceanobacillus	57.56	11.59
ASM1535242v1	GCF_015352425.1	GCA_015352425.1	Fusibacter ferrireducens	2785058		Q10-2					GCF_015352425.1-RS_2025_12_09	2025-12-09	5280720		54	Scaffold	2020-11-10	JADKNH01	45	37.5							4736	Clostridiales	99.12	4.24
ASM2223454v1	GCF_022234545.1	GCA_022234545.1	Paenibacillus piscarius	1089681		P121					GCF_022234545.1-RS_2025_03_27	2025-03-27	7437208		62	Scaffold	2022-02-15	JAIEUI01	57	54							6549	Paenibacillus	99.17	0.93
ASM964974v1	GCF_009649745.1	GCA_009649745.1	Aquibacillus halophilus	930132		B6B					GCF_009649745.1-RS_2025_03_28	2025-03-28	4324655		56	Contig	2019-11-11	WJNG01	56	36							4358	Bacillaceae	99.23	1.45
ASM1334371v1	GCF_013343715.1	GCA_013343715.1	Mesobacillus harenae	2213203		Y40					GCF_013343715.1-RS_2025_04_05	2025-04-05	4672576		65	Scaffold	2020-06-15	JABUNR01	64	40.5							4634	Bacillaceae	99.03	0.07
ASM778647v1	GCF_007786475.1	GCA_007786475.1	Cohnella terricola	1289167		G13					GCF_007786475.1-RS_2025_05_04	2025-05-04	5387258		52	Scaffold	2019-07-31	VNJJ01	41	51.5							5068	Cohnella	93.16	9.72
ASM3081311v1	GCF_030813115.1	GCA_030813115.1	Caldalkalibacillus horti	77523		DSM 12751					GCF_030813115.1-RS_2025_03_09	2025-03-09	4751370		49	Contig	2023-08-18	JAUSTY01	49	40							4461	Bacillus	92.88	2.82
ASM2462345v1	GCF_024623455.1	GCA_024623455.1	Paenibacillus soyae	2969249		SCIV0701					GCF_024623455.1-RS_2025_08_25	2025-08-25	6868203		116	Scaffold	2022-08-10	JANIPJ01	113	55							6064	Paenibacillus	99.72	
IMG-taxon 2681813511 annotated assembly	GCF_900156645.1	GCA_900156645.1	Salimicrobium flavidum	570947		DSM 23127					GCF_900156645.1-RS_2025_12_09	2025-12-09	2900825		28	Scaffold	2017-01-14	FTOC01	27	45.5							2965	Bacillaceae	96.51	
ASM1421205v1	GCF_014212055.1	GCA_014212055.1	Cohnella zeiphila	2761120		CBP-2801					GCF_014212055.1-RS_2025_03_23	2025-03-23	7924106		103	Scaffold	2020-08-16	JACJVO01	95	58.5							7015	Cohnella	93.89	12.82
ASM1088212v1	GCF_010882125.1	GCA_010882125.1	Peribacillus alkalitolerans	1550385		KCTC 33631					GCF_010882125.1-RS_2025_03_29	2025-03-29	4472175		82	Scaffold	2020-02-20	JAAGVZ01	77	37.5							4470	Bacillaceae	99.14	0.65
ASM4266559v1	GCF_042665595.1	GCA_042665595.1	Bhargavaea changchunensis	2134037		CGMCC 1.13508					GCF_042665595.1-RS_2025_03_02	2025-03-02	3264925		38	Contig	2024-10-06	JBHTCT01	38	53.5							3330	Planococcaceae	92.39	3.64
ASM1693885v1	GCF_016938855.1	GCA_016938855.1	Polycladomyces zharkentensis	2807616		ZKZ2T					GCF_016938855.1-RS_2025_08_25	2025-08-25	3317478		27	Scaffold	2021-02-24	JAFHAP01	22	52.5							3305	Thermoactinomycetaceae	80.11	9.34
ASM338716v1	GCF_003387165.1	GCA_003387165.1	Jeotgalicoccus halotolerans	157227		DSM 17274					GCF_003387165.1-RS_2025_05_04	2025-05-04	2232970		18	Scaffold	2018-08-14	QUMW01	17	41							2343	Jeotgalicoccus	91.31	4.72
ASM294635v1	GCF_002946355.1	GCA_002946355.1	Pradoshia eiseniae	2064768		EAG3					GCF_002946355.1-RS_2025_12_11	2025-12-11	3821617		60	Scaffold	2018-02-26	PKOZ01	57	42.5							3823	Bacillaceae	97.74	0.22
ASM3081411v1	GCF_030814115.1	GCA_030814115.1	Alkalibacillus filiformis	200990		DSM 15448					GCF_030814115.1-RS_2025_08_20	2025-08-20	2715836		30	Contig	2023-08-18	JAUSUP01	30	37.5							2906	Bacillaceae	98.17	0.65
ASM577163v1	GCF_005771635.1	GCA_005771635.1	Culicoidibacter larvae	2579976		CS-1					GCF_005771635.1-RS_2025_04_05	2025-04-05	2502375		33	Contig	2019-05-22	VBWP01	33	38.5							2463	Bacteria	99.84	
ASM3081287v1	GCF_030812875.1	GCA_030812875.1	Peptoniphilus koenoeneniae	507751		DSM 22616					GCF_030812875.1-RS_2025_08_20	2025-08-20	1797793		18	Contig	2023-08-18	JAUSTN01	18	31.5							1748	Peptoniphilus	93.72	1.1
CIP107946	GCF_903994035.1	GCA_903994035.1	Phocicoccus pinnipedialis	110845		CIP 107946					GCF_903994035.1-RS_2025_12_13	2025-12-13	1551135		17	Contig	2020-08-20	CAJEWB01	17	36.5							1627	Bacillales	95.8	0.19
ASM2462219v1	GCF_024622195.1	GCA_024622195.1	Murimonas intestini	1337051		DSM 26524					GCF_024622195.1-RS_2025_02_27	2025-02-27	5727142		36	Contig	2022-08-10	JANKBI01	36	45.5							4938	Lachnospiraceae	99.06	0.31
ASM97079v1	GCF_000970795.1	GCA_000970795.1	Bombilactobacillus mellifer	1218492		Bin4					GCF_000970795.1-RS_2025_05_13	2025-05-13	1815047	2	28	Scaffold	2015-04-13	JXJQ01	11	39.5							1739	Lactobacillaceae	98.4	0.65
IMG-taxon 2524614863 annotated assembly	GCF_900167445.1	GCA_900167445.1	Maledivibacter halophilus	36842		M1					GCF_900167445.1-RS_2025_12_13	2025-12-13	5802910		48	Scaffold	2017-03-09	FUZT01	39	31							5514	Clostridia	99.09	0.45
PRJEB18969	GCF_900156875.1	GCA_900156875.1	Robertmurraya dakarensis	1926278		Marseille-P3515T					GCF_900156875.1-RS_2025_03_16	2025-03-16	5481671		62	Scaffold	2017-02-02	FTOZ01	11	38.5							5316	Bacillus	98.77	2.01
ASM4267946v1	GCF_042679465.1	GCA_042679465.1	Lactobacillus melliventris	1218507		CCUG 63629					GCF_042679465.1-RS_2025_11_20	2025-11-20	2101527		18	Scaffold	2024-10-06	JBHTMT01	15	36							2057	Lactobacillus	97.74	0.99
ASM4267588v1	GCF_042675885.1	GCA_042675885.1	Metaplanococcus flavidus	569883		CCUG 56756					GCF_042675885.1-RS_2025_12_11	2025-12-11	3337190		51	Contig	2024-10-06	JBHTKI01	51	45							3303	Planococcaceae	96.19	3.98
IMG-taxon 2617270778 annotated assembly	GCF_900112045.1	GCA_900112045.1	Lentibacillus halodurans	237679		CGMCC 1.3702					GCF_900112045.1-RS_2025_04_24	2025-04-24	3670765		36	Scaffold	2016-11-02	FOJW01	31	41.5							3634	Bacillaceae	99.35	0.11
ASM186599v1	GCF_001865995.1	GCA_001865995.1	Anaerobacillus arseniciselenatis	85682		DSM 15340					GCF_001865995.1-RS_2025_03_24	2025-03-24	3953004		58	Contig	2016-11-03	MLQQ01	58	36							3916	Bacillaceae	76.27	1.02
ASM3442765v1	GCF_034427655.1	GCA_034427655.1	Robertmurraya mangrovi	3098077		31A1R					GCF_034427655.1-RS_2025_09_07	2025-09-07	4713286	1	52	Contig	2023-12-16	JAXOFX01	52	36							4813	Bacillaceae	98.71	1.63
ASM1787421v1	GCF_017874215.1	GCA_017874215.1	Paenibacillus eucommiae	1355755		DSM 26048					GCF_017874215.1-RS_2025_09_29	2025-09-29	10264536		82	Contig	2021-04-08	JAGGLB01	82	45.5							8548	Paenibacillus	99.61	1.9
ASM4489128v1	GCF_044891285.1	GCA_044891285.1	Bacillus lumedeiriae	3058829		B190/17					GCF_044891285.1-RS_2025_11_23	2025-11-23	3434160		89	Contig	2024-11-13	JAUIYO01	89	41.5							3472	Bacillus	97.84	0.47
IMG-taxon 2617270767 annotated assembly	GCF_900103955.1	GCA_900103955.1	Alkalicoccus daliensis	745820		CGMCC 1.10369					GCF_900103955.1-RS_2025_04_24	2025-04-24	3778165		32	Scaffold	2016-10-21	FNIL01	28	42.5							3542	Bacillaceae	96.08	0.34
ASM299333v1	GCF_002993335.1	GCA_002993335.1	Alkalicoccus urumqiensis	1548213		BZ-SZ-XJ18					GCF_002993335.1-RS_2025_04_30	2025-04-30	3280710		27	Scaffold	2018-03-11	PVNS01	26	51.5							3238	Bacillaceae	97.27	0.38
ASM274994v1	GCF_002749945.1	GCA_002749945.1	Clostridium combesii	39481		DSM 20696					GCF_002749945.1-RS_2024_12_16	2024-12-16	3892013		39	Scaffold	2017-11-04	PEIK01	38	28							3669	Clostridium	98.76	
ASM1965599v1	GCF_019655995.1	GCA_019655995.1	Leuconostoc holzapfelii	434464		JCM 16942					GCF_019655995.1-RS_2024_09_02	2024-09-02	1755314		22	Contig	2021-05-29	BPKV01	22	44							1765	Leuconostoc	99.13	0.83
IMG-taxon 2671180223 annotated assembly	GCF_900096965.1	GCA_900096965.1	Shouchella lonarensis	1464122		25nlg					GCF_900096965.1-RS_2025_07_22	2025-07-22	2582209		27	Scaffold	2016-10-21	FMYM01	25	43.5							2666	Bacillaceae	96.68	0.13
ASM4265626v1	GCF_042656265.1	GCA_042656265.1	Cohnella faecalis	2315694		CGMCC 1.13587					GCF_042656265.1-RS_2025_03_02	2025-03-02	5650931		72	Scaffold	2024-10-06	JBHSOV01	65	53.5							4925	Cohnella	93.62	11.4
ASM394611v1	GCF_003946115.1	GCA_003946115.1	Lacticaseibacillus daqingensis	2486014		143-4(a)					GCF_003946115.1-RS_2025_11_23	2025-11-23	2738087		30	Contig	2018-12-14	RHOH01	30	58							2689	Lactobacillaceae	98.84	1.58
Paenibacillus phoceensis	GCF_900021165.1	GCA_900021165.1	Paenibacillus phocaensis	1776378		mt24					GCF_900021165.1-RS_2024_12_16	2024-12-16	5515107		39	Contig	2016-01-29	FCOQ01	39	53.5							5034	Paenibacillus	98.56	
ASM1428799v1	GCF_014287995.1	GCA_014287995.1	Agathobaculum faecis	2763013		NSJ-28					GCF_014287995.1-RS_2025_12_11	2025-12-11	3052159		84	Contig	2020-08-24	JACOPL01	84	57							3224	Clostridiales	99.12	0.44
ASM1943104v1	GCF_019431045.1	GCA_019431045.1	Clostridium weizhouense	2859781		YB-6					GCF_019431045.1-RS_2024_09_03	2024-09-03	3962696		41	Contig	2021-07-31	JAHXPT01	41	26.5							3632	Clostridium	98.76	0.31
ASM362669v1	GCF_003626695.1	GCA_003626695.1	Paenibacillus ginsengarvi	400777		KCTC 13059					GCF_003626695.1-RS_2025_03_28	2025-03-28	8283483		72	Scaffold	2018-10-07	RBAH01	71	54							7297	Paenibacillus	99.39	1.62
ASM2209569v1	GCF_022095695.1	GCA_022095695.1	Oceanobacillus jordanicus	2867266		GSFE11					GCF_022095695.1-RS_2025_03_28	2025-03-28	3838908		36	Contig	2022-02-08	JAIFZM01	36	39							3899	Oceanobacillus	72.79	11.89
ASM1944827v1	GCF_019448275.1	GCA_019448275.1	Streptococcus humanilactis	2841061		IMAU99125					GCF_019448275.1-RS_2025_03_16	2025-03-16	2027143		95	Scaffold	2021-08-04	JAHXBZ01	75	40							2005	Streptococcus	99.94	0.32
ASM1483661v1	GCF_014836615.1	GCA_014836615.1	Sporosarcina quadrami	2762234		Sa2YVA2					GCF_014836615.1-RS_2025_11_23	2025-11-23	3576489		43	Contig	2020-09-30	JACSQN01	43	41.5							3573	Sporosarcina	92.28	7.96
ASM3628938v1	GCF_036289385.1	GCA_036289385.1	Anaerofustis butyriciformans	3108533		HA2171					GCF_036289385.1-RS_2025_04_30	2025-04-30	2187946		21	Contig	2024-01-30	JAYFFH01	21	30							2238	Eubacteriaceae	99.29	
ASM4265548v1	GCF_042655485.1	GCA_042655485.1	Lederbergia graminis	735518		KACC 13779					GCF_042655485.1-RS_2025_03_02	2025-03-02	4220131		46	Contig	2024-10-06	JBHSMC01	46	36							4085	Bacillaceae	98.49	2.1
ASM1690831v1	GCF_016908315.1	GCA_016908315.1	Halanaerobacter jeridensis	706427		DSM 23230					GCF_016908315.1-RS_2025_08_06	2025-08-06	3323537		48	Contig	2021-02-19	JAFBDQ01	48	32							3066	Halobacteroidaceae	94.71	6.04
LMG 32999	GCF_963580165.1	GCA_963580165.1	Fructobacillus evanidus	3064281		LMG 32999			LMG 32999		GCF_963580165.1-RS_2025_04_03	2025-04-03	1728549		27	Contig	2024-01-18	CAUZLM01	27	44							1699	Lactobacillaceae	91.81	0.52
ASM2792346v1	GCF_027923465.1	GCA_027923465.1	Vallitalea longa	2936439		SH18-1					GCF_027923465.1-RS_2025_06_30	2025-06-30	5707491		134	Contig	2022-12-13	BRLB01	134	30							5018	Clostridia	99.09	6.52
ASM300312v1	GCF_003003125.1	GCA_003003125.1	Laceyella sediminis	573074		RHA1					GCF_003003125.1-RS_2025_05_03	2025-05-03	3392166		44	Contig	2018-03-15	PVTZ01	44	49							3460	Thermoactinomycetaceae	86.18	11.76
ASM2756331v1	GCF_027563315.1	GCA_027563315.1	Paenisporosarcina quisquiliarum	365346		SK 55					GCF_027563315.1-RS_2025_03_09	2025-03-09	3140025		40	Scaffold	2023-01-03	JAMKBJ01	39	39.5							3215	Planococcaceae	97.58	0.92
ASM334453v1	GCF_003344535.1	GCA_003344535.1	Exiguobacterium flavidum	2184695		HF60					GCF_003344535.1-RS_2025_12_13	2025-12-13	2703469		24	Scaffold	2018-07-27	QPKS01	23	55							2731	Exiguobacterium	91.3	0.4
ASM4268192v1	GCF_042681925.1	GCA_042681925.1	Sporosarcina siberiensis	1365606		CGMCC 1.12516					GCF_042681925.1-RS_2025_03_02	2025-03-02	3533446		44	Scaffold	2024-10-06	JBHUGI01	37	38							3509	Sporosarcina	90.2	6.38
ASM336343v1	GCF_003363435.1	GCA_003363435.1	Anaerosacchariphilus polymeriproducens	1812858		MCWD5					GCF_003363435.1-RS_2025_12_13	2025-12-13	3815928		51	Contig	2018-08-05	QRCT01	51	33							3686	Lachnospiraceae	98.75	2.9
ASM143660v1	GCF_001436605.1	GCA_001436605.1	Holzapfeliella floricola DSM 23037 = JCM 16512	1423744		DSM 23037					GCF_001436605.1-RS_2025_03_29	2025-03-29	1289346		25	Scaffold	2015-11-06	AYZL01	20	34.5							1306	Lactobacillaceae	96.14	1.31
ASM3952260v1	GCF_039522605.1	GCA_039522605.1	Virgibacillus siamensis	480071		JCM 15395					GCF_039522605.1-RS_2025_05_10	2025-05-10	3624171		60	Scaffold	2024-02-23	BAAADS01	37	41.5							3678	Bacillaceae	98.23	
ASM68755v1	GCF_000687555.1	GCA_000687555.1	[Clostridium] aerotolerans DSM 5434	1410651		DSM 5434					GCF_000687555.1-RS_2025_12_13	2025-12-13	4732373		50	Contig	2014-04-08	JHWJ01	50	42.5							4401	Lachnospiraceae	98.06	2.59
ASM863579v1	GCF_008635795.1	GCA_008635795.1	Paenibacillus tepidiphilus	2608683		SYSU G01001					GCF_008635795.1-RS_2025_03_29	2025-03-29	6809498		90	Contig	2019-09-23	VWRQ01	90	54							5915	Paenibacillus	98.22	2.63
ASM4625501v1	GCF_046255015.1	GCA_046255015.1	Finegoldia dalianensis	3145239		LY240594					GCF_046255015.1-RS_2024_12_24	2024-12-24	2024017		18	Scaffold	2024-12-23	JBDLBQ01	15	32							1998	Finegoldia	97.25	1.99
ASM3081413v1	GCF_030814135.1	GCA_030814135.1	Caldalkalibacillus uzonensis	353224		DSM 17740					GCF_030814135.1-RS_2025_08_20	2025-08-20	3877707		53	Contig	2023-08-18	JAUSUQ01	53	46.5							3977	Bacillaceae	96.24	1.65
ASM1314169v1	GCF_013141695.1	GCA_013141695.1	Paenibacillus plantarum	2654975		LMG 31461					GCF_013141695.1-RS_2025_09_29	2025-09-29	9203724		95	Contig	2020-05-22	WHNY01	95	45							7709	Paenibacillus	99.72	1.13
ASM3043371v1	GCF_030433715.1	GCA_030433715.1	Sporosarcina highlanderae	3035916		F6_3S_P_2					GCF_030433715.1-RS_2025_07_13	2025-07-13	3397737		34	Scaffold	2023-07-11	JAROCC01	33	41.5							3500	Sporosarcina	92.49	9.39
IMG-taxon 2651870107 annotated assembly	GCF_900112705.1	GCA_900112705.1	Lentibacillus persicus	640948		DSM 22530					GCF_900112705.1-RS_2025_05_03	2025-05-03	3314552		28	Scaffold	2016-11-02	FOMR01	23	42.5							3383	Bacillaceae	97.74	0.65
ASM188627v1	GCF_001886275.1	GCA_001886275.1	Enterococcus termitis	332950		DSM 22803					GCF_001886275.1-RS_2025_05_03	2025-05-03	4127488		105	Scaffold	2016-11-25	JXLF01	102	37							3975	Enterococcus	98.57	2.67
ASM3041816v1	GCF_030418165.1	GCA_030418165.1	Ureibacillus aquaedulcis	3058421		BA0131					GCF_030418165.1-RS_2024_05_12	2024-05-12	3944230		54	Contig	2023-07-10	JAUHTQ01	54	38							3858	Planococcaceae	91.9	5.69
IMG-taxon 2582580728 annotated assembly	GCF_900142805.1	GCA_900142805.1	Lacicoccus alkaliphilus DSM 16010	1123231		DSM 16010					GCF_900142805.1-RS_2025_07_07	2025-07-07	2516660		35	Scaffold	2016-12-03	FRCF01	26	48							2580	Bacillales	97.76	0.75
ASM2068716v1	GCF_020687165.1	GCA_020687165.1	Hominenteromicrobium mulieris	2885357		CLA-AA-H250					GCF_020687165.1-RS_2025_08_18	2025-08-18	2853755		37	Contig	2021-10-31	JAJEQC01	37	52.5							2793	Ruminococcaceae	97.83	1.24
IMG-taxon 2681813550 annotated assembly	GCF_900156755.1	GCA_900156755.1	Alicyclobacillus vulcanalis	252246		DSM 16176					GCF_900156755.1-RS_2025_12_10	2025-12-10	2994480		36	Scaffold	2017-01-14	FTOO01	34	62							2980	Alicyclobacillus	98.67	2.19
ASM331529v1	GCF_003315295.1	GCA_003315295.1	Paraliobacillus ryukyuensis	200904		DSM 15140					GCF_003315295.1-RS_2025_05_04	2025-05-04	3095919		33	Scaffold	2018-07-12	QNRI01	31	36							3190	Bacillaceae	94.27	1.03
ASM1408386v1	GCF_014083865.1	GCA_014083865.1	Paraliobacillus salinarum	1158996		G6-18					GCF_014083865.1-RS_2025_05_05	2025-05-05	2799568		32	Contig	2020-08-06	JACEFA01	32	35.5							2885	Bacillaceae	94.33	
ASM1292652v1	GCF_012926525.1	GCA_012926525.1	Clostridium muellerianum	2716538		P21					GCF_012926525.1-RS_2025_04_30	2025-04-30	5645749		69	Scaffold	2020-04-28	JABBNI01	67	29.5							5221	Clostridium	100	3.11
ASM1997281v1	GCF_019972815.1	GCA_019972815.1	Lactobacillus huangpiensis	2799571		F306-1					GCF_019972815.1-RS_2025_09_09	2025-09-09	1901853		21	Contig	2021-07-16	BPPA01	21	35.5							1885	Lactobacillus	97.74	0.16
ASM972814v1	GCF_009728145.1	GCA_009728145.1	Ornithinibacillus caprae	2678566		L9					GCF_009728145.1-RS_2025_05_05	2025-05-05	4158303		40	Contig	2019-12-03	WOCA01	40	36							4287	Bacillaceae	99.35	1.99
ASM434012v1	GCF_004340125.1	GCA_004340125.1	Harryflintia acetispora	1849041		DSM 100433					GCF_004340125.1-RS_2025_06_22	2025-06-22	2932766		25	Scaffold	2019-03-11	SLUK01	24	60							2786	Ruminococcaceae	98.76	0.78
ASM3081341v1	GCF_030813415.1	GCA_030813415.1	Eubacterium multiforme	83339		DSM 20694					GCF_030813415.1-RS_2025_08_20	2025-08-20	3318204		35	Contig	2023-08-18	JAUSUF01	35	27							3280	Eubacterium	97.77	4.33
ASM1428763v1	GCF_014287635.1	GCA_014287635.1	Roseburia zhanii	2763064		BX1005					GCF_014287635.1-RS_2025_12_13	2025-12-13	3504022		103	Contig	2020-08-24	JACOPH01	103	40.5							3298	Roseburia	81.12	9.71
ASM4265464v1	GCF_042654645.1	GCA_042654645.1	Cohnella hongkongensis	178337		CCUG 49571					GCF_042654645.1-RS_2025_03_02	2025-03-02	6312967		62	Scaffold	2024-10-05	JBHSEP01	60	57.5							5590	Cohnella	93.48	9.4
IMG-taxon 2675903014 annotated assembly	GCF_900107755.1	GCA_900107755.1	Thalassobacillus cyri	571932		CCM7597					GCF_900107755.1-RS_2025_05_03	2025-05-03	4300830		38	Scaffold	2016-10-22	FNQR01	37	42.5							4412	Bacillaceae	98.71	
ASM4243119v1	GCF_042431195.1	GCA_042431195.1	Cohnella cellulosilytica	986710		TISTR 1996					GCF_042431195.1-RS_2025_09_29	2025-09-29	8314855		88	Scaffold	2024-09-28	JBHMDN01	81	57.5							7074	Cohnella	95.75	11.9
ASM5040286v1	GCF_050402865.1	GCA_050402865.1	Clostridium sediminicola	3114879		SH18-2					GCF_050402865.1-RS_2025_05_19	2025-05-19	5616089		109	Contig	2024-05-10	BAABMF01	109	29.5							5395	Clostridium	100	2.02
ASM4531067v1	GCF_045310675.1	GCA_045310675.1	Candidatus Clostridium stratigraminis	3381661		WILCCON 0185					GCF_045310675.1-RS_2025_04_14	2025-04-14	3657445		61	Scaffold	2024-11-25	JBJHZZ01	60	32							3571	Clostridium	100	1.25
ASM82946v1	GCF_000829465.1	GCA_000829465.1	Cohnella kolymensis	1590652		VKM B-2846					GCF_000829465.1-RS_2025_12_09	2025-12-09	4344717		34	Contig	2015-01-27	JXAL01	34	50.5							4611	Cohnella	79.46	10.35
ASM1861785v1	GCF_018617855.1	GCA_018617855.1	Exiguobacterium qingdaonense	2751251		S82					GCF_018617855.1-RS_2025_03_28	2025-03-28	2738116		53	Scaffold	2021-06-01	JACSKY01	52	48.5							2845	Exiguobacterium	95.48	1.08
ASM61994v1	GCF_000619945.1	GCA_000619945.1	Clostridium lundense DSM 17049	1410653		DSM 17049					GCF_000619945.1-RS_2025_04_11	2025-04-11	4753597		54	Scaffold	2014-04-08	JHVC01	52	29.5							4617	Clostridium	99.38	0.36
ASM2429478v1	GCF_024294785.1	GCA_024294785.1	Ectobacillus ponti	2961894		SYSU M60031					GCF_024294785.1-RS_2025_08_01	2025-08-01	4522925		143	Scaffold	2022-07-16	JANCLT01	133	51.5							4636	Bacillaceae	99.35	0.87
ASM1438510v1	GCF_014385105.1	GCA_014385105.1	Qingrenia yutianensis	2763676		NSJ-50					GCF_014385105.1-RS_2025_11_21	2025-11-21	2635915		116	Contig	2020-09-01	JACRTE01	116	43							2477	Ruminococcaceae	96.89	1.52
ASM1420158v1	GCF_014201585.1	GCA_014201585.1	Anoxybacillus tengchongensis	576944		DSM 23211					GCF_014201585.1-RS_2025_05_05	2025-05-05	2727467		33	Scaffold	2020-08-14	JACHES01	29	41.5							2903	Anoxybacillus	99.24	1.77
ASM4268536v1	GCF_042685365.1	GCA_042685365.1	Paenibacillus thailandensis	393250		TISTR 1827					GCF_042685365.1-RS_2025_11_20	2025-11-20	5620800		62	Scaffold	2024-10-07	JBHUMY01	56	54							5226	Paenibacillus	98.89	0.56
ASM159401v1	GCF_001594015.1	GCA_001594015.1	Moorella mulderi DSM 14980	1122241		DSM 14980					GCF_001594015.1-RS_2025_06_01	2025-06-01	2999839		72	Contig	2016-03-18	LTBC01	72	54.5							3197	Moorella	89.61	9.98
ASM1498285v1	GCF_014982855.1	GCA_014982855.1	Pseudoflavonifractor gallinarum	2779352		DSM 107456					GCF_014982855.1-RS_2025_12_11	2025-12-11	3182492		31	Contig	2020-10-25	JADCKF01	31	60							3132	Ruminococcaceae	97.52	1.94
ASM4120508v1	GCF_041205085.1	GCA_041205085.1	Clostridium moutaii	3240932		MT-5					GCF_041205085.1-RS_2025_12_02	2025-12-02	3586104		56	Contig	2024-08-11	JBGEWD01	56	32.5							3607	Clostridium	98.76	0.78
IMG-taxon 2599185230 annotated assembly	GCF_900113335.1	GCA_900113335.1	Desulfotruncus arcticus DSM 17038	1121424		DSM 17038					GCF_900113335.1-RS_2025_07_03	2025-07-03	5215335		56	Scaffold	2016-11-02	FOOX01	55	45.5							5204	Clostridiales	98.25	1.75
ASM5097180v1	GCF_050971805.1	GCA_050971805.1	Robertmurraya mesotrionivorans	3436931		P23					GCF_050971805.1-RS_2025_06_18	2025-06-18	5172975		81	Scaffold	2025-06-17	JBPCCH01	66	38							5064	Bacillaceae	99.1	2.66
ASM3952197v1	GCF_039521975.1	GCA_039521975.1	Alkalibacillus silvisoli	392823		JCM 14193					GCF_039521975.1-RS_2024_05_10	2024-05-10	2981567		46	Scaffold	2024-02-23	BAAACZ01	44	37							3161	Bacillaceae	98.17	1.61
ASM1483641v1	GCF_014836415.1	GCA_014836415.1	Sporosarcina gallistercoris	2762245		Sa3CUA8					GCF_014836415.1-RS_2025_11_23	2025-11-23	3134129		31	Scaffold	2020-09-30	JACSQY01	25	44							3085	Sporosarcina	88.18	3.31
IMG-taxon 2588253509 annotated assembly	GCF_900142955.1	GCA_900142955.1	Anaerosporobacter mobilis DSM 15930	1120996		DSM 15930					GCF_900142955.1-RS_2025_12_13	2025-12-13	5217774		48	Scaffold	2016-12-03	FRCP01	45	35							4646	Lachnospiraceae	98.75	3.94
ASM540520v1	GCF_005405205.1	GCA_005405205.1	Enterococcus pingfangensis	2559924		241-2-2					GCF_005405205.1-RS_2025_08_26	2025-08-26	2017363		24	Contig	2019-03-29	BJDP01	24	40							1964	Enterococcus	87.35	2.2
ASM227005v1	GCF_002270055.1	GCA_002270055.1	Anaeromicrobium sediminis	1478221		DY2726D					GCF_002270055.1-RS_2025_12_13	2025-12-13	4710588		56	Scaffold	2017-08-25	NIBG01	55	31.5							4466	Clostridia	98.18	0.91
ASM2462250v1	GCF_024622505.1	GCA_024622505.1	Irregularibacter muris	1796619		DSM 28593					GCF_024622505.1-RS_2024_09_03	2024-09-03	3110034		36	Contig	2022-08-10	JANKAS01	36	35.5							3071	Eubacteriaceae	95.71	4.64
PRJEB23934	GCF_900604935.1	GCA_900604935.1	Vaginisenegalia massiliensis	2058294		Marseille-P5643					GCF_900604935.1-RS_2025_03_31	2025-03-31	1754973		21	Contig	2018-11-18	UWPC01	21	39							1704	Aerococcaceae	98.33	2.24
IMG-taxon 2706794923 annotated assembly	GCF_900182905.1	GCA_900182905.1	Anoxynatronum buryatiense	489973		Su22					GCF_900182905.1-RS_2025_05_22	2025-05-22	4163741		48	Scaffold	2023-04-08	FXUF01	47	48.5							3696	Clostridiaceae	95.33	6.32
ASM1812854v1	GCF_018128545.1	GCA_018128545.1	Sinanaerobacter chloroacetimidivorans	2818044		BAD-6					GCF_018128545.1-RS_2025_03_02	2025-03-02	4778346		69	Scaffold	2021-04-22	JAGSND01	63	42.5							4602	Clostridiales	98.03	0.44
ASM3147037v1	GCF_031470375.1	GCA_031470375.1	Paenibacillus glufosinatiresistens	3070657		YX-27					GCF_031470375.1-RS_2025_12_13	2025-12-13	4215786		49	Contig	2023-09-14	JAVFHT01	49	57.5							3858	Paenibacillus	97.54	0.56
ASM1494719v2	GCF_014947195.2	GCA_014947195.2	Paenibacillus rhizolycopersici	2780073		DXFW5					GCF_014947195.2-RS_2025_03_08	2025-03-08	4991113		59	Contig	2021-02-16	JADCNN02	59	53							4627	Paenibacillus	98.89	
ASM91881457v1	GCF_918814575.1	GCA_918814575.1	Periweissella fabaria	546157		LMG 24289 substr. LMG 24289					GCF_918814575.1-RS_2025_07_08	2025-07-08	1926695		19	Contig	2021-11-18	CAKKNS01	19	38							1960	Lactobacillaceae	97.04	0.87
ASM452191v1	GCF_004521915.1	GCA_004521915.1	Brevibacillus migulae	1644114		CFH S0501					GCF_004521915.1-RS_2025_12_11	2025-12-11	5261149		96	Contig	2019-03-29	SDKD01	96	49.5							5249	Brevibacillus	88.18	9.42
PRJEB18752	GCF_900155395.1	GCA_900155395.1	Merdibacter massiliensis	1871030		Marseille-P3254T					GCF_900155395.1-RS_2025_12_11	2025-12-11	2468696		24	Scaffold	2017-01-05	FTLC01	23	40							2430	Erysipelotrichaceae	98.11	0.63
ASM373029v1	GCF_003730295.1	GCA_003730295.1	Ornithinibacillus gellani	2293253		LJ137					GCF_003730295.1-RS_2025_11_22	2025-11-22	3787664		54	Scaffold	2018-11-15	QTSZ01	53	39.5							3646	Bacillaceae	97.79	1.94
ASM4213636v1	GCF_042136365.1	GCA_042136365.1	Paenibacillus enshidis	1458439		KCTC 33519					GCF_042136365.1-RS_2025_09_22	2025-09-22	5395876		105	Contig	2024-09-21	JBHHMI01	105	50							5065	Paenibacillus	99.72	
ASM3624624v1	GCF_036246245.1	GCA_036246245.1	Companilactobacillus muriivasis	3081444		419-1.2					GCF_036246245.1-RS_2025_07_14	2025-07-14	2718101		25	Scaffold	2023-10-26	BTTQ01	23	37							2471	Lactobacillaceae	99.13	1.82
ASM2462652v1	GCF_024626525.1	GCA_024626525.1	Lederbergia panacisoli	1255251		KACC 17503					GCF_024626525.1-RS_2024_09_03	2024-09-03	4110058		45	Scaffold	2022-08-10	JANJGU01	43	37.5							4038	Bacillaceae	96.88	0.81
Genoma_EAR8	GCF_904424705.1	GCA_904424705.1	Rossellomorea arthrocnemi	2769542		EAR8					GCF_904424705.1-RS_2025_12_11	2025-12-11	4775586		107	Contig	2020-11-21	CAJGBF01	107	42							4870	Bacillaceae	99.35	3.6
ASM1891786v1	GCF_018917865.1	GCA_018917865.1	Tissierella simiarum	2841534		MSJ-40					GCF_018917865.1-RS_2025_05_06	2025-05-06	4087897		52	Contig	2021-06-16	JAHLPM01	52	30.5							4184	Bacteria	98.28	0.86
ASM394614v1	GCF_003946145.1	GCA_003946145.1	Levilactobacillus huananensis	2486019		151-2B					GCF_003946145.1-RS_2025_11_23	2025-11-23	2290968		35	Contig	2018-12-14	RHOC01	35	47.5							2212	Lactobacillaceae	99.35	
ASM1891914v1	GCF_018919145.1	GCA_018919145.1	Paenibacillus brevis	2841508		MSJ-6					GCF_018919145.1-RS_2025_05_23	2025-05-23	5237811		60	Scaffold	2021-06-16	JAHLQJ01	59	49.5							4746	Paenibacillus	99.44	0.73
ASM2556728v1	GCF_025567285.1	GCA_025567285.1	Coprococcus aceti	2981786		H2_11					GCF_025567285.1-RS_2025_02_28	2025-02-28	3235561		30	Scaffold	2022-10-04	JAOQJT01	24	43.5							2927	Coprococcus	74.07	14.84
ASM827129v1	GCF_008271295.1	GCA_008271295.1	Selenomonas ruminis	2593411		mPRGC5					GCF_008271295.1-RS_2025_08_08	2025-08-08	2960121		52	Contig	2019-09-03	VTOY01	52	50							2809	Selenomonas	99.93	0.39
ASM1419239v1	GCF_014192395.1	GCA_014192395.1	Paenibacillus endophyticus	1294268		CECT 8234					GCF_014192395.1-RS_2025_09_29	2025-09-29	7302688		61	Scaffold	2020-08-14	JACHXW01	46	48							6326	Paenibacillus	99.58	
ASM351570v1	GCF_003515705.1	GCA_003515705.1	Oceanobacillus profundus	372463		DSM 18246					GCF_003515705.1-RS_2025_03_28	2025-03-28	4778684		63	Contig	2018-09-10	QWEH01	63	37.5							4747	Oceanobacillus	79.12	22.02
ASM4018316v1	GCF_040183165.1	GCA_040183165.1	Lysinibacillus zambalensis	3160866		M3					GCF_040183165.1-RS_2025_06_15	2025-06-15	5298580		129	Contig	2024-06-14	JBEGDG01	129	36.5							5285	Lysinibacillus	91.55	8.09
ASM1463598v1	GCF_014635985.1	GCA_014635985.1	Enterococcus alcedinis	1274384		CCM 8433					GCF_014635985.1-RS_2025_09_02	2025-09-02	2686367		29	Contig	2020-09-11	BMDT01	29	37.5							2541	Enterococcus	90.52	1.71
ASM309663v1	GCF_003096635.1	GCA_003096635.1	Ezakiella coagulans	46507		DSM 20705					GCF_003096635.1-RS_2025_05_03	2025-05-03	1806048		23	Scaffold	2018-05-07	QEKV01	20	35.5							1713	Bacteria	98.28	
ASM3710476v1	GCF_037104765.1	GCA_037104765.1	Psychrobacillus mangrovi	3117745		FJAT-51614					GCF_037104765.1-RS_2025_02_02	2025-02-02	4202498		54	Scaffold	2024-03-11	JBAWSY01	49	35.5							4204	Bacillaceae	100	1.45
ASM4265410v1	GCF_042654105.1	GCA_042654105.1	Oceanobacillus aidingensis	645964		CGMCC 1.9106					GCF_042654105.1-RS_2025_03_02	2025-03-02	4718734		50	Contig	2024-10-05	JBHSFT01	50	39							4569	Oceanobacillus	81.16	24.51
ASM1463740v1	GCF_014637405.1	GCA_014637405.1	Ornithinibacillus halotolerans	1274357		CGMCC 1.12408					GCF_014637405.1-RS_2025_09_02	2025-09-02	3910294		54	Contig	2020-09-12	BMEY01	54	35							4040	Bacillaceae	95.94	0.22
ASM2204897v1	GCF_022048975.1	GCA_022048975.1	Sporosarcina cyprini	2910523		MB25					GCF_022048975.1-RS_2025_03_08	2025-03-08	3973661		38	Contig	2022-02-07	JAKMHX01	38	45							4050	Sporosarcina	95.35	10.6
ASM972067v1	GCF_009720675.1	GCA_009720675.1	Secundilactobacillus folii	2678357		CRM56-3					GCF_009720675.1-RS_2025_05_05	2025-05-05	2681617		58	Contig	2019-11-30	WNJO01	58	44.5							2472	Lactobacillaceae	98.8	0.78
ASM654276v1	GCF_006542765.1	GCA_006542765.1	Paenibacillus luteus	2545753		R-3					GCF_006542765.1-RS_2025_04_03	2025-04-03	8511810		101	Scaffold	2019-04-19	SKCD01	97	47							7206	Paenibacillus	99.58	
Clostridium phoceensis	GCF_001244495.1	GCA_001244495.1	Clostridium phoceensis	1650661		GD3					GCF_001244495.1-RS_2025_03_12	2025-03-12	3453778		47	Scaffold	2015-07-22	CVUG01	10	59.5							3454	Clostridium	91.91	1.24
ASM3712072v1	GCF_037120725.1	GCA_037120725.1	Bacillus spongiae	2683610		135PIL107-10					GCF_037120725.1-RS_2025_03_13	2025-03-13	4471323		48	Scaffold	2024-03-12	JBBAXC01	44	36							4489	Bacillus	97.06	1.59
ASM1483693v1	GCF_014836935.1	GCA_014836935.1	Solibacillus merdavium	2762218		Sa1YVA6					GCF_014836935.1-RS_2025_11_23	2025-11-23	3783750		59	Scaffold	2020-09-30	JACSPW01	57	37							3778	Planococcaceae	91.47	5.52
ASM1904224v1	GCF_019042245.1	GCA_019042245.1	Diplocloster modestus	2850322		ASD4241					GCF_019042245.1-RS_2024_12_16	2024-12-16	5576960		64	Scaffold	2021-06-27	JAHQCX01	58	48							5000	Lachnospiraceae	99.38	2.89
ASM394604v1	GCF_003946045.1	GCA_003946045.1	Levilactobacillus mulengensis	2486025		112-3					GCF_003946045.1-RS_2025_11_23	2025-11-23	3110930		36	Contig	2018-12-14	RHNW01	36	50.5							2848	Lactobacillaceae	99.29	0.87
ASM362850v1	GCF_003628505.1	GCA_003628505.1	Oceanobacillus halophilus	930130		DSM 23996					GCF_003628505.1-RS_2025_04_03	2025-04-03	4081470		51	Contig	2018-10-11	RBZP01	51	36.5							3974	Oceanobacillus	70.19	17.29
ASM226543v1	GCF_002265435.1	GCA_002265435.1	Tetzosporium hominis	2020506		VT-49					GCF_002265435.1-RS_2025_08_07	2025-08-07	2780751		395	Scaffold	2017-08-22	NOKQ01	393	43.5							3094	Planococcaceae	90.86	3.08
ASM1648278v1	GCF_016482785.1	GCA_016482785.1	Paenibacillus alkalitolerans	2799335		YIM B00362 = KCTC 43272					GCF_016482785.1-RS_2025_12_09	2025-12-09	6337839		82	Scaffold	2021-01-04	JAEMXM01	80	51							6030	Paenibacillus	95.21	1.66
ASM143489v1	GCF_001434895.1	GCA_001434895.1	Secundilactobacillus odoratitofui DSM 19909 = JCM 15043	1423776		DSM 19909					GCF_001434895.1-RS_2025_03_28	2025-03-28	2751938		45	Scaffold	2015-11-06	AZEE01	31	44							2481	Lactobacillaceae	98.47	0.41
ASM3249049v1	GCF_032490495.1	GCA_032490495.1	Pilosibacter fragilis	3078042		CSJ-4					GCF_032490495.1-RS_2025_05_06	2025-05-06	3742317		96	Contig	2023-10-11	JAVYJB01	96	48							3586	Clostridiaceae	87.75	13.03
ASM62144v1	GCF_000621445.1	GCA_000621445.1	Alkalihalobacillus bogoriensis ATCC BAA-922	1408424		ATCC BAA-922					GCF_000621445.1-RS_2025_09_02	2025-09-02	5002403		61	Scaffold	2014-04-08	JHYI01	51	36.5							4953	Bacillaceae	98.49	0.7
IMG-taxon 2634166305 annotated assembly	GCF_900101835.1	GCA_900101835.1	Peptococcus niger	2741		DSM 20475					GCF_900101835.1-RS_2025_04_12	2025-04-12	1968473		32	Scaffold	2016-10-21	FNAF01	29	49.5							1927	Peptococcaceae	81.21	1.53
PRJEB21891	GCF_900199725.1	GCA_900199725.1	Cytobacillus massiliigabonensis	1871011		Marseille-P2639					GCF_900199725.1-RS_2025_12_09	2025-12-09	5231817		69	Scaffold	2018-01-02	FZRJ01	9	38							5194	Bacillaceae	99.35	1.45
ASM3081343v1	GCF_030813435.1	GCA_030813435.1	Evansella vedderi	38282		DSM 9768					GCF_030813435.1-RS_2025_08_20	2025-08-20	5696154		64	Contig	2023-08-18	JAUSUG01	64	38							5480	Bacillaceae	98.58	3.12
ASM969644v1	GCF_009696445.1	GCA_009696445.1	Porcincola intestinalis	2606632		Oil+RF-744-WCA-WT-11					GCF_009696445.1-RS_2025_12_13	2025-12-13	3139978		31	Contig	2019-11-22	VULZ01	31	52							2894	Lachnospiraceae	95	0.31
ASM2556688v1	GCF_025566885.1	GCA_025566885.1	Brotonthovivens ammoniilytica	2981725		Sanger_109					GCF_025566885.1-RS_2025_02_28	2025-02-28	3452403		31	Scaffold	2022-10-04	JAOQJQ01	16	42.5							3197	Lachnospiraceae	97.92	1.35
ASM3081291v1	GCF_030812915.1	GCA_030812915.1	Alkalibacillus salilacus	284582		DSM 16460					GCF_030812915.1-RS_2025_08_20	2025-08-20	2729834		30	Contig	2023-08-18	JAUSTQ01	30	38							2892	Bacillaceae	97.59	
ASM1314176v1	GCF_013141765.1	GCA_013141765.1	Paenibacillus foliorum	2654974		LMG 31456					GCF_013141765.1-RS_2025_09_29	2025-09-29	7874230		135	Contig	2020-05-22	WHOD01	135	44.5							7166	Paenibacillus	99.17	1.2
ASM1420257v1	GCF_014202575.1	GCA_014202575.1	Texcoconibacillus texcoconensis	1095777		DSM 24696					GCF_014202575.1-RS_2025_05_05	2025-05-05	3417124		45	Scaffold	2020-08-14	JACHHB01	38	40.5							3322	Bacillaceae	99.35	0.27
ASM2319589v1	GCF_023195895.1	GCA_023195895.1	Paenibacillus mellifer	2937794		MBLB2552					GCF_023195895.1-RS_2025_08_29	2025-08-29	5176139		67	Contig	2022-05-01	JALPRK01	67	52.5							4814	Paenibacillus	99.72	
ASM97067v1	GCF_000970675.1	GCA_000970675.1	Domibacillus tundrae	1587527		PAMC 80007					GCF_000970675.1-RS_2025_05_02	2025-05-02	3392047		48	Contig	2015-04-08	LAJA01	48	43.5							3640	Bacillaceae	98.39	0.65
ASM4589751v1	GCF_045897515.1	GCA_045897515.1	Rossellomorea oryzaecorticis	1396505		JCM19602					GCF_045897515.1-RS_2025_12_10	2025-12-10	4338538		55	Contig	2024-12-09	JBJOSA01	55	44.5							4328	Bacillaceae	99.35	2.63
ASM991032v1	GCF_009910325.1	GCA_009910325.1	Isachenkonia alkalipeptolytica	2565777		Z-1701					GCF_009910325.1-RS_2025_08_24	2025-08-24	3170080		67	Contig	2020-01-21	SUMG01	67	44							3001	Clostridiaceae	95.93	3.98
IMG-taxon 2590828806 annotated assembly	GCF_900167555.1	GCA_900167555.1	Gemmiger formicilis	745368		ATCC 27749					GCF_900167555.1-RS_2025_04_01	2025-04-01	3241569		94	Scaffold	2017-03-04	FUYF01	92	58							2973	Clostridiales	97.37	
1804121828	GCF_903819165.1	GCA_903819165.1	Aedoeadaptatus nemausensis	2582829		1804121828					GCF_903819165.1-RS_2025_05_05	2025-05-05	1805580		83	Scaffold	2020-07-18	CAIJCS01	79	45.5							1829	Bacteria	96.55	
ASM1843727v1	GCF_018437275.1	GCA_018437275.1	Fructobacillus broussonetiae	2713173		M2-14					GCF_018437275.1-RS_2025_03_27	2025-03-27	1265753		13	Contig	2021-05-21	JAAMFK01	13	46.5							1297	Lactobacillaceae	90.15	0.16
ASM2473384v1	GCF_024733845.1	GCA_024733845.1	Neomoorella sulfitireducens	2972948		SLA38					GCF_024733845.1-RS_2025_05_18	2025-05-18	2888417		36	Contig	2022-08-22	JANRHG01	36	53.5							2911	Moorella	85.48	7.94
ASM1787343v1	GCF_017873435.1	GCA_017873435.1	Paenibacillus turicensis	160487		DSM 14349					GCF_017873435.1-RS_2025_04_29	2025-04-29	4772929		45	Contig	2021-04-08	JAGGKG01	45	39							4474	Paenibacillus	96.07	
ASM1293338v1	GCF_012933385.1	GCA_012933385.1	Paenibacillus lemnae	1330551		L7-75					GCF_012933385.1-RS_2025_05_05	2025-05-05	4585858		51	Contig	2020-04-29	JABBPN01	51	48.5							4305	Paenibacillus	99.61	0.56
ASM1903910v1	GCF_019039105.1	GCA_019039105.1	Desertibacillus haloalkaliphilus	1328930		KJ1-10-99					GCF_019039105.1-RS_2025_08_03	2025-08-03	4418026		689	Scaffold	2021-06-26	JAHPIV01	683	40							4808	Bacillaceae	99.35	5.97
ASM968790v1	GCF_009687905.1	GCA_009687905.1	Lacticaseibacillus zhaodongensis	2668065		1206-1					GCF_009687905.1-RS_2025_08_26	2025-08-26	2444625		40	Contig	2019-11-15	BLBG01	40	52.5							2268	Lactobacillaceae	98.86	1.06
ASM1142163v1	GCF_011421635.1	GCA_011421635.1	Paenibacillus turpanensis	2689078		YIM B00363					GCF_011421635.1-RS_2025_04_19	2025-04-19	4966221		78	Contig	2020-03-18	WTLI01	78	50.5							4609	Paenibacillus	98.61	
ASM1464265v1	GCF_014642655.1	GCA_014642655.1	Pullulanibacillus camelliae	1707096		CGMCC 1.15371					GCF_014642655.1-RS_2024_09_02	2024-09-02	4254632		52	Contig	2020-09-12	BMIR01	52	41.5							4025	Sporolactobacillaceae	89.36	30.48
ASM2556708v1	GCF_025567085.1	GCA_025567085.1	Bovifimicola ammoniilytica	2981720		Sanger_97					GCF_025567085.1-RS_2025_11_22	2025-11-22	3027291		36	Scaffold	2022-10-04	JAOQJN01	26	34							2784	Clostridiales	99.12	
ASM4088830v1	GCF_040888305.1	GCA_040888305.1	Streptococcus fermentans	3095082		BJSWXB5TM5					GCF_040888305.1-RS_2025_02_16	2025-02-16	1964456	1	32	Scaffold	2024-07-25	JBFNFG01	30	39.5							1942	Streptococcus	99.83	
ASM2778912v1	GCF_027789125.1	GCA_027789125.1	Paenibacillus aestuarii	516965		CJ25					GCF_027789125.1-RS_2025_12_13	2025-12-13	7084080		93	Scaffold	2023-01-12	JAQFVF01	92	49							6657	Paenibacillus	99.72	0.06
ASM2040474v1	GCF_020404745.1	GCA_020404745.1	Aquibacillus saliphilus	1909422		KHM2					GCF_020404745.1-RS_2025_08_08	2025-08-08	4225206		47	Contig	2021-10-09	JAIZAP01	47	35.5							4286	Bacillaceae	99.35	1.13
ASM969738v1	GCF_009697385.1	GCA_009697385.1	Selenomonas montiformis	2652285		WCA-380-WT-3B3					GCF_009697385.1-RS_2025_12_11	2025-12-11	2640693		26	Contig	2019-11-23	VUNL01	26	52.5							2573	Selenomonas	100	0.5
ASM4009635v1	GCF_040096355.1	GCA_040096355.1	Maccoyibacter intestinihominis	3133499		CLA-AA-H185					GCF_040096355.1-RS_2025_07_20	2025-07-20	2847260		47	Contig	2024-06-07	JBBMEX01	47	41							2832	Lachnospiraceae	96.46	0.4
ASM3941429v1	GCF_039414295.1	GCA_039414295.1	Anoxynatronum sibiricum	210623		Z-7981					GCF_039414295.1-RS_2025_05_05	2025-05-05	3993211		106	Contig	2024-05-04	JBCITM01	106	48.5							3638	Clostridiaceae	96.08	5.9
ASM4266529v1	GCF_042665295.1	GCA_042665295.1	Scopulibacillus cellulosilyticus	2665665		CGMCC 1.16305					GCF_042665295.1-RS_2025_03_02	2025-03-02	4427786		45	Contig	2024-10-06	JBHTCO01	45	38.5							4391	Sporolactobacillaceae	87.67	39.95
ASM311683v1	GCF_003116835.1	GCA_003116835.1	Lactococcus termiticola	2169526		NtB2					GCF_003116835.1-RS_2025_08_12	2025-08-12	1734781		22	Contig	2018-05-08	BFFO01	22	47.5							1702	Lactococcus	92.27	0.69
ASM1438496v1	GCF_014384965.1	GCA_014384965.1	Jutongia hominis	2763664		BX3					GCF_014384965.1-RS_2025_08_25	2025-08-25	2741145		41	Contig	2020-09-01	JACRSW01	41	38.5							2441	Lachnospiraceae	89.38	0.62
ASM254977v1	GCF_002549775.1	GCA_002549775.1	Faecalibacterium langellae	3435293		CNCM I-4541					GCF_002549775.1-RS_2025_06_08	2025-06-08	2822738		79	Scaffold	2017-10-13	NMTR01	78	58							2766	Faecalibacterium	87.45	4.33
Veillonella_sp_nov1_DSM110113	GCF_943192895.1	GCA_943192895.1	Veillonella intestinalis	2941341		DSM 110113					GCF_943192895.1-RS_2025_04_01	2025-04-01	2125466		20	Contig	2022-06-10	CALPCB01	20	38							2018	Veillonella	99.29	0.4
ASM68672v1	GCF_000686725.1	GCA_000686725.1	Clostridium akagii DSM 12554	1121293		DSM 12554					GCF_000686725.1-RS_2025_04_11	2025-04-11	4589511		55	Scaffold	2014-05-08	JMLK01	50	30.5							4459	Clostridium	98.14	2.07
ASM284457v1	GCF_002844575.1	GCA_002844575.1	Heyndrickxia camelliae	1707093		7578-1					GCF_002844575.1-RS_2025_07_22	2025-07-22	4956718		80	Contig	2017-12-18	PIQO01	80	36							5059	Bacillaceae	98.49	1.68
IMG-taxon 2651870172 annotated assembly	GCF_900104555.1	GCA_900104555.1	Litchfieldia salsa	930152		IBRC-M10078					GCF_900104555.1-RS_2025_03_27	2025-03-27	4789739		55	Scaffold	2016-10-21	FNJU01	32	36							4675	Bacillaceae	99.03	0.75
IMG-taxon 2617270769 annotated assembly	GCF_900110345.1	GCA_900110345.1	Amphibacillus marinus	872970		CGMCC 1.10434					GCF_900110345.1-RS_2025_05_03	2025-05-03	3468523		32	Scaffold	2016-10-31	FODJ01	29	38.5							3358	Bacillaceae	91.89	2.26
ASM1676567v1	GCF_016765675.1	GCA_016765675.1	Neobacillus paridis	2803862		YIM B02564					GCF_016765675.1-RS_2025_08_02	2025-08-02	4629313		440	Scaffold	2021-01-27	JAESWB01	425	41.5							4517	Bacillaceae	99.34	2.31
ASM434500v1	GCF_004345005.1	GCA_004345005.1	Extibacter muris	1796622		DSM 28560					GCF_004345005.1-RS_2025_04_07	2025-04-07	3711428		107	Contig	2019-03-12	SMMX01	107	48							3997	Lachnospiraceae	98.75	0.71
ASM808659v1	GCF_008086595.1	GCA_008086595.1	Acetobacterium paludosum	52693		DSM 8237					GCF_008086595.1-RS_2025_04_13	2025-04-13	3691131		54	Contig	2019-08-26	RXYA01	54	40							3472	Eubacteriaceae	99.29	2.14
ASM394630v1	GCF_003946305.1	GCA_003946305.1	Lacticaseibacillus porcinae	1123687		JCM 19617					GCF_003946305.1-RS_2025_03_28	2025-03-28	2838071		36	Contig	2018-12-14	RHNS01	36	47							2732	Lactobacillaceae	99.23	0.84
ASM1686160v1	GCF_016861605.1	GCA_016861605.1	Levilactobacillus wangkuiensis	2799566		6-5(1)					GCF_016861605.1-RS_2024_09_02	2024-09-02	3135848		56	Contig	2021-01-15	BOLM01	56	50.5							2894	Lactobacillaceae	99.29	0.97
ASM2248742v1	GCF_022487425.1	GCA_022487425.1	Amedibacillus hominis	2897776		NSJ-176					GCF_022487425.1-RS_2025_03_29	2025-03-29	4356631		50	Contig	2022-03-05	JAKVPQ01	50	35.5							4339	Erysipelotrichaceae	99.37	2.14
ILCC801.fasta	GCF_900186125.1	GCA_900186125.1	Listeria goaensis	1649188		ILCC801					GCF_900186125.1-RS_2025_04_22	2025-04-22	2891166		24	Contig	2017-06-30	FYBQ01	24	40.5							2925	Listeria	88.51	4.96
ASM1464703v1	GCF_014647035.1	GCA_014647035.1	Sporolactobacillus putidus	492735		JCM 15325					GCF_014647035.1-RS_2025_09_02	2025-09-02	3475761		45	Scaffold	2020-09-12	BMOK01	42	46.5							3332	Sporolactobacillaceae	88.45	14.05
ASM336957v1	GCF_003369575.1	GCA_003369575.1	Oceanobacillus arenosus	1229153		CAU 1183					GCF_003369575.1-RS_2025_05_04	2025-05-04	4051086		49	Scaffold	2018-08-10	PIOC01	35	37.5							4081	Oceanobacillus	66.46	17.52
ASM1428770v1	GCF_014287705.1	GCA_014287705.1	Dorea hominis	2763040		NSJ-36					GCF_014287705.1-RS_2025_12_13	2025-12-13	3019761		43	Contig	2020-08-24	JACOOY01	43	41							2884	Dorea	87.02	6.29
ASM1335994v1	GCF_013359945.1	GCA_013359945.1	Paenibacillus agri	2744309		JW14					GCF_013359945.1-RS_2025_09_29	2025-09-29	6375712		221	Contig	2020-06-18	JABWCS01	221	48							5939	Paenibacillus	99.17	0.13
ASM1413860v1	GCF_014138605.1	GCA_014138605.1	Peribacillus huizhouensis	1501239		DSM 105481					GCF_014138605.1-RS_2025_09_29	2025-09-29	5027882		66	Scaffold	2020-08-10	JACJHX01	58	37.5							4786	Bacillaceae	99.35	1.83
ASM31198v1	GCF_000311985.1	GCA_000311985.1	Kallipyga massiliensis ph2	1118059		ph2					GCF_000311985.1-RS_2025_05_01	2025-05-01	1770670		22	Scaffold	2012-08-16	CAHC01	3	51.5							1648	Bacteria	96.55	
ASM1899856v1	GCF_018998565.1	GCA_018998565.1	Paenibacillus oleatilyticus	2594886		SM69					GCF_018998565.1-RS_2025_08_02	2025-08-02	7899415		243	Scaffold	2021-06-22	JAHNZO01	236	53							7416	Paenibacillus	99.58	0.36
ASM1176149v1	GCF_011761495.1	GCA_011761495.1	Alkalibacillus almallahensis	1379154		CECT 8373					GCF_011761495.1-RS_2025_04_19	2025-04-19	2709255		38	Scaffold	2020-03-27	JAASRU01	36	38.5							2872	Bacillaceae	97.59	
ASM1749797v1	GCF_017497975.1	GCA_017497975.1	Metabacillus bambusae	2795218		BG109					GCF_017497975.1-RS_2025_08_29	2025-08-29	6262382		79	Contig	2021-03-20	JAGDEL01	79	35.5							6007	Bacillaceae	99.23	1.54
ASM1689022v1	GCF_016890225.1	GCA_016890225.1	Bacillus suaedaesalsae	2810349		RD4P76					GCF_016890225.1-RS_2025_05_22	2025-05-22	3908041		46	Contig	2021-02-15	JAFELM01	46	36							4057	Bacillus	96.18	0.87
ASM3028282v1	GCF_030282825.1	GCA_030282825.1	Aquibacillus rhizosphaerae	3051431		LR5S19					GCF_030282825.1-RS_2025_12_11	2025-12-11	4690508		63	Contig	2023-06-16	JASTZU01	63	35							4578	Bacillaceae	99.03	1.06
ASM4264326v1	GCF_042643265.1	GCA_042643265.1	Virgibacillus sediminis	202260		KCTC 13193					GCF_042643265.1-RS_2025_11_20	2025-11-20	3588335		40	Contig	2024-10-05	JBHRRZ01	40	44							3666	Bacillaceae	100	0.7
ASM987742v1	GCF_009877425.1	GCA_009877425.1	Heliomicrobium undosum	121734		DSM 13378					GCF_009877425.1-RS_2024_12_16	2024-12-16	3813851		71	Contig	2020-01-14	WXEY01	71	57							3582	Clostridiales	98.65	1.75
ASM4586201v1	GCF_045862015.1	GCA_045862015.1	Levilactobacillus muriae	3238987		N40-8-2					GCF_045862015.1-RS_2025_06_22	2025-06-22	3044780		75	Scaffold	2024-08-08	BAAFRU01	74	47.5							2911	Lactobacillaceae	99.35	
IMG-taxon 2585428079 annotated assembly	GCF_900176305.1	GCA_900176305.1	Clostridium acidisoli DSM 12555	1121291		DSM 12555					GCF_900176305.1-RS_2025_04_12	2025-04-12	3999957		62	Contig	2017-04-08	FWXH01	62	30							3981	Clostridium	99.38	1.24
IMG-taxon 2603880187 annotated assembly	GCF_900112405.1	GCA_900112405.1	Fructobacillus durionis	283737		DSM 19113					GCF_900112405.1-RS_2025_04_24	2025-04-24	1327392		17	Contig	2016-11-02	FOLI01	17	44.5							1324	Lactobacillaceae	91.68	0.65
ASM159210v1	GCF_001592105.1	GCA_001592105.1	Desulfolucanica intricata	1285191		NBRC 109411					GCF_001592105.1-RS_2025_08_12	2025-08-12	2981061		66	Contig	2016-03-01	BCWE01	66	40.5							3127	Peptococcaceae	99.51	2.29
ASM2068696v1	GCF_020686965.1	GCA_020686965.1	Hominiventricola filiformis	2885352		CLA-AA-H276					GCF_020686965.1-RS_2025_12_13	2025-12-13	3494392		55	Contig	2021-10-31	JAJEPS01	55	45							3503	Lachnospiraceae	98.54	0.62
CLIP 2016_00682	GCF_900183385.1	GCA_900183385.1	Listeria costaricensis	2026604					CLIP201600682		GCF_900183385.1-RS_2025_03_29	2025-03-29	3180595		53	Scaffold	2017-08-22	FXUT01	44	43.5							3100	Listeria	90.95	4.15
ASM1659579v1	GCF_016595795.1	GCA_016595795.1	Clostridium yunnanense	2800325		YIM B02505					GCF_016595795.1-RS_2025_03_29	2025-03-29	5715103		78	Scaffold	2021-01-09	JAENHN01	71	31							5181	Clostridium	99.38	3.62
ASM1463899v1	GCF_014638995.1	GCA_014638995.1	Virgibacillus oceani	1479511		CGMCC 1.12754					GCF_014638995.1-RS_2024_09_02	2024-09-02	3842800		46	Scaffold	2020-09-12	BMFR01	45	38							3960	Bacillaceae	99.35	0.05
ASM3081300v1	GCF_030813005.1	GCA_030813005.1	Anoxybacillus andreesenii	1325932		DSM 23948					GCF_030813005.1-RS_2025_09_14	2025-09-14	4336975		79	Contig	2023-08-18	JAUSTU01	79	40							4390	Anoxybacillus	84.6	16.27
IMG-taxon 2585428067 annotated assembly	GCF_900129935.1	GCA_900129935.1	Desulfosporosinus lacus DSM 15449	1121420		DSM 15449					GCF_900129935.1-RS_2025_05_13	2025-05-13	5558020		58	Scaffold	2016-12-03	FQXJ01	52	42							5369	Desulfosporosinus	95.24	6.15
IMG-taxon 2693429881 annotated assembly	GCF_900106775.1	GCA_900106775.1	Marininema mesophilum	1048340		DSM 45610					GCF_900106775.1-RS_2025_05_03	2025-05-03	3331831		43	Scaffold	2016-10-22	FNNQ01	42	45							3212	Thermoactinomycetaceae	83.68	8.08
IMG-taxon 2599185221 annotated assembly	GCF_900112775.1	GCA_900112775.1	Anaeromicropila populeti	37658		743A					GCF_900112775.1-RS_2025_12_13	2025-12-13	4222819		55	Scaffold	2016-11-02	FOYZ01	44	36							3790	Lachnospiraceae	97.5	2.8
ASM361239v1	GCF_003612395.1	GCA_003612395.1	Parablautia intestinalis	2320100		D8-82					GCF_003612395.1-RS_2025_12_13	2025-12-13	4785746		121	Contig	2018-10-04	RAYQ01	121	43.5							4666	Lachnospiraceae	99.17	1.25
ASM965099v1	GCF_009650995.1	GCA_009650995.1	Sporosarcina cascadiensis	2660747		A4					GCF_009650995.1-RS_2025_12_11	2025-12-11	3637519		65	Scaffold	2019-11-12	WHVV01	61	44							3640	Sporosarcina	97.22	6.18
ASM4054455v1	GCF_040544555.1	GCA_040544555.1	Halalkalibacter oceani	1653776		DSM 100579					GCF_040544555.1-RS_2025_07_08	2025-07-08	4525319		66	Contig	2024-07-08	JBEPKD01	66	46.5							4693	Bacillaceae	99.35	2.47
ASM2073684v1	GCF_020736845.1	GCA_020736845.1	Paenibacillus farraposensis	2807095		UY79					GCF_020736845.1-RS_2025_12_09	2025-12-09	4962427	1	167	Scaffold	2021-11-03	JAFFQR01	117	46.5							4932	Paenibacillus	99.72	0.02
ASM434097v1	GCF_004340975.1	GCA_004340975.1	Frisingicoccus caecimuris	1796636		DSM 28559					GCF_004340975.1-RS_2025_12_13	2025-12-13	2716364		37	Scaffold	2019-03-11	SLXA01	35	43.5							2715	Lachnospiraceae	97.92	1.25
ASM973386v1	GCF_009733865.1	GCA_009733865.1	Oceanobacillus salinisoli	2678611		YIM B00359					GCF_009733865.1-RS_2025_12_11	2025-12-11	4319553		74	Contig	2019-12-06	WOFB01	74	37.5							4128	Oceanobacillus	71.17	21.08
ASM1484113v1	GCF_014841135.1	GCA_014841135.1	Paenibacillus arenosi	2774142		CAU 1523					GCF_014841135.1-RS_2025_03_23	2025-03-23	5307553		59	Scaffold	2020-10-04	JACYTN01	57	43.5							4757	Paenibacillus	99.03	0.28
ASM4009615v1	GCF_040096155.1	GCA_040096155.1	Laedolimicola intestinihominis	3133166		CLA-AA-H132					GCF_040096155.1-RS_2025_07_07	2025-07-07	3446496		41	Contig	2024-06-07	JBBMFE01	41	49.5							3342	Lachnospiraceae	98.44	0.31
ASM3054296v1	GCF_030542965.1	GCA_030542965.1	Azotosporobacter soli	3055040		SG130					GCF_030542965.1-RS_2025_05_18	2025-05-18	3777222		40	Contig	2023-07-25	JAUAOA01	40	51							3582	Selenomonadales	98.8	2.99
ASM1438500v1	GCF_014385005.1	GCA_014385005.1	Jingyaoa shaoxingensis	2763671		NSJ-46					GCF_014385005.1-RS_2025_12_13	2025-12-13	3649426		71	Contig	2020-09-01	JACRSZ01	71	42.5							3530	Lachnospiraceae	97.5	0.62
ASM1382076v1	GCF_013820765.1	GCA_013820765.1	Paenilisteria rustica	2713503		FSL W9-0585					GCF_013820765.1-RS_2025_05_05	2025-05-05	3488648		65	Contig	2020-07-28	JABJVM01	65	42							3359	Listeria	85.14	5.93
ASM2436356v1	GCF_024363565.1	GCA_024363565.1	Lutispora saccharofermentans	3024236		m25					GCF_024363565.1-RS_2025_12_13	2025-12-13	4321915		37	Contig	2022-07-21	JAJEKE01	37	40.5							4044	Clostridia	100	5.61
ASM1832764v1	GCF_018327645.1	GCA_018327645.1	Lactobacillus corticis	2201249		B40					GCF_018327645.1-RS_2025_08_26	2025-08-26	1805525		115	Contig	2021-03-26	BMAY01	115	42							1801	Lactobacillus	98.39	0.16
ASM411508v1	GCF_004115085.1	GCA_004115085.1	Longirhabdus pacifica	2305227		SCSIO 06110					GCF_004115085.1-RS_2025_08_20	2025-08-20	3781274		74	Contig	2019-01-28	QXJP01	74	37.5							3497	Paenibacillaceae	94.84	1.86
ASM1420211v1	GCF_014202115.1	GCA_014202115.1	Catenibacillus scindens	673271		DSM 106146					GCF_014202115.1-RS_2025_12_13	2025-12-13	3872981		59	Scaffold	2020-08-14	JACHFW01	56	47							3589	Lachnospiraceae	97.6	1.34
ASM1690819v1	GCF_016908195.1	GCA_016908195.1	Jeotgalibacillus terrae	587735		DSM 22174					GCF_016908195.1-RS_2025_03_29	2025-03-29	3679939		51	Contig	2021-02-19	JAFBDK01	51	42.5							3869	Planococcaceae	94.23	6.7
ASM363372v1	GCF_003633725.1	GCA_003633725.1	Brockia lithotrophica	933949		DSM 22653					GCF_003633725.1-RS_2025_07_02	2025-07-02	1879126		20	Scaffold	2018-10-11	RBIJ01	13	63.5							1794	Bacillales	83.18	2.58
ASM4266546v1	GCF_042665465.1	GCA_042665465.1	Fictibacillus iocasae	2715437		CGMCC 1.16031					GCF_042665465.1-RS_2025_05_11	2025-05-11	3614224		52	Contig	2024-10-06	JBHTCP01	52	45.5							3700	Bacillaceae	98.6	0.16
ASM1337142v1	GCF_013371425.1	GCA_013371425.1	Anaerococcus faecalis	2742993		AGMB00486					GCF_013371425.1-RS_2025_12_11	2025-12-11	2268866		30	Contig	2020-06-23	JABVBA01	30	30							2304	Anaerococcus	94.74	3.26
ASM2355541v1	GCF_023555415.1	GCA_023555415.1	Halalkalibacter alkaliphilus	2917993		MEB205					GCF_023555415.1-RS_2025_03_29	2025-03-29	4803227		61	Contig	2022-05-25	JAKRYL01	61	38							4646	Bacillaceae	99.35	1.29
IMG-taxon 2585428173 annotated assembly	GCF_900142215.1	GCA_900142215.1	Anaerocolumna jejuensis DSM 15929	1121322		DSM 15929					GCF_900142215.1-RS_2025_12_13	2025-12-13	6621268		79	Scaffold	2016-12-03	FRAC01	71	40.5							5769	Lachnospiraceae	97.29	6.34
ASM540542v1	GCF_005405425.1	GCA_005405425.1	Lactiplantibacillus modestisalitolerans	1457219		NBRC 107235					GCF_005405425.1-RS_2025_08_26	2025-08-26	2749234		37	Contig	2019-03-29	BJEA01	37	48.5							2521	Lactobacillaceae	99.02	1.72
ASM2460978v1	GCF_024609785.1	GCA_024609785.1	Pseudalkalibacillus decolorationis	163879		DSM 14890					GCF_024609785.1-RS_2025_05_11	2025-05-11	5272454		96	Scaffold	2022-08-09	JANHJQ01	83	39.5							5110	Bacillaceae	99.03	0.56
ASM984688v1	GCF_009846885.1	GCA_009846885.1	Paenibacillus puerhi	2692622		SJY2					GCF_009846885.1-RS_2025_12_11	2025-12-11	6710097		101	Scaffold	2020-01-10	WUWM01	99	53							5909	Paenibacillus	99.17	0.56
ASM969599v1	GCF_009695995.1	GCA_009695995.1	Waltera intestinalis	2606635		WCA3-601-WT-6H					GCF_009695995.1-RS_2025_12_13	2025-12-13	2970649		46	Contig	2019-11-22	VUMU01	46	46.5							2800	Lachnospiraceae	96.56	0.62
IMG-taxon 2585428145 annotated assembly	GCF_900167115.1	GCA_900167115.1	Eubacterium uniforme	39495		ATCC 35992					GCF_900167115.1-RS_2025_04_12	2025-04-12	2872342		47	Scaffold	2017-03-04	FUXZ01	44	32							2474	Eubacterium	99.36	1.27
IMG-taxon 2654587897 annotated assembly	GCF_900111445.1	GCA_900111445.1	Oceanobacillus limi	930131		IBRC-M 10780					GCF_900111445.1-RS_2025_04_24	2025-04-24	3913837		62	Scaffold	2016-10-31	FOHE01	51	37							4067	Oceanobacillus	67.51	17.46
ASM2673887v1	GCF_026738875.1	GCA_026738875.1	Clostridium brassicae	2999072		ZC22-4					GCF_026738875.1-RS_2025_12_09	2025-12-09	4097941		73	Scaffold	2022-12-07	JAPQFJ01	71	28.5							3892	Clostridium	98.14	0.62
ASM1318519v1	GCF_013185195.1	GCA_013185195.1	Saccharibacillus qingshengii	1763540		JCM 31172					GCF_013185195.1-RS_2025_05_05	2025-05-05	5298481		83	Contig	2020-05-28	JAAZWC01	83	55.5							4715	Saccharibacillus	92.53	3.85
ASM2068738v1	GCF_020687385.1	GCA_020687385.1	Hominilimicola fabiformis	2885356		CLA-AA-H232					GCF_020687385.1-RS_2025_08_18	2025-08-18	3087174		47	Contig	2021-10-31	JAJEQM01	47	38							2812	Ruminococcaceae	96.27	1.37
ASM4054592v1	GCF_040545925.1	GCA_040545925.1	Alkalibacillus flavidus	546021		DSM 23520					GCF_040545925.1-RS_2025_07_08	2025-07-08	2507785		30	Contig	2024-07-08	JBEPMX01	30	40.5							2599	Bacillaceae	98.17	0.65
ASM4586203v1	GCF_045862035.1	GCA_045862035.1	Enterococcus hailinensis	3238988		N48-2					GCF_045862035.1-RS_2025_04_20	2025-04-20	2649608		58	Scaffold	2024-08-08	BAAFRV01	57	37.5							2685	Enterococcus	96.82	4.49
ASM300869v1	GCF_003008695.1	GCA_003008695.1	Trichococcus alkaliphilus	2052943		B5					GCF_003008695.1-RS_2025_04_07	2025-04-07	2964741		26	Scaffold	2018-03-19	PXZT01	25	47							2710	Carnobacteriaceae	95.43	4.46
JJ-63	GCF_917563915.1	GCA_917563915.1	Bacillus rhizoplanae	2880966		CIP 111899					GCF_917563915.1-RS_2025_07_25	2025-07-25	4442577		92	Scaffold	2021-11-13	CAKJTI01	90	36.5							4518	Bacillus	99.35	0.07
ASM119078v1	GCF_001190785.1	GCA_001190785.1	Gottschalkia purinilytica	1503		DSM 1384					GCF_001190785.1-RS_2025_04_07	2025-04-07	3397304		74	Contig	2015-08-03	LGSS01	74	29							3418	Bacteria	98.28	2.59
ASM1599926v1	GCF_015999265.1	GCA_015999265.1	Mobilitalea sibirica	1462919		DSM 26468					GCF_015999265.1-RS_2025_12_13	2025-12-13	3847436		40	Contig	2020-12-12	JAEAGR01	40	36.5							3438	Lachnospiraceae	98.23	1.22
ASM812462v1	GCF_008124625.1	GCA_008124625.1	Desulfallas thermosapovorans DSM 6562	1121431		DSM 6562					GCF_008124625.1-RS_2025_04_13	2025-04-13	2962458		48	Contig	2019-08-29	VNHM01	48	48.5							2975	Clostridiales	99.12	0.88
ASM1207056v1	GCF_012070565.1	GCA_012070565.1	Anaerosporobacter faecicola	2718714		KCTC 15857					GCF_012070565.1-RS_2025_12_13	2025-12-13	4589105		55	Contig	2020-04-06	JAAQRO01	55	36							4080	Lachnospiraceae	98.75	4.53
ASM143544v1	GCF_001435445.1	GCA_001435445.1	Companilactobacillus kimchii DSM 13961 = JCM 10707	1423765		DSM 13961					GCF_001435445.1-RS_2025_03_29	2025-03-29	2746576		36	Scaffold	2015-11-06	AZDH01	28	35							2679	Lactobacillaceae	98.8	3.46
IMG-taxon 2615840705 annotated assembly	GCF_900102685.1	GCA_900102685.1	Melghirimyces thermohalophilus	1236220		DSM 45514					GCF_900102685.1-RS_2025_05_02	2025-05-02	3188902		35	Contig	2016-10-21	FMZA01	35	53							3313	Thermoactinomycetaceae	83.4	6.78
ASM1428782v1	GCF_014287825.1	GCA_014287825.1	Clostridium hominis	2763036		NSJ-6					GCF_014287825.1-RS_2025_07_15	2025-07-15	4155764		52	Contig	2020-08-24	JACOOO01	52	29							4083	Clostridium	95.96	2.95
ASM148496v1	GCF_001484965.1	GCA_001484965.1	Shouchella shacheensis	1649580		HNA-14					GCF_001484965.1-RS_2025_07_22	2025-07-22	3982201		98	Scaffold	2016-01-05	LLYY01	86	47							4002	Bacillaceae	99.35	1.61
PRJEB20856	GCF_900411375.1	GCA_900411375.1	Lentilactobacillus raoultii	1987503		Marseille-P4006					GCF_900411375.1-RS_2025_08_20	2025-08-20	3070030		35	Scaffold	2018-05-25	OVSN01	29	41.5							2897	Lactobacillaceae	98.69	0.33
ASM98678v1	GCF_000986785.1	GCA_000986785.1	Mesobacillus campisalis	1408103		SA2-6					GCF_000986785.1-RS_2025_04_02	2025-04-02	5182058		104	Scaffold	2015-05-01	LAYY01	102	45.5							5205	Bacillaceae	99.35	2.84
ASM4266689v1	GCF_042666895.1	GCA_042666895.1	Lentibacillus kimchii	1542911		JCM 30234					GCF_042666895.1-RS_2025_11_20	2025-11-20	2725076		58	Scaffold	2024-10-06	JBHTGR01	57	44							2843	Bacillaceae	94.09	0.38
ASM3702758v1	GCF_037027585.1	GCA_037027585.1	Solibacillus ferritrahens	3098620		YIM B08730					GCF_037027585.1-RS_2025_12_11	2025-12-11	3766431		68	Contig	2024-03-05	JAXCLE01	68	37							3862	Planococcaceae	91.9	5.64
ASM550227v1	GCF_005502275.1	GCA_005502275.1	Robertmurraya siralis	77777		171544					GCF_005502275.1-RS_2025_12_11	2025-12-11	5006400		64	Contig	2019-05-17	SWLZ01	64	38							5043	Bacillaceae	99.35	2.74
ASM3081509v1	GCF_030815095.1	GCA_030815095.1	Aedoeadaptatus ivorii	54006		DSM 10022					GCF_030815095.1-RS_2025_12_10	2025-12-10	1621107		18	Contig	2023-08-18	JAUSWF01	18	52							1612	Bacteria	96.55	
ASM2556749v1	GCF_025567495.1	GCA_025567495.1	Hominimerdicola aceti	2981726		Sanger_31					GCF_025567495.1-RS_2025_11_22	2025-11-22	2965035		39	Scaffold	2022-10-04	JAOQJZ01	34	42.5							2871	Ruminococcaceae	98.76	
ASM143673v1	GCF_001436735.1	GCA_001436735.1	Liquorilactobacillus cacaonum DSM 21116	1423729		DSM 21116					GCF_001436735.1-RS_2025_03_28	2025-03-28	1919106		28	Scaffold	2015-11-06	AYZE01	17	34							1884	Lactobacillaceae	98.69	
ASM3952156v1	GCF_039521565.1	GCA_039521565.1	Paraclostridium tenue	1737		JCM 6486					GCF_039521565.1-RS_2025_05_16	2025-05-16	2943107		64	Contig	2024-03-29	BAAACP01	64	27							2944	Peptostreptococcaceae	99.34	0.33
ASM4265194v1	GCF_042651945.1	GCA_042651945.1	Cohnella boryungensis	768479		CCUG 59598					GCF_042651945.1-RS_2025_03_02	2025-03-02	6535939		90	Scaffold	2024-10-05	JBHSED01	74	54							5743	Cohnella	95.26	13.2
ASM1464240v1	GCF_014642405.1	GCA_014642405.1	Pontibacillus salipaludis	1697394		CGMCC 1.15353					GCF_014642405.1-RS_2025_09_02	2025-09-02	4144902		44	Scaffold	2020-09-12	BMIN01	42	40.5							4179	Pontibacillus	90.62	11.68
ASM1464443v1	GCF_014644435.1	GCA_014644435.1	Paenibacillus albidus	2041023		CGMCC 1.16134					GCF_014644435.1-RS_2024_09_02	2024-09-02	7671668		120	Contig	2020-09-12	BMKR01	120	50							7048	Paenibacillus	99.17	1.65
ASM1965609v1	GCF_019656095.1	GCA_019656095.1	Leuconostoc rapi	1406906		DSM 27776					GCF_019656095.1-RS_2024_09_02	2024-09-02	1923217		27	Contig	2021-05-29	BPLA01	27	38							1954	Leuconostoc	98.85	1.81
IMG-taxon 2599185224 annotated assembly	GCF_900111615.1	GCA_900111615.1	Natronincola peptidivorans	426128		DSM 18979					GCF_900111615.1-RS_2025_12_13	2025-12-13	3768981		59	Scaffold	2016-10-31	FOHU01	56	35.5							3590	Clostridia	99.09	1.36
IMG-taxon 2622736423 annotated assembly	GCF_900176325.1	GCA_900176325.1	Aerococcus suis	371602		DSM 21500					GCF_900176325.1-RS_2025_12_10	2025-12-10	1382195		16	Scaffold	2017-04-08	FWXK01	13	36.5							1366	Aerococcus	76.79	4.76
ASM1297630v1	GCF_012976305.1	GCA_012976305.1	Peptoniphilus faecalis	2731255		AGMB00490					GCF_012976305.1-RS_2025_12_11	2025-12-11	2129517		38	Contig	2020-05-05	JABDSR01	38	31							2150	Peptoniphilus	98.05	4.57
IMG-taxon 2599185234 annotated assembly	GCF_900103005.1	GCA_900103005.1	Acidaminobacter hydrogenoformans DSM 2784	1120920		DSM 2784					GCF_900103005.1-RS_2025_12_13	2025-12-13	3615609		43	Scaffold	2016-10-17	FMWL01	41	49							3342	Clostridia	99.09	
ASM1429728v1	GCF_014297285.1	GCA_014297285.1	Dysosmobacter segnis	2763042		BX15					GCF_014297285.1-RS_2025_07_15	2025-07-15	3671022		128	Contig	2020-08-25	JACOQI01	128	55.5							3917	Ruminococcaceae	95.65	0.62
ASM1320485v1	GCF_013204855.1	GCA_013204855.1	Paenibacillus alba	1197127		LMG 31323					GCF_013204855.1-RS_2025_03_29	2025-03-29	8727313		126	Scaffold	2020-06-01	JABMKZ01	124	46							7699	Paenibacillus	99.72	0.74
IMG-taxon 2593339221 annotated assembly	GCF_900104415.1	GCA_900104415.1	Eubacterium oxidoreducens	1732		DSM 3217					GCF_900104415.1-RS_2025_04_12	2025-04-12	2912287		37	Scaffold	2016-10-21	FMXR01	33	40							2709	Eubacterium	99.36	2.55
ASM320160v1	GCF_003201605.1	GCA_003201605.1	Streptohalobacillus salinus	621096		DSM 22440					GCF_003201605.1-RS_2025_05_04	2025-05-04	2529324		40	Scaffold	2018-06-07	QJJR01	37	39.5							2393	Bacillaceae	87.64	
ASM325993v1	GCF_003259935.1	GCA_003259935.1	Paranoxybacillus vitaminiphilus	581036		CGMCC 1.8979					GCF_003259935.1-RS_2024_12_29	2024-12-29	3556270		60	Scaffold	2018-06-21	QLMH01	58	40							3632	Anoxybacillus	93.52	8.69
ASM1470565v1	GCF_014705655.1	GCA_014705655.1	Paenibacillus arenilitoris	2772299		IB182493					GCF_014705655.1-RS_2025_11_23	2025-11-23	7062597		86	Contig	2020-09-22	JACXIY01	86	56							6271	Paenibacillus	99.44	1.67
ASM436679v1	GCF_004366795.1	GCA_004366795.1	Alicyclobacillus sacchari	392010		DSM 17974					GCF_004366795.1-RS_2025_04_19	2025-04-19	2946319		69	Scaffold	2019-03-22	SORF01	66	54.5							2936	Alicyclobacillus	98.25	1.35
ASM969614v1	GCF_009696145.1	GCA_009696145.1	Pseudoramibacter porci	2606631		RF-744-FAT-4					GCF_009696145.1-RS_2025_12_11	2025-12-11	2104260		35	Contig	2019-11-22	VUMO01	35	50							2004	Eubacteriaceae	99.29	0.71
ASM4009661v1	GCF_040096615.1	GCA_040096615.1	Blautia aquisgranensis	3133153		CLA-JM-H16					GCF_040096615.1-RS_2025_07_07	2025-07-07	3630888		57	Contig	2024-06-07	JBBMEJ01	57	44							3422	Blautia	99.19	1.89
ASM1438498v1	GCF_014384985.1	GCA_014384985.1	Jutongia huaianensis	2763668		NSJ-37					GCF_014384985.1-RS_2025_12_13	2025-12-13	3067583		56	Contig	2020-09-01	JACRSX01	56	44							2824	Lachnospiraceae	97.5	0.62
ASM434491v1	GCF_004344915.1	GCA_004344915.1	Paenibacillus albiflavus	2545760		18JY21-1					GCF_004344915.1-RS_2025_12_11	2025-12-11	5070245		82	Contig	2019-03-11	SKFG01	82	42							5077	Paenibacillus	99.17	2.22
ASM165356v1	GCF_001653565.1	GCA_001653565.1	Paenibacillus oryzisoli	1850517		1ZS3-15					GCF_001653565.1-RS_2025_03_29	2025-03-29	8311090		113	Scaffold	2016-05-31	LYPB01	97	45.5							7098	Paenibacillus	99.72	
ASM5076883v1	GCF_050768835.1	GCA_050768835.1	Bacillus pfraonensis	2830844		70b					GCF_050768835.1-RS_2025_06_05	2025-06-05	5645981	2	132	Contig	2025-06-04	JAHCDO01	132	35.5							5887	Bacillus	99.12	0.05
ASM4268484v1	GCF_042684845.1	GCA_042684845.1	Paenibacillus yanchengensis	2035833		KCTC 33926					GCF_042684845.1-RS_2025_11_20	2025-11-20	4543277		64	Contig	2024-10-07	JBHUMH01	64	38.5							4212	Paenibacillus	97.22	0.09
ASM3081335v1	GCF_030813355.1	GCA_030813355.1	Metabacillus malikii	1504265		DSM 29005					GCF_030813355.1-RS_2025_08_20	2025-08-20	4881605		69	Contig	2023-08-18	JAUSUD01	69	35.5							4743	Bacillaceae	99.23	2.66
ASM4636546v1	GCF_046365465.1	GCA_046365465.1	Anaerococcus groningensis	3115616		ENR1011					GCF_046365465.1-RS_2025_02_16	2025-02-16	1654868		40	Contig	2024-12-30	JBGMEG01	40	32.5							1635	Anaerococcus	91.98	3.99
ASM2462332v1	GCF_024623325.1	GCA_024623325.1	Acetatifactor muris	879566		DSM 23669					GCF_024623325.1-RS_2025_02_27	2025-02-27	6016758		106	Contig	2022-08-10	JANJZD01	106	47.5							5830	Lachnospiraceae	98.12	3.02
ASM540506v1	GCF_005405065.1	GCA_005405065.1	Lactiplantibacillus nangangensis	2559917		381-7					GCF_005405065.1-RS_2025_04_07	2025-04-07	2901270		39	Contig	2019-03-29	BJDI01	39	44.5							2779	Lactobacillaceae	99.02	0.74
ASM371091v1	GCF_003710915.1	GCA_003710915.1	Brevibacillus invocatus	173959		JCM 12215					GCF_003710915.1-RS_2025_03_30	2025-03-30	4753702		118	Contig	2018-11-04	RHHR01	118	49							4931	Brevibacillus	84.63	5.5
ASM398765v1	GCF_003987655.1	GCA_003987655.1	Vagococcus acidifermentans	564710		LMG 24798					GCF_003987655.1-RS_2025_05_04	2025-05-04	2862533		40	Contig	2018-12-17	NGKC01	40	44.5							2831	Enterococcaceae	97.57	3.53
ASM430935v1	GCF_004309355.1	GCA_004309355.1	Enterococcus florum	2480627		Gos25-1					GCF_004309355.1-RS_2025_09_09	2025-09-09	3994908		73	Contig	2019-02-15	BJCC01	73	42.5							3893	Enterococcus	96.37	9.02
ASM175407v1	GCF_001754075.1	GCA_001754075.1	Merdimonas faecis	1653435		BR31					GCF_001754075.1-RS_2025_12_13	2025-12-13	3318223		64	Contig	2016-10-07	MIEH01	64	47							3314	Lachnospiraceae	99.38	2.29
ASM3952180v1	GCF_039521805.1	GCA_039521805.1	Oceanobacillus oncorhynchi subsp. oncorhynchi	290586		JCM 12661					GCF_039521805.1-RS_2024_05_10	2024-05-10	4821707		53	Contig	2024-02-23	BAAACV01	53	39							4758	Oceanobacillus	81.57	24.96
ASM808661v1	GCF_008086615.1	GCA_008086615.1	Acetobacterium tundrae	132932		DSM 9173					GCF_008086615.1-RS_2025_03_24	2025-03-24	3563081		66	Contig	2019-08-26	RXYB01	66	39.5							3431	Eubacteriaceae	99.29	1.43
ASM3081288v1	GCF_030812885.1	GCA_030812885.1	Moryella indoligenes	371674		DSM 19659					GCF_030812885.1-RS_2025_02_27	2025-02-27	2503313		45	Contig	2023-08-18	JAUSTO01	45	52							2420	Lachnospiraceae	96.35	0.31
ASM3757241v1	GCF_037572415.1	GCA_037572415.1	Flavonifractor porci	3133422		P01024					GCF_037572415.1-RS_2025_06_15	2025-06-15	3351356		40	Contig	2024-03-24	JBBHLB01	40	58.5							3306	Ruminococcaceae	98.76	2.17
201901311	GCF_913566895.1	GCA_913566895.1	Listeria ilorinensis	2867439					CLIP 2019/01311		GCF_913566895.1-RS_2025_07_02	2025-07-02	3031311		57	Contig	2022-02-17	CAJYCN01	57	41.5							3005	Listeria	90.32	4.22
ASM397759v1	GCF_003977595.1	GCA_003977595.1	Lysinibacillus antri	2498145		SYSU K30002					GCF_003977595.1-RS_2025_08_07	2025-08-07	4103755		92	Contig	2018-12-27	RYYR01	92	36							4050	Lysinibacillus	73.98	12.13
ASM1686156v1	GCF_016861565.1	GCA_016861565.1	Secundilactobacillus yichangensis	2799580		F79-211-2					GCF_016861565.1-RS_2024_09_02	2024-09-02	2703434		34	Contig	2021-01-15	BOLK01	34	44.5							2557	Lactobacillaceae	98.47	0.41
ASM223461v1	GCF_002234615.1	GCA_002234615.1	Paenibacillus rigui	554312		JCM 16352					GCF_002234615.1-RS_2025_05_03	2025-05-03	7172832		106	Contig	2017-07-27	NMQW01	106	50.5							6405	Paenibacillus	99.17	0.61
ASM1252416v2	GCF_012524165.2	GCA_012524165.2	Faecalicatena faecalis	2726362		AGMB00832					GCF_012524165.2-RS_2025_12_13	2025-12-13	5175159		56	Contig	2021-06-15	JABACJ02	56	44							4755	Lachnospiraceae	98.75	
ASM167504v1	GCF_001675045.1	GCA_001675045.1	Paenibacillus oryzae	1844972		1DrF-4					GCF_001675045.1-RS_2025_05_02	2025-05-02	5905968		89	Scaffold	2016-06-21	LYPA01	80	49.5							5191	Paenibacillus	99.03	
ASM1605518v1	GCF_016055185.1	GCA_016055185.1	Paenactinomyces guangxiensis	1490290		CICC 11033=CGMCC 4.7156					GCF_016055185.1-RS_2025_12_13	2025-12-13	4218886		71	Contig	2020-12-15	JAECVR01	71	45.5							4125	Thermoactinomycetaceae	87.53	15.19
aTB-66	GCF_900609045.1	GCA_900609045.1	Filibacter tadaridae	2483811					aTB-66		GCF_900609045.1-RS_2025_05_13	2025-05-13	3123030		89	Scaffold	2018-11-18	UXAV01	85	41.5							3181	Planococcaceae	93.03	1.21
ASM2556741v1	GCF_025567415.1	GCA_025567415.1	Dorea ammoniilytica	2981788		Sanger_02					GCF_025567415.1-RS_2025_02_28	2025-02-28	2693657		42	Scaffold	2022-10-04	JAOQJV01	39	43.5							2667	Dorea	89.54	7.35
ASM399206v1	GCF_003992065.1	GCA_003992065.1	Veillonella seminalis	1502943		ADV4313-2					GCF_003992065.1-RS_2025_03_30	2025-03-30	2252690		27	Contig	2019-01-04	RQUZ01	27	42							2149	Veillonella	99.28	0.12
ASM4609759v1	GCF_046097595.1	GCA_046097595.1	Peptococcus simiae	1643805		M108					GCF_046097595.1-RS_2024_12_29	2024-12-29	1912951		46	Contig	2024-12-15	JBJUVG01	46	52							1851	Peptococcaceae	81.05	1.53
ASM1787457v1	GCF_017874575.1	GCA_017874575.1	Lactobacillus colini	1819254		DSM 101872					GCF_017874575.1-RS_2025_04_30	2025-04-30	2222530		34	Contig	2021-04-08	JAGGLU01	34	35							2192	Lactobacillus	98.39	0.16
ASM1420151v1	GCF_014201515.1	GCA_014201515.1	Anoxybacillus mongoliensis	452565		DSM 19169					GCF_014201515.1-RS_2025_05_05	2025-05-05	2633749		37	Scaffold	2020-08-14	JACHEQ01	35	41.5							2826	Anoxybacillus	99.35	1.81
ASM969604v1	GCF_009696045.1	GCA_009696045.1	Velocimicrobium porci	2606634		WCA-693-APC-MOT-I					GCF_009696045.1-RS_2025_12_13	2025-12-13	3095654		71	Contig	2019-11-22	VUMT01	71	35							2969	Lachnospiraceae	98.75	0.21
ASM4654344v1	GCF_046543445.1	GCA_046543445.1	Paenibacillus nanchangensis	3348343		CN-4					GCF_046543445.1-RS_2025_01_09	2025-01-09	6755462		83	Contig	2025-01-07	JBHOFD01	83	53.5							5848	Paenibacillus	97.72	
IMG-taxon 2675903228 annotated assembly	GCF_900114055.1	GCA_900114055.1	Thermoflavimicrobium dichotomicum	46223		DSM 44778					GCF_900114055.1-RS_2025_04_21	2025-04-21	3852792		77	Contig	2016-11-02	FORR01	77	42.5							3717	Thermoactinomycetaceae	83.81	11.51
IMG-taxon 2585428070 annotated assembly	GCF_900129965.1	GCA_900129965.1	Clostridium grantii DSM 8605	1121316		DSM 8605					GCF_900129965.1-RS_2025_04_12	2025-04-12	4474501		88	Scaffold	2016-12-03	FQXM01	87	29.5							4303	Clostridium	100	0.88
ASM38024v2	GCF_000380245.2	GCA_000380245.2	Bacillus massiliigorillae	1243664		G2					GCF_000380245.2-RS_2025_08_06	2025-08-06	5451072		66	Scaffold	2013-10-02	CAVL02	12	35							5278	Bacillus	98.76	2.06
ASM1787367v1	GCF_017873675.1	GCA_017873675.1	Virgibacillus litoralis	578221		DSM 21085					GCF_017873675.1-RS_2025_04_29	2025-04-29	3879197		47	Contig	2021-04-08	JAGGKK01	47	37.5							3895	Bacillaceae	98.87	1.58
ASM170031v1	GCF_001700315.1	GCA_001700315.1	Caryophanon tenue	33978		DSM 14152					GCF_001700315.1-RS_2025_05_02	2025-05-02	3340962		42	Contig	2016-08-05	MASJ01	42	40							3238	Planococcaceae	89.03	4.97
IMG-taxon 2602042026 annotated assembly	GCF_900109225.1	GCA_900109225.1	Propionispira arboris	84035		DSM 2179					GCF_900109225.1-RS_2025_05_03	2025-05-03	4261607		40	Contig	2016-10-31	FNZK01	40	38							4109	Selenomonadales	99.7	3.49
ASM3365995v1	GCF_033659955.1	GCA_033659955.1	Clostridium tanneri	3037988		A1-XYC3					GCF_033659955.1-RS_2025_05_19	2025-05-19	4104779		105	Contig	2023-11-14	JARUJP01	105	32.5							3839	Clostridium	98.14	1.86
ASM2841659v1	GCF_028416595.1	GCA_028416595.1	Aquibacillus salsiterrae	2950439		3ASR75-54					GCF_028416595.1-RS_2025_03_01	2025-03-01	3700068		72	Scaffold	2023-02-02	JAMQKC01	70	38							3679	Bacillaceae	98.39	1.13
ASM4243333v1	GCF_042433335.1	GCA_042433335.1	Metabacillus herbersteinensis	283816		CCM 7228					GCF_042433335.1-RS_2025_09_29	2025-09-29	5522360		118	Scaffold	2024-09-28	JBHLVO01	113	37							5595	Bacillaceae	97.84	3.87
ASM4609825v1	GCF_046098255.1	GCA_046098255.1	Paenibacillus jiagnxiensis	3228926		P8					GCF_046098255.1-RS_2024_12_29	2024-12-29	6683335		96	Scaffold	2024-12-15	JBJURI01	88	50							6289	Paenibacillus	99.7	0.25
ASM5320694v1	GCF_053206945.1	GCA_053206945.1	Streptococcus dentasini	1080072		SS1924					GCF_053206945.1-RS_2025_11_18	2025-11-18	2243518		23	Contig	2025-10-25	JBRUHS01	23	41.5							2165	Streptococcus	98.65	0.57
ASM480140v1	GCF_004801405.1	GCA_004801405.1	Cohnella fermenti	2565925		CC-MHH1044					GCF_004801405.1-RS_2024_12_16	2024-12-16	8522422		154	Contig	2019-04-20	SSOB01	154	58.5							6780	Cohnella	93.99	12.67
ASM331829v1	GCF_003318295.1	GCA_003318295.1	Bacillus taeanensis	273032		BH030017					GCF_003318295.1-RS_2025_05_04	2025-05-04	4611265		61	Contig	2018-07-14	QOCW01	61	37							4760	Bacillus	98.24	2.89
ASM436304v1	GCF_004363045.1	GCA_004363045.1	Aureibacillus halotolerans	1508390		DSM 28697					GCF_004363045.1-RS_2025_04_19	2025-04-19	4382167		57	Scaffold	2019-03-22	SNYJ01	43	44.5							4208	Bacillaceae	99.03	0.48
ASM314856v1	GCF_003148565.1	GCA_003148565.1	Tumebacillus permanentifrigoris	378543		DSM 18773					GCF_003148565.1-RS_2025_05_04	2025-05-04	4689798		71	Scaffold	2018-05-22	QGGL01	61	55							4661	Alicyclobacillaceae	95.5	11.56
ASM1686169v1	GCF_016861695.1	GCA_016861695.1	Levilactobacillus andaensis	2799570		866-3					GCF_016861695.1-RS_2024_09_02	2024-09-02	3046330		42	Contig	2021-01-15	BOLP01	42	49							2819	Lactobacillaceae	99.02	0.21
ASM3238065v1	GCF_032380655.1	GCA_032380655.1	Diplocloster hominis	3079010		CSJ-3					GCF_032380655.1-RS_2025_05_07	2025-05-07	6085269		101	Contig	2023-10-04	JAWDIY01	101	49							5306	Lachnospiraceae	98.75	1.43
ASM394664v1	GCF_003946645.1	GCA_003946645.1	Lapidilactobacillus wuchangensis	2486001		17-4					GCF_003946645.1-RS_2025_11_23	2025-11-23	2533661		33	Contig	2018-12-14	RHOU01	33	41.5							2349	Lactobacillaceae	99.29	0.33
ASM103842v2	GCF_001038425.2	GCA_001038425.2	Ornithinibacillus contaminans	694055		DSM 22953					GCF_001038425.2-RS_2025_12_11	2025-12-11	3389443		53	Contig	2015-08-25	LDPV02	53	38							3486	Bacillaceae	97.42	2.2
ASM1883558v1	GCF_018835585.1	GCA_018835585.1	Pelorhabdus rhamnosifermentans	2772457		BoRhaA					GCF_018835585.1-RS_2025_09_29	2025-09-29	5250445		215	Scaffold	2021-06-10	JAHGVE01	214	41							5327	Selenomonadales	98.8	6.61
ASM2549091v1	GCF_025490915.1	GCA_025490915.1	Lacticaseibacillus parakribbianus	2970927		YH-lacS6					GCF_025490915.1-RS_2025_03_29	2025-03-29	2820553		34	Scaffold	2022-09-29	JANQBA01	32	61.5							2624	Lactobacillaceae	98.68	0.52
ASM2068699v1	GCF_020686995.1	GCA_020686995.1	Blautia fusiformis	2881264		CLA-AA-H275					GCF_020686995.1-RS_2025_12_13	2025-12-13	3534643		39	Contig	2021-10-31	JAJEPT01	39	44							3311	Blautia	99.19	2.25
ASM394654v1	GCF_003946545.1	GCA_003946545.1	Levilactobacillus tangyuanensis	2486021		137-3					GCF_003946545.1-RS_2025_12_02	2025-12-02	2185757		35	Contig	2018-12-14	RHOA01	35	50							2114	Lactobacillaceae	98.69	
ASM3325373v1	GCF_033253735.1	GCA_033253735.1	Sporosarcina saromensis	359365		KCTC13119					GCF_033253735.1-RS_2025_11_23	2025-11-23	3867321		52	Scaffold	2023-11-02	JAUBDI01	49	41.5							3925	Sporosarcina	90.79	7.02
ASM141802v1	GCF_001418025.1	GCA_001418025.1	Anoxybacillus suryakundensis	1325335		DSM 27374					GCF_001418025.1-RS_2025_04_29	2025-04-29	2594657		44	Scaffold	2015-10-28	LIOK01	41	41.5							2765	Anoxybacillus	98.95	2.63
ASM69180v2	GCF_000691805.2	GCA_000691805.2	Weissella oryzae SG25	1329250		SG25					GCF_000691805.2-RS_2025_04_07	2025-04-07	2129476		72	Scaffold	2014-06-10	BAWR01	70	39							2260	Weissella	97.53	1.2
ASM468487v1	GCF_004684875.1	GCA_004684875.1	Staphylococcus croceilyticus	319942		CCM 8421					GCF_004684875.1-RS_2025_03_28	2025-03-28	2375602	1	57	Scaffold	2019-04-07	SRJF01	57	33.5							2346	Staphylococcus	98.68	0.18
ASM960101v1	GCF_009601015.1	GCA_009601015.1	Lactococcus hircilactis	1494462		DSM 28960					GCF_009601015.1-RS_2025_05_05	2025-05-05	2563666		50	Scaffold	2019-11-05	WITJ01	49	37.5							2595	Lactococcus	93.21	4
ASM333741v1	GCF_003337415.1	GCA_003337415.1	Anaerobacterium chartisolvens	1297424		DSM 27016					GCF_003337415.1-RS_2025_04_12	2025-04-12	4927187		96	Scaffold	2018-07-24	QPJT01	85	42							4361	Ruminococcaceae	98.76	4.11
CIP111893	GCF_927798095.1	GCA_927798095.1	Paenibacillus plantiphilus	2905650		CIP 111893					GCF_927798095.1-RS_2025_08_26	2025-08-26	6062857		102	Scaffold	2022-01-24	CAKMMF01	92	49.5							5335	Paenibacillus	98.33	0.67
ASM244165v1	GCF_002441655.1	GCA_002441655.1	Lactococcus fujiensis JCM 16395	1291764		JCM 16395					GCF_002441655.1-RS_2025_05_03	2025-05-03	2075869		69	Contig	2017-10-04	JXJU01	69	37							2076	Lactococcus	92.55	3.89
ASM144054v1	GCF_001440545.1	GCA_001440545.1	Caloramator mitchellensis	908809		VF08					GCF_001440545.1-RS_2025_04_12	2025-04-12	2419359		53	Contig	2015-11-06	LKHP01	53	33							2489	Clostridiaceae	99.83	2.76
ASM1658635v1	GCF_016586355.1	GCA_016586355.1	Anaerostipes butyraticus	645466		JCM 17466					GCF_016586355.1-RS_2025_12_13	2025-12-13	3173732		85	Contig	2020-12-21	BLYI01	85	43							3288	Lachnospiraceae	98.12	1.88
Acetatifactor_sp_nov_DSM110981	GCF_943193215.1	GCA_943193215.1	Acetatifactor aquisgranensis	2941233		DSM 110981					GCF_943193215.1-RS_2025_12_13	2025-12-13	5880648		112	Contig	2022-06-10	CALPDH01	112	51							5836	Lachnospiraceae	98.02	0.94
ASM1470561v1	GCF_014705615.1	GCA_014705615.1	Paenibacillus oceani	2772510		IB182363					GCF_014705615.1-RS_2025_11_22	2025-11-22	8047219		94	Contig	2020-09-22	JACXJA01	94	54.5							6813	Paenibacillus	99.72	0.76
IMG-taxon 2675903225 annotated assembly	GCF_900100785.1	GCA_900100785.1	Desulfosporosinus hippei DSM 8344	1121419		DSM 8344					GCF_900100785.1-RS_2025_05_13	2025-05-13	4939873		74	Scaffold	2016-10-21	FNCP01	73	41.5							4700	Desulfosporosinus	98.84	2.16
ASM320817v1	GCF_003208175.1	GCA_003208175.1	Ruminiclostridium sufflavum DSM 19573	1121337		DSM 19573					GCF_003208175.1-RS_2025_04_07	2025-04-07	4401411		74	Scaffold	2018-06-12	QKMR01	57	38.5							3779	Ruminococcaceae	98.76	3.1
ASM1450279v1	GCF_014502795.1	GCA_014502795.1	Heliobacterium chlorum	2698		DSM 3682					GCF_014502795.1-RS_2025_04_15	2025-04-15	4147899		218	Contig	2020-09-09	JACVHF01	218	48.5							4276	Clostridiales	99.12	0.88
ASM400104v1	GCF_004001045.1	GCA_004001045.1	Paenibacillus chibensis	59846		NBRC 15958					GCF_004001045.1-RS_2025_08_26	2025-08-26	5910497		76	Contig	2018-12-29	BIMK01	76	51.5							5514	Paenibacillus	99.72	0.8
ASM1433342v1	GCF_014333425.1	GCA_014333425.1	Zhenpiania hominis	2763644		BX12					GCF_014333425.1-RS_2025_03_02	2025-03-02	3442329		71	Contig	2020-08-29	JACRYT01	71	47							3375	Clostridiales	97.37	0.88
ASM4054547v1	GCF_040545475.1	GCA_040545475.1	Peptoniphilus olsenii	411570		DSM 21460					GCF_040545475.1-RS_2025_07_08	2025-07-08	2053238		33	Contig	2024-07-08	JBEPMA01	33	30							2024	Peptoniphilus	95.67	1.87
ASM1438470v1	GCF_014384705.1	GCA_014384705.1	Yeguia hominis	2763662		NSJ-40					GCF_014384705.1-RS_2025_05_22	2025-05-22	2977335		74	Contig	2020-09-01	JACRSN01	74	51							2862	Clostridiales	99.12	
ASM5028692v1	GCF_050286925.1	GCA_050286925.1	Caloranaerobacter longqiensis	3238305		DY30410					GCF_050286925.1-RS_2025_05_09	2025-05-09	2691780		65	Contig	2025-05-08	JBFWFX01	65	29							2825	Bacteria	98.28	0.86
ASM188576v1	GCF_001885765.1	GCA_001885765.1	Enterococcus aquimarinus	328396		DSM 17690					GCF_001885765.1-RS_2025_05_03	2025-05-03	2512430		46	Contig	2016-11-25	JXKD01	46	38.5							2385	Enterococcus	91.24	1.64
IMG-taxon 2599185231 annotated assembly	GCF_900142995.1	GCA_900142995.1	Caldanaerovirga acetigignens	447595		DSM 18802					GCF_900142995.1-RS_2024_04_25	2024-04-25	2264710		38	Scaffold	2016-12-03	FRCR01	36	43.5							2388	Clostridia	98.18	
IMG-taxon 2616644818 annotated assembly	GCF_900112455.1	GCA_900112455.1	Alkalibacterium subtropicum	753702		DSM 23664					GCF_900112455.1-RS_2025_05_03	2025-05-03	2491452		37	Scaffold	2016-11-02	FOLT01	33	44							2352	Carnobacteriaceae	97.34	4.49
ASM440201v1	GCF_004402015.1	GCA_004402015.1	Filobacillus milosensis	94137		JCM 12288					GCF_004402015.1-RS_2025_12_09	2025-12-09	3242837		89	Scaffold	2019-03-26	SOPW01	88	36							3525	Bacillaceae	98.17	0.75
ASM2481437v1	GCF_024814375.1	GCA_024814375.1	Streptococcus sciuri	2973939		SQ9-PEA					GCF_024814375.1-RS_2024_09_02	2024-09-02	1692266		21	Contig	2022-08-31	JANUXX01	21	38.5							1718	Streptococcus	98.44	0.39
ASM1690832v1	GCF_016908325.1	GCA_016908325.1	Aquibacillus albus	1168171		DSM 23711					GCF_016908325.1-RS_2025_03_28	2025-03-28	4408260		61	Contig	2021-02-19	JAFBDR01	61	36.5							4278	Bacillaceae	99.35	0.7
IMG-taxon 2582581275 annotated assembly	GCF_900128885.1	GCA_900128885.1	Alkalibacter saccharofermentans DSM 14828	1120975		DSM 14828					GCF_900128885.1-RS_2025_04_12	2025-04-12	2331365		38	Scaffold	2016-12-03	FQTU01	35	40.5							2249	Eubacteriaceae	99.29	2.14
ASM160157v1	GCF_001601575.1	GCA_001601575.1	Thermovenabulum gondwanense	520767		R270					GCF_001601575.1-RS_2025_05_02	2025-05-02	2282800		47	Contig	2016-03-29	LOHZ01	47	38							2343	Clostridia	99.09	
ASM309657v1	GCF_003096575.1	GCA_003096575.1	Convivina intestini	1505726		DSM 28795					GCF_003096575.1-RS_2025_03_29	2025-03-29	1600079		24	Scaffold	2018-05-07	QEKT01	22	41							1615	Lactobacillaceae	91.53	0.08
ASM158432v1	GCF_001584325.1	GCA_001584325.1	Bacillus nakamurai	1793963		NRRL B-41091					GCF_001584325.1-RS_2025_03_28	2025-03-28	3689277		45	Contig	2016-03-09	LSAZ01	45	45.5							3922	Bacillus	99.26	
ASM540548v1	GCF_005405485.1	GCA_005405485.1	Enterococcus hulanensis	2559929		190-7					GCF_005405485.1-RS_2025_08_26	2025-08-26	4746262		53	Scaffold	2019-03-29	BJED01	47	40.5							4570	Enterococcus	97.98	9.01
ASM301339v1	GCF_003013395.1	GCA_003013395.1	Brevibacillus fortis	2126352		NRRL NRS-1210					GCF_003013395.1-RS_2025_04_22	2025-04-22	6268222		88	Contig	2018-03-21	PXZM01	88	47							5946	Brevibacillus	97.65	3.52
ASM4265578v1	GCF_042655785.1	GCA_042655785.1	Cohnella yongneupensis	425006		KACC 11768					GCF_042655785.1-RS_2025_03_02	2025-03-02	5393543		73	Scaffold	2024-10-06	JBHSNC01	71	53							4954	Cohnella	94.39	8.58
ASM1117006v1	GCF_011170065.1	GCA_011170065.1	Pseudolactococcus insecticola	2709158		Hs20B0-1					GCF_011170065.1-RS_2025_06_08	2025-06-08	1979452		28	Contig	2020-02-21	BLLH01	28	42							1929	Lactococcus	88.34	2.63
ASM1686178v1	GCF_016861785.1	GCA_016861785.1	Lacticaseibacillus mingshuiensis	2799574		117-1					GCF_016861785.1-RS_2025_09_02	2025-09-02	2756195		56	Contig	2021-01-15	BOLS01	56	55							2542	Lactobacillaceae	98.39	0.63
ASM394608v1	GCF_003946085.1	GCA_003946085.1	Levilactobacillus angrenensis	2486020		M1530-1					GCF_003946085.1-RS_2025_11_23	2025-11-23	2797786		62	Contig	2018-12-14	RHOB01	62	50.5							2648	Lactobacillaceae	99.35	0.08
ASM2124573v1	GCF_021245735.1	GCA_021245735.1	Brevibacillus daliensis	2892995		YIM B02290					GCF_021245735.1-RS_2025_09_08	2025-09-08	4910597		85	Contig	2021-12-20	JAJISB01	85	40.5							4910	Brevibacillus	89.54	6.15
IMG-taxon 2706794911 annotated assembly	GCF_900188145.1	GCA_900188145.1	Anaerovirgula multivorans	312168		SCA					GCF_900188145.1-RS_2025_12_13	2025-12-13	5388996		106	Scaffold	2017-07-16	FZOJ01	105	35							5285	Clostridia	100	0.91
ASM1900836v1	GCF_019008365.1	GCA_019008365.1	Phosphitispora fastidiosa	2837202		DYL19					GCF_019008365.1-RS_2025_07_03	2025-07-03	4090273		239	Contig	2021-06-22	JAHHUL01	239	46							3977	Peptococcaceae	99.35	0.22
IMG-taxon 2675903022 annotated assembly	GCF_900115625.1	GCA_900115625.1	Salibacterium halotolerans	1884432		S7					GCF_900115625.1-RS_2025_04_24	2025-04-24	3614063		55	Scaffold	2016-11-02	FOXD01	54	47.5							3763	Bacillaceae	97.56	1.61
ASM4284731v1	GCF_042847315.1	GCA_042847315.1	Lacticaseibacillus jixiensis	3231926		N163-3-2					GCF_042847315.1-RS_2025_11_20	2025-11-20	3395528		99	Scaffold	2024-07-18	BAAFPR01	97	51.5							3135	Lactobacillaceae	99.18	1.28
ASM4268080v1	GCF_042680805.1	GCA_042680805.1	Bacillus salitolerans	1437434		CGMCC 1.12810					GCF_042680805.1-RS_2025_03_02	2025-03-02	4928704		94	Scaffold	2024-10-06	JBHUEM01	60	36.5							5134	Bacillus	97.65	2.1
ASM971112v1	GCF_009711125.1	GCA_009711125.1	Metabacillus mangrovi	1491830		KCTC 33872					GCF_009711125.1-RS_2025_05_26	2025-05-26	4067303		60	Contig	2019-11-26	WMIB01	60	46.5							4219	Bacillaceae	98.6	
ASM394634v1	GCF_003946345.1	GCA_003946345.1	Levilactobacillus tongjiangensis	2486023		218-10					GCF_003946345.1-RS_2025_11_23	2025-11-23	2718164		43	Contig	2018-12-14	RHNY01	43	47.5							2558	Lactobacillaceae	98.69	0.65
ASM4213863v1	GCF_042138635.1	GCA_042138635.1	Paenibacillus medicaginis	1470560		JCM 18446					GCF_042138635.1-RS_2025_09_23	2025-09-23	5812382		112	Contig	2024-09-22	JBHIRY01	112	49.5							5580	Paenibacillus	99.72	0.78
ASM190905v1	GCF_001909055.1	GCA_001909055.1	Paenibacillus helianthi	1349432		P26E					GCF_001909055.1-RS_2025_04_22	2025-04-22	7118381		124	Contig	2016-12-19	LVWI01	124	49.5							6328	Paenibacillus	99.11	1.31
ASM4268412v1	GCF_042684125.1	GCA_042684125.1	Paenibacillus rhizoplanae	1917181		CCM 8725					GCF_042684125.1-RS_2025_11_20	2025-11-20	7579680		139	Scaffold	2024-10-07	JBHUKY01	111	52							6657	Paenibacillus	99.17	2.09
ASM3952236v1	GCF_039522365.1	GCA_039522365.1	Bacillus carboniphilus	86663		JCM 9731					GCF_039522365.1-RS_2024_05_10	2024-05-10	4214632		64	Contig	2024-02-23	BAAADJ01	64	38.5							4397	Bacillus	98.11	0.79
ASM4268520v1	GCF_042685205.1	GCA_042685205.1	Lentibacillus juripiscarius	257446		TISTR 1535					GCF_042685205.1-RS_2025_11_20	2025-11-20	3239811		58	Scaffold	2024-10-07	JBHUNA01	45	44							3285	Bacillaceae	96.11	1.29
ASM5043338v1	GCF_050433385.1	GCA_050433385.1	Brassicibacter mesophilus	745119		DSM 24659					GCF_050433385.1-RS_2025_05_20	2025-05-20	4660404		65	Scaffold	2025-05-19	JBNPXI01	59	31.5							4558	Bacteria	98.28	0.86
ASM30726v1	GCF_000307265.1	GCA_000307265.1	Oscillibacter ruminantium GH1	1007096		GH1					GCF_000307265.1-RS_2025_08_08	2025-08-08	3108242		58	Scaffold	2012-09-12	BAGW01	29	55							2995	Ruminococcaceae	97.52	1.14
ASM1765298v1	GCF_017652985.1	GCA_017652985.1	Paenibacillus artemisiicola	1172618		MWE-103					GCF_017652985.1-RS_2025_03_28	2025-03-28	7397193		139	Contig	2021-03-30	JAGGDJ01	139	61							6754	Paenibacillus	99.58	1.48
ASM143523v1	GCF_001435235.1	GCA_001435235.1	Liquorilactobacillus ghanensis DSM 18630	1423750		DSM 18630					GCF_001435235.1-RS_2025_03_30	2025-03-30	2605329		46	Scaffold	2015-11-06	AZGB01	33	37							2500	Lactobacillaceae	99.02	3.05
ASM1843726v1	GCF_018437265.1	GCA_018437265.1	Fructobacillus parabroussonetiae	2713174		S1-1					GCF_018437265.1-RS_2025_03_27	2025-03-27	1215860		14	Contig	2021-05-21	JAAMFL01	14	46.5							1240	Lactobacillaceae	91.35	0.33
ASM4265418v1	GCF_042654185.1	GCA_042654185.1	Camelliibacillus cellulosilyticus	2174486		CGMCC 1.16306					GCF_042654185.1-RS_2025_03_02	2025-03-02	3536314		52	Scaffold	2024-10-05	JBHSFW01	47	45.5							3602	Sporolactobacillaceae	83.78	21.03
ASM273592v1	GCF_002735925.1	GCA_002735925.1	Sporanaerobium hydrogeniformans	3072179		XHS1971					GCF_002735925.1-RS_2025_12_13	2025-12-13	3743071		65	Contig	2017-10-30	PEDL01	65	35.5							3526	Lachnospiraceae	98.54	2.66
ASM4267560v1	GCF_042675605.1	GCA_042675605.1	Savagea faecisuis	1274803		CCUG 63563					GCF_042675605.1-RS_2025_11_20	2025-11-20	2559573		60	Scaffold	2024-10-06	JBHTJF01	56	41.5							2652	Planococcaceae	87.17	1.89
ASM686182v1	GCF_006861825.1	GCA_006861825.1	Psychrobacillus vulpis	2325572		Z8					GCF_006861825.1-RS_2025_03_29	2025-03-29	4024205		83	Scaffold	2019-07-10	VDGI01	76	36							4002	Bacillaceae	98.71	1.02
ASM593819v1	GCF_005938195.1	GCA_005938195.1	Paenibacillus thermoaerophilus	1215385		DSM 26310					GCF_005938195.1-RS_2025_05_04	2025-05-04	3702288		66	Scaffold	2019-06-03	VCQZ01	64	59							3499	Paenibacillus	98.97	1.17
ASM4267986v1	GCF_042679865.1	GCA_042679865.1	Lentibacillus salinarum	446820		CCUG 54822					GCF_042679865.1-RS_2025_11_20	2025-11-20	3689248		62	Scaffold	2024-10-06	JBHTNH01	61	43.5							3789	Bacillaceae	97.26	1.34
ASM2333650v1	GCF_023336505.1	GCA_023336505.1	Sporolactobacillus mangiferae	2940498		CPB3-1					GCF_023336505.1-RS_2025_07_29	2025-07-29	2930919		58	Contig	2022-05-11	JAMAST01	58	45							2816	Sporolactobacillaceae	80.09	5.92
ASM1682065v1	GCF_016820655.1	GCA_016820655.1	Anaeromonas frigoriresistens	2683708		D2Q-11					GCF_016820655.1-RS_2025_05_05	2025-05-05	3227221		53	Contig	2021-02-07	WSFT01	53	29.5							3400	Clostridiaceae	98.85	7.32
ASM1414561v1	GCF_014145615.1	GCA_014145615.1	Limosilactobacillus balticus	2759747		BG-AF3-A					GCF_014145615.1-RS_2025_12_09	2025-12-09	2088966		77	Scaffold	2020-08-10	JACIVH01	76	38.5							2054	Lactobacillaceae	99.35	1.31
ASM4265168v1	GCF_042651685.1	GCA_042651685.1	Bacillus chungangensis	587633		CCUG 57835					GCF_042651685.1-RS_2025_11_20	2025-11-20	4755534		68	Scaffold	2024-10-05	JBHRZQ01	59	37.5							4528	Bacillus	96.76	0.5
ASM434168v1	GCF_004341685.1	GCA_004341685.1	Pectinatus cerevisiiphilus	86956		DSM 20467					GCF_004341685.1-RS_2025_04_17	2025-04-17	2637495		49	Contig	2019-03-11	SMAA01	49	38.5							2484	Selenomonadales	98.6	
ASM28559v1	GCF_000285595.1	GCA_000285595.1	Kurthia senegalensis	1033740		JC8E					GCF_000285595.1-RS_2025_12_09	2025-12-09	2986769		73	Scaffold	2012-07-19	CAEW01	43	38							3077	Planococcaceae	76.94	4.04
ASM434288v1	GCF_004342885.1	GCA_004342885.1	Tepidibacillus fermentans	1281767		DSM 23802					GCF_004342885.1-RS_2025_04_17	2025-04-17	2424111		41	Scaffold	2019-03-11	SMAB01	40	36.5							2531	Bacillaceae	88.83	2.58
ASM982874v1	GCF_009828745.1	GCA_009828745.1	Erysipelothrix anatis	2683713		D17_0559-3-2-1					GCF_009828745.1-RS_2025_12_11	2025-12-11	2185093		32	Scaffold	2020-01-03	WTSX01	29	38							2155	Erysipelothrix	79.45	19.29
ASM4264314v1	GCF_042643145.1	GCA_042643145.1	Virgibacillus xinjiangensis	393090		KCTC 13128					GCF_042643145.1-RS_2025_11_20	2025-11-20	3264304		65	Scaffold	2024-10-05	JBHRSA01	64	45.5							3358	Bacillaceae	99.84	0.7
ASM400653v1	GCF_004006535.1	GCA_004006535.1	Anaerosphaera multitolerans	2487351		GS7-6-2					GCF_004006535.1-RS_2025_03_29	2025-03-29	2233538		42	Contig	2019-01-09	RLIH01	42	33							2177	Bacteria	98.28	0.86
ASM587008v1	GCF_005870085.1	GCA_005870085.1	Aquibacillus sediminis	2574734		BH258					GCF_005870085.1-RS_2025_05_04	2025-05-04	4381979		85	Contig	2019-05-28	SZNM01	85	37.5							4322	Bacillaceae	98.06	1.51
ASM3954825v1	GCF_039548255.1	GCA_039548255.1	Lentibacillus songyuanensis	3136161		N15					GCF_039548255.1-RS_2025_11_23	2025-11-23	4484676		75	Scaffold	2024-05-06	JBCLVH01	66	40							4396	Bacillaceae	97.7	2.15
ASM2556730v1	GCF_025567305.1	GCA_025567305.1	Brotomerdimonas butyrica	2981721		Sanger_12					GCF_025567305.1-RS_2025_11_22	2025-11-22	2648172		35	Scaffold	2022-10-04	JAOQJP01	29	48							2395	Clostridiales	96.24	0.88
ASM2017615v1	GCF_020176155.1	GCA_020176155.1	Clostridium bowmanii	132925		DSM 14206					GCF_020176155.1-RS_2025_11_23	2025-11-23	4882709		92	Contig	2021-09-29	JAIRAZ01	92	31							4712	Clostridium	99.38	0.66
ASM1421212v1	GCF_014212125.1	GCA_014212125.1	Cohnella nanjingensis	1387779		DSM 28246					GCF_014212125.1-RS_2025_09_29	2025-09-29	7611037		119	Scaffold	2020-08-16	JACJVP01	105	59							6927	Cohnella	95.88	10.75
ASM1239650v1	GCF_012396505.1	GCA_012396505.1	Periweissella fabalis	1070421		CCUG 61472					GCF_012396505.1-RS_2025_03_29	2025-03-29	1962451		25	Contig	2020-04-15	JAAXPN01	25	36.5							1988	Lactobacillaceae	96.71	0.44
ASM205158v1	GCF_002051585.1	GCA_002051585.1	Ruminiclostridium hungatei	48256		DSM 14427					GCF_002051585.1-RS_2025_04_07	2025-04-07	4901053		100	Contig	2017-03-21	MZGX01	100	42.5							4383	Ruminococcaceae	100	1.09
ASM3028468v1	GCF_030284685.1	GCA_030284685.1	Streptococcus raffinosi	3053355		VTCC 12812					GCF_030284685.1-RS_2025_06_28	2025-06-28	2156728		33	Scaffold	2023-06-17	JASUZV01	29	39.5							2025	Streptococcus	99.25	0.26
ASM3081323v1	GCF_030813235.1	GCA_030813235.1	Cytobacillus purgationiresistens	863449		DSM 23494					GCF_030813235.1-RS_2025_08_20	2025-08-20	5576037		83	Contig	2023-08-18	JAUSUB01	83	38							5780	Bacillaceae	99.35	0.23
ASM4266304v1	GCF_042663045.1	GCA_042663045.1	Halobacillus seohaensis	447421		CCUG 54358					GCF_042663045.1-RS_2025_03_02	2025-03-02	4312786		81	Scaffold	2024-10-06	JBHSZV01	76	38.5							4213	Halobacillus	85.11	12.13
ASM2462242v1	GCF_024622425.1	GCA_024622425.1	Lactobacillus rodentium	947835		DSM 24759					GCF_024622425.1-RS_2025_08_25	2025-08-25	1505119		25	Contig	2022-08-10	JANKAV01	25	34							1476	Lactobacillus	95.16	0.16
IMG-taxon 2617270788 annotated assembly	GCF_900111195.1	GCA_900111195.1	Gracilibacillus ureilyticus	531814		CGMCC 1.7727					GCF_900111195.1-RS_2025_05_03	2025-05-03	4071593		55	Scaffold	2016-10-31	FOGL01	38	37.5							4063	Bacillaceae	99.03	1.77
ASM991084v1	GCF_009910845.1	GCA_009910845.1	Chengkuizengella marina	2507566		YPA3-1-1					GCF_009910845.1-RS_2025_12_11	2025-12-11	4373098		94	Contig	2020-01-21	SIJB01	94	33							4197	Paenibacillaceae	95.21	0.83
ASM304966v1	GCF_003049665.1	GCA_003049665.1	Lysinibacillus mangiferihumi	1130819		M-GX18					GCF_003049665.1-RS_2025_12_09	2025-12-09	5313213		138	Contig	2018-04-11	PYWM01	138	36.5							5616	Lysinibacillus	86.32	10.74
ASM2365659v1	GCF_023656595.1	GCA_023656595.1	Coprococcus intestinalis	2949662		B2-R-112					GCF_023656595.1-RS_2025_08_25	2025-08-25	3311086		50	Scaffold	2022-06-06	JAMOKJ01	48	44							3190	Coprococcus	80.3	19.6
ASM197578v1	GCF_001975785.1	GCA_001975785.1	Domibacillus epiphyticus	1714355		SAB 38					GCF_001975785.1-RS_2025_12_13	2025-12-13	3237069		45	Scaffold	2017-01-30	MSFI01	44	41.5							3370	Bacillaceae	98.39	
ASM331705v1	GCF_003317055.1	GCA_003317055.1	Alkalibaculum bacchi	645887		DSM 22112					GCF_003317055.1-RS_2025_04_12	2025-04-12	3098941		49	Scaffold	2018-07-12	QNRX01	46	34.5							2949	Eubacteriaceae	98.57	2.14
ASM468405v1	GCF_004684055.1	GCA_004684055.1	Soehngenia longivitae	2562294		1933P					GCF_004684055.1-RS_2025_05_11	2025-05-11	1917091		33	Contig	2019-04-06	SRIB01	33	32							1863	Bacteria	98.28	0.86
JJ-60	GCF_924513355.1	GCA_924513355.1	Paenibacillus pseudetheri	2897682		CIP 111894					GCF_924513355.1-RS_2025_04_15	2025-04-15	6640894		123	Scaffold	2022-01-09	CAKMAB01	117	43.5							6290	Paenibacillus	98.61	1.76
ASM5375894v1	GCF_053758945.1	GCA_053758945.1	Gemella parahaemolysans	1179782		SS1991					GCF_053758945.1-RS_2025_11_30	2025-11-30	1825740		30	Contig	2025-11-29	JBSMTP01	30	30.5							1619	Gemella	99.48	1.38
ASM5120099v1	GCF_051200995.1	GCA_051200995.1	Anoxybacillus eryuanensis	651866		DSM 23212					GCF_051200995.1-RS_2025_07_03	2025-07-03	2665349		34	Scaffold	2025-07-03	JBPODS01	32	41.5							2862	Anoxybacillus	99.4	2.66
ASM342602v1	GCF_003426025.1	GCA_003426025.1	Paraliobacillus quinghaiensis	470815		YIM-C158					GCF_003426025.1-RS_2025_03_28	2025-03-28	3292626		67	Contig	2018-08-23	QJSH01	67	35							3300	Bacillaceae	93.83	0.65
ASM4265940v1	GCF_042659405.1	GCA_042659405.1	Lactiplantibacillus daowaiensis	2559918		CCM 8933					GCF_042659405.1-RS_2025_11_20	2025-11-20	3119791		45	Contig	2024-10-06	JBHSSC01	45	44							3089	Lactobacillaceae	99.35	1.96
IMG-taxon 2634166350 annotated assembly	GCF_900102215.1	GCA_900102215.1	Fontibacillus panacisegetis	670482		DSM 28129					GCF_900102215.1-RS_2025_05_03	2025-05-03	5264638		82	Scaffold	2016-10-21	FNBG01	76	43							4910	Paenibacillaceae	99.73	1.34
IMG-taxon 2585428189 annotated assembly	GCF_900142375.1	GCA_900142375.1	Desulforamulus aeronauticus DSM 10349	1121421		DSM 10349					GCF_900142375.1-RS_2025_03_27	2025-03-27	4020963		66	Scaffold	2016-12-03	FRAR01	59	43.5							4000	Peptococcaceae	100	
ASM31236v2	GCF_000312365.2	GCA_000312365.2	Anaerococcus provencensis	938293		9402080					GCF_000312365.2-RS_2025_12_09	2025-12-09	2265938		26	Scaffold	2013-05-30	CAJU02	8	33.5							2189	Anaerococcus	94.29	8.88
ASM5320614v1	GCF_053206145.1	GCA_053206145.1	Streptococcus hongkongensis	910939		SS1932					GCF_053206145.1-RS_2025_11_18	2025-11-18	2150884		38	Contig	2025-10-25	JBRUGD01	38	36							2128	Streptococcus	99.23	1.16
ASM2562893v1	GCF_025628935.1	GCA_025628935.1	Macrococcus capreoli	2982690		TMW 2.2395					GCF_025628935.1-RS_2025_01_12	2025-01-12	2505388		50	Contig	2022-10-08	JAOTIS01	50	35							2645	Staphylococcaceae	91.57	2.77
ASM4267598v1	GCF_042675985.1	GCA_042675985.1	Oceanobacillus locisalsi	546107		CCUG 56608					GCF_042675985.1-RS_2025_11_20	2025-11-20	4232145		69	Scaffold	2024-10-06	JBHTKK01	68	39							4062	Oceanobacillus	77.27	19.74
ASM1414545v1	GCF_014145455.1	GCA_014145455.1	Limosilactobacillus rudii	2759755		STM3_1					GCF_014145455.1-RS_2025_09_19	2025-09-19	2316339		63	Contig	2020-08-10	JACIVB01	63	38.5							2307	Lactobacillaceae	98.69	0.65
ASM127734v1	GCF_001277345.1	GCA_001277345.1	Paenibacillus solani	1705565		FJAT-22460					GCF_001277345.1-RS_2025_04_10	2025-04-10	6198757		63	Scaffold	2015-09-01	LIUT01	9	47							5749	Paenibacillus	99.72	0.93
ASM869104v1	GCF_008691045.1	GCA_008691045.1	Mediterraneibacter catenae	2594882		SW178					GCF_008691045.1-RS_2025_12_13	2025-12-13	3181448		64	Contig	2019-09-24	VMSO01	64	47							3107	Lachnospiraceae	99.38	0.62
ASM1759934v1	GCF_017599345.1	GCA_017599345.1	Gracilibacillus suaedae	2820273		LD4P30					GCF_017599345.1-RS_2025_12_11	2025-12-11	4648302		65	Scaffold	2021-03-28	JAGFVL01	64	36.5							4388	Bacillaceae	98.17	0.81
ASM2380612v1	GCF_023806125.1	GCA_023806125.1	Clostridium caldaquaticum	2940653		SYSU GA19001					GCF_023806125.1-RS_2025_06_23	2025-06-23	2978709		51	Scaffold	2022-06-19	JAMSKT01	49	31.5							2871	Clostridium	100	0.04
IMG-taxon 2654588171 annotated assembly	GCF_900099605.1	GCA_900099605.1	Alteribacillus persepolensis	568899		DSM 21632					GCF_900099605.1-RS_2025_12_09	2025-12-09	3619097		65	Contig	2016-10-21	FNDK01	65	41.5							3617	Bacillaceae	98.71	0.52
ASM360540v2	GCF_003605405.2	GCA_003605405.2	Siminovitchia terrae	1914933		LMG 29736					GCF_003605405.2-RS_2025_05_04	2025-05-04	5302661		70	Scaffold	2018-12-15	QYTW02	68	40.5							5436	Bacillaceae	96.94	2.27
IMG-taxon 2681812893 annotated assembly	GCF_900156285.1	GCA_900156285.1	Halanaerobium kushneri	56779		ATCC 700103					GCF_900156285.1-RS_2025_12_09	2025-12-09	3222148		55	Scaffold	2017-01-14	FTNC01	54	34							3040	Halanaerobium	86.57	22.49
ASM1498274v1	GCF_014982745.1	GCA_014982745.1	Gallibacter intestinalis	2779356		DSM 108706					GCF_014982745.1-RS_2025_11_23	2025-11-23	1605867		32	Contig	2020-10-25	JADCKA01	32	41							1583	Eubacteriaceae	98.22	0.71
ASM4365631v1	GCF_043656315.1	GCA_043656315.1	Streptococcus hepaticus	3349163		20-1249					GCF_043656315.1-RS_2025_05_18	2025-05-18	2137126		65	Contig	2024-10-23	JBINIY01	65	40.5							2231	Streptococcus	99.77	0.08
ASM1477338v1	GCF_014773385.1	GCA_014773385.1	Metabacillus arenae	2771434		IB182487					GCF_014773385.1-RS_2025_11_23	2025-11-23	5648356		87	Contig	2020-09-21	JACXAI01	87	37.5							5330	Bacillaceae	99.19	1.08
ASM1812802v1	GCF_018128025.1	GCA_018128025.1	Proteiniclasticum sediminis	2804028		BAD-10					GCF_018128025.1-RS_2025_12_11	2025-12-11	2985436		89	Scaffold	2021-04-22	JAGSCS01	83	51.5							2945	Clostridiaceae	98.23	2.36
ASM468493v1	GCF_004684935.1	GCA_004684935.1	Sporolactobacillus shoreae	1465501		BK92					GCF_004684935.1-RS_2025_04_03	2025-04-03	3654870		67	Scaffold	2019-04-07	SRJD01	65	45.5							3654	Sporolactobacillaceae	87.92	20.72
ASM51311v1	GCF_000513115.1	GCA_000513115.1	Halalkalibacter hemicellulosilyticusJCM 9152	1236971		JCM 9152					GCF_000513115.1-RS_2025_08_08	2025-08-08	4538064		102	Contig	2013-12-30	BAUU01	102	38							4442	Bacillaceae	90.71	1.29
ASM2322364v1	GCF_023223645.1	GCA_023223645.1	Natroniella sulfidigena	723921		AHT3					GCF_023223645.1-RS_2025_05_14	2025-05-14	2625083		32	Contig	2022-05-03	JALKBY01	32	34.5							2567	Halobacteroidaceae	95.82	5.66
ASM301347v1	GCF_003013475.1	GCA_003013475.1	Brevibacillus porteri	2126350		NRRL B-41110					GCF_003013475.1-RS_2025_04_22	2025-04-22	6462020		94	Contig	2018-03-21	PXZO01	94	47							6370	Brevibacillus	98.83	3.35
ASM3666359v1	GCF_036663595.1	GCA_036663595.1	Halalkalibacter lacteus	3090663		J-A-003					GCF_036663595.1-RS_2025_06_02	2025-06-02	4471997		535	Contig	2024-02-16	JAWRVL01	535	38							4697	Bacillaceae	99.35	5.79
ASM1470560v1	GCF_014705605.1	GCA_014705605.1	Paenibacillus sabuli	2772509		IB182496					GCF_014705605.1-RS_2025_11_22	2025-11-22	6216864		110	Contig	2020-09-22	JACXIZ01	110	60.5							5299	Paenibacillus	98.89	0.56
ASM434616v1	GCF_004346165.1	GCA_004346165.1	Muricomes intestini	1796634		DSM 29489					GCF_004346165.1-RS_2025_12_13	2025-12-13	3717384		70	Contig	2019-03-11	SLZZ01	70	43							3582	Lachnospiraceae	98.75	0.69
ASM3324236v1	GCF_033242365.1	GCA_033242365.1	Lachnoanaerobaculum sanguinis	3065809		JCM 36186					GCF_033242365.1-RS_2025_06_13	2025-06-13	2821554		104	Scaffold	2023-08-11	BTHK01	103	36.5							2743	Lachnospiraceae	99.38	
ASM2785761v1	GCF_027857615.1	GCA_027857615.1	Holtiella tumoricola	3018743		CC70A					GCF_027857615.1-RS_2025_02_27	2025-02-27	4707720		76	Contig	2023-01-15	JAQIFT01	76	34							4539	Clostridia	99.09	2.73
ASM68664v1	GCF_000686645.1	GCA_000686645.1	Desulfofundulus thermocisternus DSM 10259	1121430		DSM 10259					GCF_000686645.1-RS_2025_12_09	2025-12-09	2654868		50	Scaffold	2014-05-08	JMLG01	45	54.5							2721	Peptococcaceae	99.24	
ASM1731064v1	GCF_017310645.1	GCA_017310645.1	Paradesulfitobacterium ferrireducens	2816476		PLL0					GCF_017310645.1-RS_2025_12_11	2025-12-11	3256842		46	Contig	2021-03-09	JAFLRH01	46	49							3115	Peptococcaceae	85.23	0.16
ASM328745v1	GCF_003287455.1	GCA_003287455.1	Faecalibacterium hattorii	2935520		APC922/41-1					GCF_003287455.1-RS_2025_04_30	2025-04-30	2790636		54	Contig	2018-07-03	PRLC01	54	57.5							2753	Faecalibacterium	87.36	4.56
ASM1902428v1	GCF_019024285.1	GCA_019024285.1	Alkalihalobacterium elongatum	2675466		MEB199					GCF_019024285.1-RS_2025_12_11	2025-12-11	4810093		61	Contig	2021-06-24	WMKZ01	61	36.5							4711	Bacillaceae	99.35	0.7
ASM2551978v1	GCF_025519785.1	GCA_025519785.1	Staphylococcus marylandisciuri	2981529		SQ8-PEA					GCF_025519785.1-RS_2024_09_02	2024-09-02	2371088		66	Contig	2022-10-02	JAOPKZ01	66	36.5							2286	Staphylococcus	96.49	1.28
ASM1340324v1	GCF_013403245.1	GCA_013403245.1	Sedimentibacter hydroxybenzoicus DSM 7310	1123245		DSM 7310					GCF_013403245.1-RS_2024_12_16	2024-12-16	3809287		71	Contig	2020-07-12	JACBNQ01	71	35.5							3792	Bacteria	98.28	3.45
GST4V1	GCF_000714935.1	GCA_000714935.1	Tumebacillus flagellatus	1157490		GST4					GCF_000714935.1-RS_2025_03_27	2025-03-27	4874793		108	Contig	2014-06-27	JMIR01	108	56.5							4825	Alicyclobacillaceae	95.56	10.29
ASM1432279v1	GCF_014322795.1	GCA_014322795.1	Listeria portnoyi	2713504		FSL L7-1582					GCF_014322795.1-RS_2025_05_05	2025-05-05	3154177		58	Contig	2020-08-27	JAASTT01	58	42							3208	Listeria	82.15	5.86
ASM1428753v1	GCF_014287535.1	GCA_014287535.1	Blautia segnis	2763030		BX17					GCF_014287535.1-RS_2025_12_13	2025-12-13	3877012		40	Contig	2020-08-24	JACOOT01	40	44.5							3730	Blautia	93.38	1.97
IMG-taxon 2675903131 annotated assembly	GCF_900104185.1	GCA_900104185.1	Halobacillus aidingensis	240303		CGMCC 1.3703					GCF_900104185.1-RS_2025_04_21	2025-04-21	4191840		53	Scaffold	2016-10-21	FNIZ01	45	43.5							4244	Halobacillus	95.42	7.29
IMG-taxon 2582581323 annotated assembly	GCF_900167185.1	GCA_900167185.1	Selenihalanaerobacter shriftii	142842		ATCC BAA-73					GCF_900167185.1-RS_2025_12_10	2025-12-10	2840584		56	Scaffold	2017-03-04	FUWM01	54	31.5							2830	Halobacteroidaceae	95.54	7.37
ASM1438489v1	GCF_014384895.1	GCA_014384895.1	Bianquea renquensis	2763661		NSJ-32					GCF_014384895.1-RS_2025_05_22	2025-05-22	3939669		112	Contig	2020-09-01	JACRSQ01	112	50							3544	Clostridiales	100	0.88
ASM398751v1	GCF_003987515.1	GCA_003987515.1	Vagococcus penaei	633807		LMG 24833					GCF_003987515.1-RS_2025_04_27	2025-04-27	2336491		52	Contig	2018-12-17	NGJV01	52	35							2274	Enterococcaceae	97.57	1.46
AP5T	GCF_000612845.1	GCA_000612845.1	Clostridium ihumii AP5	1211817		AP5					GCF_000612845.1-RS_2025_04_11	2025-04-11	4433668		96	Contig	2014-03-20	CCAT01	96	26.5							4170	Clostridium	99.07	1.86
ASM1414550v1	GCF_014145505.1	GCA_014145505.1	Limosilactobacillus fastidiosus	2759855		WF-MO7-1					GCF_014145505.1-RS_2025_12_09	2025-12-09	1720134		44	Contig	2020-08-10	JACIUZ01	44	39							1718	Lactobacillaceae	99.25	
IMG-taxon 2651870361 annotated assembly	GCF_900112085.1	GCA_900112085.1	Acetitomaculum ruminis DSM 5522	1120918		DSM 5522					GCF_900112085.1-RS_2025_12_13	2025-12-13	3082721		62	Scaffold	2016-11-02	FOJY01	54	34							2707	Lachnospiraceae	97.71	0.62
ASM1965607v1	GCF_019656075.1	GCA_019656075.1	Leuconostoc palmae	501487		JCM 16944					GCF_019656075.1-RS_2024_09_02	2024-09-02	1385869		28	Contig	2021-05-29	BPKZ01	28	35.5							1430	Leuconostoc	96.58	0.08
ASM1438519v1	GCF_014385195.1	GCA_014385195.1	Paratissierella segnis	2763679		BX21					GCF_014385195.1-RS_2025_11_21	2025-11-21	3029583		34	Contig	2020-09-01	JACRTG01	34	33.5							3042	Bacteria	98.28	2.59
IMG-taxon 2675903067 annotated assembly	GCF_900096945.1	GCA_900096945.1	Anaerobium acetethylicum	1619234		GluBS11					GCF_900096945.1-RS_2025_12_13	2025-12-13	4609043		107	Scaffold	2016-09-23	FMKA01	105	43.5							4045	Lachnospiraceae	98.75	1.56
ASM1314178v1	GCF_013141785.1	GCA_013141785.1	Paenibacillus germinis	2654979		LMG 31460					GCF_013141785.1-RS_2025_09_29	2025-09-29	8884856		200	Contig	2020-05-22	WHOC01	200	44.5							7887	Paenibacillus	99.72	1.11
ASM1420587v1	GCF_014205875.1	GCA_014205875.1	Anaerosolibacter carboniphilus	1417629		DSM 103526					GCF_014205875.1-RS_2025_12_13	2025-12-13	5180073		81	Scaffold	2020-08-14	JACHEN01	79	38							5153	Clostridia	99.09	3.64
ASM143742v1	GCF_001437425.1	GCA_001437425.1	Weissella minor	1620		DSM 20014					GCF_001437425.1-RS_2025_03_17	2025-03-17	1768499		50	Scaffold	2015-11-06	JQCD01	31	39.5							1868	Weissella	98.63	1.63
ASM1642448v1	GCF_016424485.1	GCA_016424485.1	Paenibacillus roseus	2798579		MAHUQ-46					GCF_016424485.1-RS_2025_08_05	2025-08-05	5367904		140	Scaffold	2020-12-28	JAELUP01	118	48.5							4820	Paenibacillus	98.98	1.08
ASM1686184v1	GCF_016861845.1	GCA_016861845.1	Lacticaseibacillus suilingensis	2799577		ZW152					GCF_016861845.1-RS_2025_09_02	2025-09-02	2705176		75	Contig	2021-01-15	BOLV01	75	53							2644	Lactobacillaceae	99.35	1.5
ASM394672v1	GCF_003946725.1	GCA_003946725.1	Agrilactobacillus yilanensis	2485997		54-2					GCF_003946725.1-RS_2025_12_02	2025-12-02	2825702		41	Contig	2018-12-14	RHOY01	41	40							2697	Lactobacillaceae	99.02	2.48
IMG-taxon 2585428066 annotated assembly	GCF_900129925.1	GCA_900129925.1	Anaerosphaera aminiphila DSM 21120	1120995		DSM 21120					GCF_900129925.1-RS_2025_12_09	2025-12-09	2021907		32	Contig	2016-12-03	FQXI01	32	31.5							1984	Bacteria	98.28	
ASM398764v1	GCF_003987645.1	GCA_003987645.1	Vagococcus elongatus	180344		CCUG 51432					GCF_003987645.1-RS_2025_05_04	2025-05-04	2879210		55	Contig	2018-12-17	NGKA01	55	38							2767	Enterococcaceae	97.62	5.07
ASM435332v1	GCF_004353325.1	GCA_004353325.1	Streptococcus downii	1968889		CECT 9732					GCF_004353325.1-RS_2025_04_19	2025-04-19	1922750		33	Scaffold	2019-03-15	MZNX01	10	41							1935	Streptococcus	100	0.39
ASM188622v1	GCF_001886225.1	GCA_001886225.1	Enterococcus silesiacus	332949		DSM 22801					GCF_001886225.1-RS_2025_05_03	2025-05-03	3915391		72	Contig	2016-11-25	JXLC01	72	36.5							3709	Enterococcus	99.38	4.02
IMG-taxon 2585428088 annotated assembly	GCF_900141835.1	GCA_900141835.1	Propionispora hippei DSM 15287	1123003		DSM 15287					GCF_900141835.1-RS_2025_11_21	2025-11-21	4153026		81	Scaffold	2019-09-11	FQZD01	80	48							4002	Selenomonadales	100	2.71
ASM362796v1	GCF_003627965.1	GCA_003627965.1	Desulfofundulus salinus	2419843		435					GCF_003627965.1-RS_2025_07_07	2025-07-07	2886683		45	Scaffold	2018-10-10	RBWE01	10	55							2941	Peptococcaceae	100	0.49
ASM434068v1	GCF_004340685.1	GCA_004340685.1	Hydrogenispora ethanolica	1082276		LX-B					GCF_004340685.1-RS_2025_04_17	2025-04-17	5983490		102	Scaffold	2019-03-11	SLUN01	101	54							5406	Bacteria	96.55	3.45
IMG-taxon 2585428174 annotated assembly	GCF_900142225.1	GCA_900142225.1	Hathewaya proteolytica DSM 3090	1121331		DSM 3090					GCF_900142225.1-RS_2025_04_12	2025-04-12	2818024		46	Scaffold	2016-12-03	FRAD01	45	34							2757	Clostridiaceae	97.13	4.02
Vagococcus vulneris SS1995T	GCF_003950515.1	GCA_003950515.1	Vagococcus vulneris	1977869		SS1995					GCF_003950515.1-RS_2025_03_28	2025-03-28	2347966		43	Contig	2018-12-17	NGJS01	43	34.5							2359	Enterococcaceae	97.51	2.36
ASM338653v1	GCF_003386535.1	GCA_003386535.1	Paenibacillus taihuensis	1156355		CGMCC 1.10966					GCF_003386535.1-RS_2025_05_04	2025-05-04	6788771		97	Scaffold	2018-08-14	QTTN01	85	51.5							6261	Paenibacillus	99.72	1.58
ASM2383852v1	GCF_023838525.1	GCA_023838525.1	Caldicoprobacter algeriensis	699281		TH7C1					GCF_023838525.1-RS_2025_03_29	2025-03-29	2535023		45	Contig	2022-06-21	JAHUQD01	45	45							2472	Clostridia	99.09	0.45
ASM1303699v1	GCF_013036995.1	GCA_013036995.1	Lacrimispora defluvii	2719233		PI-S10-B5A					GCF_013036995.1-RS_2025_08_05	2025-08-05	5624842		149	Contig	2020-05-11	JAAOXG01	149	42.5							5439	Lachnospiraceae	98.68	4.36
ASM1438502v1	GCF_014385025.1	GCA_014385025.1	Yanshouia hominis	2763673		BX1					GCF_014385025.1-RS_2025_08_04	2025-08-04	3258552		92	Contig	2020-09-01	JACRTB01	92	56.5							3278	Ruminococcaceae	98.14	1.32
ASM2412544v1	GCF_024125445.1	GCA_024125445.1	Sporolactobacillus shoreicorticis	1923877		LMG 29111					GCF_024125445.1-RS_2025_09_08	2025-09-08	4459629		115	Contig	2022-07-02	JAMXWM01	115	43							4502	Sporolactobacillaceae	86.27	24.51
ASM1661299v1	GCF_016612995.1	GCA_016612995.1	Viridibacillus soli	2798301		YIM B01967					GCF_016612995.1-RS_2025_12_09	2025-12-09	4553048		112	Contig	2021-01-11	JAEOAH01	112	36.5							4537	Planococcaceae	91.64	7.79
ASM474550v1	GCF_004745505.1	GCA_004745505.1	Levilactobacillus suantsaiihabitans	2487722		BCRC 81129					GCF_004745505.1-RS_2025_11_23	2025-11-23	2870222		67	Contig	2019-04-08	RKLX01	67	52							2586	Lactobacillaceae	99.35	0.08
ASM4264968v1	GCF_042649685.1	GCA_042649685.1	Bacillus songklensis	1069116		CCUG 61889					GCF_042649685.1-RS_2025_11_20	2025-11-20	4944439		109	Scaffold	2024-10-05	JBHRZT01	73	40							5131	Bacillus	99.41	1.74
ASM1428789v1	GCF_014287895.1	GCA_014287895.1	Lawsonibacter hominis	2763053		NSJ-51					GCF_014287895.1-RS_2024_08_13	2024-08-13	3499704		115	Contig	2020-08-24	JACOPP01	115	60.5							3439	Ruminococcaceae	98.45	2.07
ASM2071119v1	GCF_020711195.1	GCA_020711195.1	Halanaerobium polyolivorans	2886943		Z-7514					GCF_020711195.1-RS_2025_08_08	2025-08-08	2522622		55	Scaffold	2021-11-01	JAJFAT01	53	33.5							2471	Halanaerobium	93.19	5.89
ASM965100v1	GCF_009651005.1	GCA_009651005.1	Sporosarcina obsidiansis	2660748		A15					GCF_009651005.1-RS_2025_12_11	2025-12-11	3584243		80	Scaffold	2019-11-12	WHVW01	70	41							3593	Sporosarcina	95.65	4.33
ASM131188v1	GCF_001311885.1	GCA_001311885.1	Syntrophomonas palmitatica JCM 14374	1294023		JCM 14374					GCF_001311885.1-RS_2025_08_08	2025-08-08	2581434		61	Contig	2015-10-01	BBCE01	61	45.5							2766	Syntrophomonadaceae	78.92	4.24
ASM3081406v1	GCF_030814065.1	GCA_030814065.1	Mesobacillus stamsii	225347		DSM 19598					GCF_030814065.1-RS_2025_08_06	2025-08-06	3936226		69	Contig	2023-08-18	JAUSUN01	69	42							4011	Bacillaceae	98.71	0.32
ASM1420694v1	GCF_014206945.1	GCA_014206945.1	Gracilibacillus halotolerans	74386		DSM 11805					GCF_014206945.1-RS_2025_05_05	2025-05-05	3393295		62	Scaffold	2020-08-14	JACHON01	58	36.5							3272	Bacillaceae	96.61	1.02
ASM2416020v1	GCF_024160205.1	GCA_024160205.1	Aequitasia blattaphilus	2949332		PAL113					GCF_024160205.1-RS_2025_02_27	2025-02-27	3210596		63	Contig	2022-07-05	JAMZFW01	63	39							3095	Lachnospiraceae	98.54	1.25
ASM1690855v1	GCF_016908555.1	GCA_016908555.1	Alkaliphilus hydrothermalis	1482730		DSM 25890					GCF_016908555.1-RS_2025_12_13	2025-12-13	3075942		54	Contig	2021-02-19	JAFBEE01	54	36.5							3025	Alkaliphilus	80.05	9.1
ASM540534v1	GCF_005405345.1	GCA_005405345.1	Enterococcus viikkiensis	930854		LMG 26075					GCF_005405345.1-RS_2025_08_26	2025-08-26	2545311		45	Contig	2019-03-29	BJDW01	45	40.5							2472	Enterococcus	92.67	3.73
ASM1099408v1	GCF_010994085.1	GCA_010994085.1	Gracilibacillus saliphilus	543890		YIM 91119					GCF_010994085.1-RS_2025_03_22	2025-03-22	4505756		92	Contig	2020-02-24	WJEB01	92	36.5							4428	Bacillaceae	98.71	0.89
ASM2059505v1	GCF_020595055.1	GCA_020595055.1	Desulfosporosinus shakirovi	2885154		SRJS8					GCF_020595055.1-RS_2025_11_22	2025-11-22	5425743		108	Scaffold	2021-10-25	JAJDOO01	100	42							5261	Desulfosporosinus	94.37	6.29
ASM1690918v1	GCF_016909185.1	GCA_016909185.1	Siminovitchia thermophila	1245522		DSM 105453					GCF_016909185.1-RS_2024_12_16	2024-12-16	4735876		86	Contig	2021-02-19	JAFBFH01	86	42							4585	Bacillaceae	97.74	1.61
ASM965937v1	GCF_009659375.1	GCA_009659375.1	Fundicoccus ignavus	2664442		DSM 109652					GCF_009659375.1-RS_2025_07_17	2025-07-17	3007064		64	Contig	2019-11-12	WJQT01	64	37.5							2749	Aerococcaceae	98.46	4.27
ASM2556690v1	GCF_025566905.1	GCA_025566905.1	[Clostridium] ammoniilyticum	2981784		H4_15					GCF_025566905.1-RS_2025_11_22	2025-11-22	2725575		46	Scaffold	2022-10-04	JAOQJR01	33	29.5							2810	Erysipelotrichales	99	0.31
ASM225108v2	GCF_002251085.2	GCA_002251085.2	Romboutsia maritimum	2020948		CCRI-22766					GCF_002251085.2-RS_2025_12_13	2025-12-13	2828385		108	Contig	2018-08-11	NOJZ02	108	27							2852	Peptostreptococcaceae	98.68	
ASM540526v1	GCF_005405265.1	GCA_005405265.1	Enterococcus songbeiensis	2559927		Apr-85					GCF_005405265.1-RS_2025_08_26	2025-08-26	2271847		40	Contig	2019-03-29	BJDS01	40	39.5							2279	Enterococcus	93.44	2.33
ASM229510v1	GCF_002295105.1	GCA_002295105.1	Salimicrobium humidisoli	2029857		WN024					GCF_002295105.1-RS_2025_12_13	2025-12-13	2622223		61	Contig	2017-09-12	NSGH01	61	47							2727	Bacillaceae	95.78	
ASM305424v1	GCF_003054245.1	GCA_003054245.1	Melghirimyces profundicolus	1242148		DSM 45787					GCF_003054245.1-RS_2025_05_03	2025-05-03	3768904		68	Scaffold	2018-04-17	QBKR01	67	55							3744	Thermoactinomycetaceae	83.66	12.14
ASM1428447v1	GCF_014284475.1	GCA_014284475.1	Acetobacterium fimetarium	52691		DSM 8238					GCF_014284475.1-RS_2025_03_27	2025-03-27	3237487		78	Contig	2020-08-24	WJBC01	78	44.5							3057	Eubacteriaceae	98.57	0.71
ASM2556698v1	GCF_025566985.1	GCA_025566985.1	Aedoeadaptatus acetigenes	2981723		E51					GCF_025566985.1-RS_2025_12_02	2025-12-02	1967735		49	Scaffold	2022-10-04	JAOQJD01	46	49							1951	Bacteria	96.55	
ASM2556686v1	GCF_025566865.1	GCA_025566865.1	Blautia acetigignens	2981783		Sanger_28					GCF_025566865.1-RS_2025_02_28	2025-02-28	4023593		67	Scaffold	2022-10-04	JAOQJM01	48	44.5							3871	Blautia	95.61	2.23
ASM969606v1	GCF_009696065.1	GCA_009696065.1	Oliverpabstia intestinalis	2606633		BSM-380-WT-5A					GCF_009696065.1-RS_2025_12_13	2025-12-13	3233390		92	Contig	2019-11-22	VUMS01	92	44							3089	Lachnospiraceae	99.38	1.46
Pa_GD11	GCF_000455265.1	GCA_000455265.1	Paenibacillus antibioticophila	1274374		GD11					GCF_000455265.1-RS_2025_12_09	2025-12-09	5584690		91	Scaffold	2013-08-20	CBLK01	9	49							5196	Paenibacillus	98.27	0.11
ASM4009605v1	GCF_040096055.1	GCA_040096055.1	Pseudoflavonifractor intestinihominis	3133171		CLA-AP-H29					GCF_040096055.1-RS_2025_07_07	2025-07-07	3691727		76	Contig	2024-06-07	JBBMFK01	76	61.5							3417	Ruminococcaceae	98.76	2.9
ASM3628940v1	GCF_036289405.1	GCA_036289405.1	Pseudoramibacter faecis	3108534		HA2172					GCF_036289405.1-RS_2025_04_30	2025-04-30	2337197		36	Contig	2024-01-30	JAYFFI01	36	52							2345	Eubacteriaceae	99.29	
ASM2874551v1	GCF_028745515.1	GCA_028745515.1	Paenibacillus thermotolerans	3027807		YIM B05602					GCF_028745515.1-RS_2025_04_21	2025-04-21	5512032		103	Scaffold	2023-02-20	JAQZSG01	101	52.5							5289	Paenibacillus	97.36	0.61
ASM638578v1	GCF_006385785.1	GCA_006385785.1	Streptococcus shenyangsis	2589786		D19					GCF_006385785.1-RS_2025_12_11	2025-12-11	2023003		27	Scaffold	2019-06-23	VFSH01	24	40							1956	Streptococcus	99.92	
ASM1414555v1	GCF_014145555.1	GCA_014145555.1	Limosilactobacillus albertensis	2759752		Lr3000					GCF_014145555.1-RS_2025_09_19	2025-09-19	2452361		79	Scaffold	2020-08-10	JACIVD01	78	39							2376	Lactobacillaceae	99.35	1.31
IMG-taxon 2642422588 annotated assembly	GCF_900107815.1	GCA_900107815.1	Eubacterium aggregans	81409		SR12					GCF_900107815.1-RS_2025_04_12	2025-04-12	2833471		66	Contig	2016-10-22	FNRK01	66	48.5							2819	Eubacterium	98.73	
ASM101505v1	GCF_001015055.1	GCA_001015055.1	Aneurinibacillus tyrosinisolvens	1443435		LL-002					GCF_001015055.1-RS_2025_08_08	2025-08-08	5693818		136	Contig	2015-04-18	BBWZ01	136	44.5							6090	Paenibacillaceae	92.44	6.5
ASM76331v1	GCF_000763315.1	GCA_000763315.1	Thermoactinomyces daqus	1329516		H-18					GCF_000763315.1-RS_2025_12_09	2025-12-09	3441572		86	Contig	2014-10-03	JPST01	86	49							3659	Thermoactinomycetaceae	82.76	9.8
ASM4265836v1	GCF_042658365.1	GCA_042658365.1	Carnobacterium antarcticum	2126436		CGMCC 1.15643					GCF_042658365.1-RS_2025_03_02	2025-03-02	2523032		54	Scaffold	2024-10-06	JBHSQC01	25	38							2406	Carnobacteriaceae	98.98	2.41
ASM360964v1	GCF_003609645.1	GCA_003609645.1	Thermohalobacter berrensis	99594		CTT3					GCF_003609645.1-RS_2025_04_13	2025-04-13	2763896		40	Contig	2018-10-02	MCIB01	40	30							2749	Bacteria	100	0.86
ASM4265536v1	GCF_042655365.1	GCA_042655365.1	Cohnella suwonensis	696072		KACC 13347					GCF_042655365.1-RS_2025_03_02	2025-03-02	6158636		142	Scaffold	2024-10-06	JBHSMH01	121	55							5390	Cohnella	93.06	10.2
ASM1731534v1	GCF_017315345.1	GCA_017315345.1	Streptococcus vaginalis	2748301		P1L01					GCF_017315345.1-RS_2025_12_11	2025-12-11	2091763		47	Contig	2021-03-10	JAFINR01	47	38.5							2147	Streptococcus	99.43	0.9
ASM143537v1	GCF_001435375.1	GCA_001435375.1	Ligilactobacillus araffinosus DSM 20653	1423820		DSM 20653					GCF_001435375.1-RS_2025_03_28	2025-03-28	1475258		36	Scaffold	2015-11-06	AYYZ01	31	38							1469	Lactobacillaceae	98.91	0.54
ASM1787442v1	GCF_017874425.1	GCA_017874425.1	Clostridium punense	1054297		DSM 28650					GCF_017874425.1-RS_2025_04_30	2025-04-30	4712543		98	Contig	2021-04-08	JAGGLL01	98	31.5							4320	Clostridium	99.69	5.75
ASM398749v1	GCF_003987495.1	GCA_003987495.1	Vagococcus salmoninarum	2739		NCFB 2777					GCF_003987495.1-RS_2025_04_27	2025-04-27	3104446		45	Contig	2018-12-17	NGJU01	45	37.5							2977	Enterococcaceae	97.46	3.98
ASM1429724v1	GCF_014297245.1	GCA_014297245.1	Blautia difficilis	2763027		M29					GCF_014297245.1-RS_2025_12_13	2025-12-13	3618389		106	Contig	2020-08-25	JACOQG01	106	42							3470	Blautia	98.34	1.2
ASM78737v1	GCF_000787375.1	GCA_000787375.1	Halalkalibacter okhensis	333138		Kh10-101					GCF_000787375.1-RS_2025_09_02	2025-09-02	4865284		98	Contig	2014-11-26	JRJU01	98	38							5006	Bacillaceae	99.03	3.16
ASM540481v1	GCF_005404815.1	GCA_005404815.1	Companilactobacillus huachuanensis	2559914		395-6.2					GCF_005404815.1-RS_2025_09_02	2025-09-02	3023058		69	Scaffold	2019-03-29	BJDF01	66	36.5							2701	Lactobacillaceae	99.13	2.4
ASM686167v1	GCF_006861675.1	GCA_006861675.1	Peptacetobacter hominis	2743610		ZHW00191					GCF_006861675.1-RS_2025_12_13	2025-12-13	2142024		34	Contig	2019-07-10	SGJB01	34	33							2048	Peptostreptococcaceae	97.35	
ASM5320352v1	GCF_053203525.1	GCA_053203525.1	Streptococcus rifensis	1451357		SS1947					GCF_053203525.1-RS_2025_11_18	2025-11-18	2164886		27	Contig	2025-10-25	JBRUCW01	27	42							2128	Streptococcus	99.14	1.15
ASM4268528v1	GCF_042685285.1	GCA_042685285.1	Piscibacillus salipiscarius	299480		TISTR 1571					GCF_042685285.1-RS_2025_11_20	2025-11-20	3009191		53	Contig	2024-10-07	JBHUMZ01	53	37							3232	Bacillaceae	98.17	0.75
ASM3043343v1	GCF_030433435.1	GCA_030433435.1	Polycladomyces subterraneus	1016997		KSR 13					GCF_030433435.1-RS_2025_07_13	2025-07-13	3361078		68	Scaffold	2023-07-11	JANRHH01	56	52							3364	Thermoactinomycetaceae	81.84	9.21
IMG-taxon 2615840608 annotated assembly	GCF_900094835.1	GCA_900094835.1	Weissella bombi	1505725		R-53094					GCF_900094835.1-RS_2025_04_22	2025-04-22	1820901		30	Scaffold	2016-08-04	FMAO01	29	37							1833	Weissella	97.95	0.15
ASM82124v2	GCF_000821245.2	GCA_000821245.2	Virgibacillus senegalensis	1499679		SK-1					GCF_000821245.2-RS_2025_12_09	2025-12-09	3924902		59	Scaffold	2014-09-29	CCXU01	9	43							3932	Bacillaceae	99.03	4.65
PRJEB23931	GCF_900343085.1	GCA_900343085.1	Aedoeadaptatus coli	2058292		Marseille-P3761					GCF_900343085.1-RS_2025_03_03	2025-03-03	1986843		38	Contig	2018-04-18	OPYI01	38	48.5							1915	Bacteria	96.55	
ASM830460v1	GCF_008304605.1	GCA_008304605.1	Oceanobacillus polygoni	1235259		SA9					GCF_008304605.1-RS_2025_05_04	2025-05-04	4536877		83	Scaffold	2019-09-06	PIJY01	60	38							4464	Oceanobacillus	78.17	21
ASM810763v1	GCF_008107635.1	GCA_008107635.1	Weissella muntiaci	2508881		8H-2					GCF_008107635.1-RS_2025_05_04	2025-05-04	2288705		41	Scaffold	2019-08-26	SDGZ01	35	40.5							2361	Weissella	97.53	3.76
ASM1464801v1	GCF_014648015.1	GCA_014648015.1	Butyricicoccus faecihominis	1712515		JCM 31056					GCF_014648015.1-RS_2025_12_11	2025-12-11	2995907		70	Scaffold	2020-09-11	BMQH01	39	54.5							2952	Clostridiales	98.25	0.88
ASM1690885v1	GCF_016908855.1	GCA_016908855.1	Scopulibacillus daqui	1469162		DSM 28236					GCF_016908855.1-RS_2025_03_28	2025-03-28	3201791		57	Contig	2021-02-19	JAFBER01	57	40							3330	Sporolactobacillaceae	83.08	20.5
Vagococcus bubulae SS1994T	GCF_003950315.1	GCA_003950315.1	Vagococcus bubulae	1977868		SS1994					GCF_003950315.1-RS_2025_03_28	2025-03-28	2499339		60	Contig	2018-12-17	NGJT01	60	33.5							2463	Enterococcaceae	96.77	2.04
ASM410274v1	GCF_004102745.1	GCA_004102745.1	Acetivibrio mesophilus	2487273		N2K1					GCF_004102745.1-RS_2025_12_11	2025-12-11	4044838		93	Contig	2019-01-22	RLII01	93	38							3509	Ruminococcaceae	98.76	1.09
ASM2090801v1	GCF_020908015.1	GCA_020908015.1	Clostridium aromativorans	2836848		WLY-B-L2					GCF_020908015.1-RS_2025_12_09	2025-12-09	3881051		74	Contig	2021-11-21	JAJJPB01	74	34							3803	Clostridium	99.38	1.52
ASM827421v1	GCF_008274215.1	GCA_008274215.1	Calorimonas adulescens	2606906		A05MB					GCF_008274215.1-RS_2025_03_29	2025-03-29	2595951		54	Contig	2019-09-04	VTPS01	54	40							2693	Thermoanaerobacteraceae	91.01	1.9
IMG-taxon 2634166332 annotated assembly	GCF_900110485.1	GCA_900110485.1	Propionispora vibrioides	112903		DSM 13305					GCF_900110485.1-RS_2025_08_07	2025-08-07	4433598		64	Scaffold	2016-10-31	FODY01	58	48							4202	Selenomonadales	99.88	1.92
PRIP_MIRA_assembly	GCF_000525995.1	GCA_000525995.1	Listeria riparia FSL S10-1204	1265816		FSL S10-1204					GCF_000525995.1-RS_2025_04_02	2025-04-02	3291042		69	Contig	2014-01-31	AODL01	69	41							3318	Listeria	76.04	11.95
ASM394639v1	GCF_003946395.1	GCA_003946395.1	Levilactobacillus fuyuanensis	2486022		244-4					GCF_003946395.1-RS_2025_11_23	2025-11-23	2718279		54	Contig	2018-12-14	RHNZ01	54	49							2537	Lactobacillaceae	99.02	
ASM394662v1	GCF_003946625.1	GCA_003946625.1	Companilactobacillus kedongensis	2486004		116-2					GCF_003946625.1-RS_2025_11_23	2025-11-23	2272157		37	Contig	2018-12-14	RHOR01	37	36							2235	Lactobacillaceae	98.85	1.35
ASM302467v1	GCF_003024675.1	GCA_003024675.1	Faecalibacillus faecis	1982628		SNUG30370					GCF_003024675.1-RS_2025_12_03	2025-12-03	2525977		57	Contig	2018-03-28	PYLP01	57	30							2722	Erysipelotrichales	98.38	0.31
ASM2068717v1	GCF_020687175.1	GCA_020687175.1	Veillonella fallax	2881272		CLA-AA-H247					GCF_020687175.1-RS_2025_08_08	2025-08-08	2076244		48	Contig	2021-10-31	JAJEQD01	48	38.5							1913	Veillonella	100	0.05
ASM2506075v1	GCF_025060755.1	GCA_025060755.1	Paenibacillus doosanensis	1229154		CAU 1055					GCF_025060755.1-RS_2025_09_22	2025-09-22	7655420		134	Contig	2022-09-07	JANYUY01	134	53.5							6769	Paenibacillus	99.33	0.83
ASM936281v1	GCF_009362815.1	GCA_009362815.1	Alkalibaculum sporogenes	2655001		M08 DMB					GCF_009362815.1-RS_2025_05_05	2025-05-05	3505994		93	Contig	2019-10-26	WHNX01	93	32.5							3416	Eubacteriaceae	100	3.57
ASM971882v1	GCF_009718825.1	GCA_009718825.1	Terrilactibacillus tamarindi	2599694		BCM23-1					GCF_009718825.1-RS_2025_12_11	2025-12-11	3249523		70	Contig	2019-11-27	WNHB01	70	37							3154	Bacillaceae	92.69	0.65
ASM77561v1	GCF_000775615.1	GCA_000775615.1	Pontibacillus litoralis JSM 072002	1385512		JSM 072002					GCF_000775615.1-RS_2025_12_13	2025-12-13	3204236		97	Contig	2014-11-12	AVPG01	97	38							3257	Pontibacillus	75.74	6.71
ASM32728v1	GCF_000327285.1	GCA_000327285.1	Holdemania massiliensis AP2	1211819		AP2					GCF_000327285.1-RS_2025_04_23	2025-04-23	3811476		66	Scaffold	2012-10-03	CALK01	17	47							3525	Erysipelotrichaceae	100	1.57
ASM1990413v1	GCF_019904135.1	GCA_019904135.1	Paenibacillus caui	2873927		81-11					GCF_019904135.1-RS_2025_03_23	2025-03-23	4448555		83	Contig	2021-09-08	JAIOGQ01	83	50							4326	Paenibacillus	99.66	1.22
IMG-taxon 2634166323 annotated assembly	GCF_900111355.1	GCA_900111355.1	Isobaculum melis	142588		DSM 13760					GCF_900111355.1-RS_2025_05_03	2025-05-03	2821134		47	Scaffold	2016-10-31	FOHA01	44	35							2780	Carnobacteriaceae	97.29	9.26
ASM1839073v1	GCF_018390735.1	GCA_018390735.1	Fusibacter paucivorans	76009		DSM 12116					GCF_018390735.1-RS_2025_05_06	2025-05-06	4429959		98	Scaffold	2021-05-17	JAHBCL01	96	42							3924	Clostridiales	99.12	1.32
ASM4009647v1	GCF_040096475.1	GCA_040096475.1	Faecalibacterium faecis	3133157		CLA-JM-H7-B					GCF_040096475.1-RS_2025_07_07	2025-07-07	2708385		65	Contig	2024-06-07	JBBMEP01	65	56							2634	Faecalibacterium	92.63	1.51
ASM3624622v1	GCF_036246225.1	GCA_036246225.1	Lacticaseibacillus salsurivasis	3081441		74-4					GCF_036246225.1-RS_2025_07_14	2025-07-14	2611712		46	Scaffold	2023-10-26	BTTP01	45	53							2583	Lactobacillaceae	99.35	0.84
ASM394657v1	GCF_003946575.1	GCA_003946575.1	Companilactobacillus jidongensis	2486006		204-8					GCF_003946575.1-RS_2025_11_23	2025-11-23	2707861		41	Contig	2018-12-14	RHOP01	41	36.5							2718	Lactobacillaceae	99.13	0.22
Limosilactobacillus_sp_nov2_DSM106037	GCF_943193105.1	GCA_943193105.1	Limosilactobacillus agrestimuris	2941331		DSM 106037					GCF_943193105.1-RS_2025_04_01	2025-04-01	1873876		25	Contig	2022-06-10	CALPCW01	25	39.5							1883	Lactobacillaceae	99.35	0.65
ASM139967v1	GCF_001399675.1	GCA_001399675.1	Alicyclobacillus ferrooxydans	471514		TC-34					GCF_001399675.1-RS_2025_05_02	2025-05-02	5044184		109	Contig	2015-10-19	LJCO01	109	51.5							4794	Alicyclobacillus	95.67	6.86
ASM1690901v1	GCF_016909015.1	GCA_016909015.1	Gracilibacillus alcaliphilus	1401441		DSM 102988					GCF_016909015.1-RS_2025_03_28	2025-03-28	5175195		84	Contig	2021-02-19	JAFBFA01	84	39							4859	Bacillaceae	98.66	1.24
ASM1413838v1	GCF_014138385.1	GCA_014138385.1	Fontibacillus solani	1572857		CECT 8693					GCF_014138385.1-RS_2025_09_29	2025-09-29	5539036		94	Scaffold	2020-08-10	JACJIP01	90	42.5							5293	Paenibacillaceae	99.73	2.8
ASM4531079v1	GCF_045310795.1	GCA_045310795.1	Candidatus Clostridium helianthi	3381660					WILCCON 0112		GCF_045310795.1-RS_2025_04_14	2025-04-14	6059073		284	Scaffold	2024-11-25	JBJIAB01	282	30							5539	Clostridium	99.38	0.62
ASM1428093v1	GCF_014280935.1	GCA_014280935.1	Aquibacillus kalidii	2762597		HU2P27					GCF_014280935.1-RS_2025_12_11	2025-12-11	4255198		66	Contig	2020-08-24	JACLZI01	66	36							4255	Bacillaceae	99.35	1.17
Eubacteriales_fam_nov_CLA_AA_M10	GCF_943193005.1	GCA_943193005.1	Pumilibacter intestinalis	2941511		CLA-AA-M10					GCF_943193005.1-RS_2025_03_29	2025-03-29	2344908		50	Contig	2022-06-10	CALPCH01	50	49.5							2111	Clostridiales	95.61	
IMG-taxon 2634166358 annotated assembly	GCF_900111985.1	GCA_900111985.1	Clostridium frigidicarnis	84698		DSM 12271					GCF_900111985.1-RS_2025_04_12	2025-04-12	4337414		114	Scaffold	2016-11-02	FOKI01	112	28.5							3985	Clostridium	99.38	0.62
ASM3953880v1	GCF_039538805.1	GCA_039538805.1	Salinicoccus jeotgali	381634		JCM 16981					GCF_039538805.1-RS_2025_05_10	2025-05-10	2306459		70	Contig	2024-02-23	BAABCK01	70	44.5							2407	Salinicoccus	69.2	5.8
IMG-taxon 2606217760 annotated assembly	GCF_900111595.1	GCA_900111595.1	[Clostridium] polysaccharolyticum	29364		DSM 1801					GCF_900111595.1-RS_2025_12_13	2025-12-13	3458343		60	Scaffold	2016-10-31	FOHN01	54	36.5							3103	Lachnospiraceae	98.75	2.34
ASM5102082v1	GCF_051020825.1	GCA_051020825.1	Moorella naiadis (nom. illeg.)	3093670		AZ13.I					GCF_051020825.1-RS_2025_07_13	2025-07-13	3469497		80	Contig	2025-06-23	JAXGFQ01	80	55.5							3474	Moorella	86.62	20.65
ASM1787439v1	GCF_017874395.1	GCA_017874395.1	Peptoniphilus stercorisuis	1436965		DSM 27563					GCF_017874395.1-RS_2025_04_30	2025-04-30	1795400		35	Contig	2021-04-08	JAGGLJ01	35	28							1787	Peptoniphilus	94.7	6.45
ASM4243282v1	GCF_042432825.1	GCA_042432825.1	Paenibacillus chartarius	747481		CCM 7759					GCF_042432825.1-RS_2025_09_29	2025-09-29	6852137		143	Scaffold	2024-09-28	JBHLWN01	142	54							6131	Paenibacillus	99.72	1.35
ASM2861070v1	GCF_028610705.1	GCA_028610705.1	Halalkalibacter alkalisediminis	935616		DSM 21670					GCF_028610705.1-RS_2025_03_24	2025-03-24	5287523		162	Scaffold	2023-02-13	JAQQWT01	144	38							5295	Bacillaceae	99.35	1.99
ASM4009620v1	GCF_040096205.1	GCA_040096205.1	Solibaculum intestinale	3133165		CLA-JM-H44					GCF_040096205.1-RS_2025_07_07	2025-07-07	2808005		71	Contig	2024-06-07	JBBMFD01	71	54.5							2728	Ruminococcaceae	98.14	0.93
ASM3954103v1	GCF_039541035.1	GCA_039541035.1	Anaerocolumna aminovalerica	1527		JCM 1421					GCF_039541035.1-RS_2025_05_10	2025-05-10	4630141		102	Scaffold	2024-02-23	BAABFM01	85	35							4095	Lachnospiraceae	98.85	2.59
JJ-79	GCF_917563885.1	GCA_917563885.1	Pseudoneobacillus rhizosphaerae	2880968		CIP 111885					GCF_917563885.1-RS_2025_07_08	2025-07-08	4674004		85	Scaffold	2021-11-13	CAKJTG01	72	36.5							4648	Bacillaceae	97.69	1.38
ASM2081955v1	GCF_020819555.1	GCA_020819555.1	Pelosinus baikalensis	2892015		Bkl1					GCF_020819555.1-RS_2025_08_08	2025-08-08	5323910		162	Scaffold	2021-11-09	JAJHJB01	159	39							5191	Pelosinus	83.88	15.77
ASM198471v1	GCF_001984715.1	GCA_001984715.1	Streptococcus azizii	1579424		12-5202					GCF_001984715.1-RS_2025_04_22	2025-04-22	2340839		47	Contig	2017-02-04	MSPR01	47	43							2070	Streptococcus	99.61	0.19
ASM103848v1	GCF_001038485.1	GCA_001038485.1	Ornithinibacillus californiensis	161536		DSM 16628					GCF_001038485.1-RS_2025_12_11	2025-12-11	3979837		70	Contig	2015-06-23	LDUE01	70	37							4117	Bacillaceae	99.19	0.66
ASM2556721v1	GCF_025567215.1	GCA_025567215.1	Huintestinicola butyrica	2981728		Sanger_06					GCF_025567215.1-RS_2025_11_22	2025-11-22	3013746		51	Scaffold	2022-10-04	JAOQKB01	31	46.5							2935	Ruminococcaceae	99.38	0.62
ASM1547200v1	GCF_015472005.1	GCA_015472005.1	Insulibacter thermoxylanivorax	2749268		DA-C8					GCF_015472005.1-RS_2025_08_26	2025-08-26	3110565		69	Contig	2020-10-29	BMAQ01	69	52.5							2902	Paenibacillaceae	92.35	0.63
ASM456423v1	GCF_004564235.1	GCA_004564235.1	Cohnella luojiensis	652876		CCTCC AB 208254					GCF_004564235.1-RS_2025_03_28	2025-03-28	5049922		115	Contig	2019-03-26	SOMN01	115	50							4859	Cohnella	93.99	9.78
ASM3081379v1	GCF_030813795.1	GCA_030813795.1	Desulfofundulus luciae	74702		DSM 12396					GCF_030813795.1-RS_2025_12_10	2025-12-10	2950216		74	Contig	2023-08-18	JAUSUX01	74	55							2967	Peptococcaceae	99.84	
ASM2044370v1	GCF_020443705.1	GCA_020443705.1	Clostridium algoriphilum	198347		DSM 16153					GCF_020443705.1-RS_2025_11_23	2025-11-23	4520579		140	Contig	2021-10-13	JAIZZK01	140	30.5							4509	Clostridium	99.69	2.28
ASM434570v1	GCF_004345705.1	GCA_004345705.1	Marinisporobacter balticus	2018667		DSM 102940					GCF_004345705.1-RS_2025_12_13	2025-12-13	3865388		74	Contig	2019-03-11	SLWV01	74	32.5							3782	Clostridia	99.09	0.45
ASM4009651v1	GCF_040096515.1	GCA_040096515.1	Faecalibacterium tardum	3133156		CLA-AA-H175					GCF_040096515.1-RS_2025_07_07	2025-07-07	3030794		111	Contig	2024-06-07	JBBMEO01	111	56.5							3021	Faecalibacterium	93.84	5.74
ASM3624618v1	GCF_036246185.1	GCA_036246185.1	Lactiplantibacillus paraxiangfangensis	3076224		231-9					GCF_036246185.1-RS_2025_04_02	2025-04-02	3111438		62	Scaffold	2023-09-29	BTPW01	60	45							3050	Lactobacillaceae	99.02	1.31
ASM1464055v1	GCF_014640555.1	GCA_014640555.1	Paenibacillus marchantiophytorum	1619310		CGMCC 1.15043					GCF_014640555.1-RS_2025_09_02	2025-09-02	8254172		181	Scaffold	2020-09-12	BMHE01	161	46							7358	Paenibacillus	99.17	0.56
ASM1465654v1	GCF_014656545.1	GCA_014656545.1	Neobacillus kokaensis	2759023		LOB 377					GCF_014656545.1-RS_2025_08_15	2025-08-15	5566012		129	Scaffold	2020-09-15	BNDS01	86	39.5							5271	Bacillaceae	99.35	1.77
IMG-taxon 2599185233 annotated assembly	GCF_900102435.1	GCA_900102435.1	Sporolituus thermophilus DSM 23256	1123285		DSM 23256					GCF_900102435.1-RS_2025_05_03	2025-05-03	2861023		51	Scaffold	2016-10-21	FNBU01	49	52.5							2956	Selenomonadales	98.65	1.7
ASM3433508v1	GCF_034335085.1	GCA_034335085.1	Acutalibacter caecimuris	3093657		M00118					GCF_034335085.1-RS_2025_07_21	2025-07-21	3476835		101	Contig	2023-12-13	JAWXXJ01	101	56.5							3488	Clostridiales	98.25	
ASM540512v1	GCF_005405125.1	GCA_005405125.1	Lactiplantibacillus songbeiensis	2559920		398-2					GCF_005405125.1-RS_2025_04_07	2025-04-07	3030001		50	Contig	2019-03-29	BJDL01	50	44.5							2806	Lactobacillaceae	99.02	2.04
ASM436415v1	GCF_004364155.1	GCA_004364155.1	Fonticella tunisiensis	1096341		DSM 24455					GCF_004364155.1-RS_2025_04_13	2025-04-13	3103119		66	Scaffold	2019-03-22	SOAZ01	64	37							3098	Clostridiaceae	98.17	5.04
ASM143675v1	GCF_001436755.1	GCA_001436755.1	Liquorilactobacillus aquaticus DSM 21051	1423725		DSM 21051					GCF_001436755.1-RS_2025_03_28	2025-03-28	2407726		52	Scaffold	2015-11-06	AYZD01	36	37.5							2294	Lactobacillaceae	98.8	0.33
ASM161814v1	GCF_001618145.1	GCA_001618145.1	Oceanobacillus damuensis	937928		PT-20					GCF_001618145.1-RS_2025_12_09	2025-12-09	4118836		79	Scaffold	2016-04-08	LQNF01	73	39.5							4013	Oceanobacillus	70.83	18.61
IMG-taxon 2599185223 annotated assembly	GCF_900101495.1	GCA_900101495.1	Alkaliphilus peptidifermentans DSM 18978	1120976		DSM 18978					GCF_900101495.1-RS_2025_12_13	2025-12-13	4459788		78	Scaffold	2016-10-17	FMUS01	73	34							4339	Alkaliphilus	89.01	23.66
ASM1759932v1	GCF_017599325.1	GCA_017599325.1	Marinilactibacillus kalidii	2820274		M4U5P12					GCF_017599325.1-RS_2025_04_22	2025-04-22	2618466		55	Contig	2021-03-28	JAGFVM01	55	37.5							2541	Carnobacteriaceae	96.95	3.81
ASM371093v1	GCF_003710935.1	GCA_003710935.1	Brevibacillus gelatini	1655277		DSM 100115					GCF_003710935.1-RS_2025_05_04	2025-05-04	4637568		91	Contig	2018-11-04	RHHS01	91	52							4634	Brevibacillus	87.88	5.12
ASM3666357v1	GCF_036663575.1	GCA_036663575.1	Halalkalibacter flavus	3090668		HR 1-10					GCF_036663575.1-RS_2025_06_02	2025-06-02	5127176		467	Contig	2024-02-16	JAWRVK01	467	38							5209	Bacillaceae	99.35	2.27
ASM1464661v1	GCF_014646615.1	GCA_014646615.1	Anoxybacteroides voinovskiense	230470		JCM 12111					GCF_014646615.1-RS_2024_12_29	2024-12-29	3243940		84	Contig	2020-09-12	BMNP01	84	44							3524	Anoxybacillus	97.14	2.79
ASM4265640v1	GCF_042656405.1	GCA_042656405.1	Paenibacillus solisilvae	2486751		CGMCC 1.16619					GCF_042656405.1-RS_2025_03_02	2025-03-02	6960720		166	Scaffold	2024-10-06	JBHSOW01	155	48.5							6632	Paenibacillus	97.86	1.36
ASM300327v1	GCF_003003275.1	GCA_003003275.1	Alkalibacterium olivapovliticus	99907		DSM 13175					GCF_003003275.1-RS_2025_05_03	2025-05-03	2826533		81	Scaffold	2018-03-15	PVTO01	80	40							2755	Carnobacteriaceae	98.05	4.16
ASM4916669v1	GCF_049166695.1	GCA_049166695.1	Apilactobacillus intestinapis	3411035		1-1-2					GCF_049166695.1-RS_2025_03_30	2025-03-30	1596221		38	Contig	2025-03-29	JBMHFD01	38	37							1547	Lactobacillaceae	97.88	1.96
IMG-taxon 2585428150 annotated assembly	GCF_900142005.1	GCA_900142005.1	Dethiosulfatibacter aminovorans DSM 17477	1121476		DSM 17477					GCF_900142005.1-RS_2025_05_03	2025-05-03	4034121		83	Scaffold	2016-12-03	FQZL01	81	40							3676	Bacteria	98.28	2.59
JJ-3	GCF_937468385.1	GCA_937468385.1	Neobacillus rhizosphaerae	2880965		CIP 111895					GCF_937468385.1-RS_2025_11_27	2025-11-27	5049395		82	Scaffold	2022-05-02	CALBWS01	80	38.5							4970	Bacillaceae	99.35	0.47
ASM143455v1	GCF_001434555.1	GCA_001434555.1	Amylolactobacillus amylotrophicus DSM 20534	1423722		DSM 20534					GCF_001434555.1-RS_2025_03_29	2025-03-29	1548566		31	Scaffold	2015-11-06	AZCV01	21	43.5							1618	Lactobacillaceae	98.04	1.39
JJ-125	GCF_917563925.1	GCA_917563925.1	Sutcliffiella rhizosphaerae	2880967		CIP 111883					GCF_917563925.1-RS_2025_11_23	2025-11-23	4516360		103	Scaffold	2021-11-13	CAKJTJ01	96	37.5							4677	Bacillaceae	98.9	1.42
ASM143637v1	GCF_001436375.1	GCA_001436375.1	Agrilactobacillus composti DSM 18527 = JCM 14202	1423734		DSM 18527					GCF_001436375.1-RS_2025_03_28	2025-03-28	3467402		114	Scaffold	2015-11-06	AZGA01	88	44							3395	Lactobacillaceae	98.53	2.72
ASM362844v1	GCF_003628445.1	GCA_003628445.1	Oceanobacillus bengalensis	1435466		MCCC 1K00260					GCF_003628445.1-RS_2025_05_04	2025-05-04	4041242		86	Scaffold	2018-10-11	RBZO01	83	36.5							4011	Oceanobacillus	65.54	19.77
ASM394617v1	GCF_003946175.1	GCA_003946175.1	Lacticaseibacillus suibinensis	2486011		247-3					GCF_003946175.1-RS_2025_11_23	2025-11-23	2560295		55	Contig	2018-12-14	RHOK01	55	53							2593	Lactobacillaceae	99.13	0.76
ASM2556746v1	GCF_025567465.1	GCA_025567465.1	Roseburia amylophila	2981794		Sanger_19					GCF_025567465.1-RS_2025_02_28	2025-02-28	2871164		53	Scaffold	2022-10-04	JAOQKI01	41	41							2766	Roseburia	80.65	8.89
PRJEB14233	GCF_900106845.1	GCA_900106845.1	Romboutsia timonensis	1776391		Marseille-P326					GCF_900106845.1-RS_2025_12_13	2025-12-13	3112481		61	Scaffold	2016-10-27	FNMT01	21	27							3062	Peptostreptococcaceae	99.34	1.32
ASM1428781v1	GCF_014287815.1	GCA_014287815.1	Clostridium lentum	2763037		NSJ-42					GCF_014287815.1-RS_2025_07_15	2025-07-15	2691116		56	Contig	2020-08-24	JACOOQ01	56	29							2642	Clostridium	98.14	1.09
ASM3397188v1	GCF_033971885.1	GCA_033971885.1	Absicoccus intestinalis	2926319		Cla-KB-P134					GCF_033971885.1-RS_2025_08_18	2025-08-18	2205824		34	Contig	2023-11-28	JALBUS01	34	39.5							2329	Erysipelotrichaceae	97.2	3.58
ASM778644v1	GCF_007786445.1	GCA_007786445.1	Paenibacillus cremeus	2163881		JC52					GCF_007786445.1-RS_2025_11_20	2025-11-20	7564172		149	Scaffold	2019-07-31	VNJI01	146	50.5							7216	Paenibacillus	99.17	0.65
IMG-taxon 2602042027 annotated assembly	GCF_900115975.1	GCA_900115975.1	Desulfoscipio geothermicus DSM 3669	1121426		DSM 3669					GCF_900115975.1-RS_2025_05_03	2025-05-03	3652244		86	Scaffold	2016-11-02	FOYM01	83	50							3828	Clostridiales	99.12	1.75
ASM4531051v1	GCF_045310515.1	GCA_045310515.1	Candidatus Clostridium eludens	3381663		WILCCON 0269					GCF_045310515.1-RS_2025_04_14	2025-04-14	5093834		248	Scaffold	2024-11-25	JBJHZX01	243	31							5193	Clostridium	98.14	1.14
ASM143440v1	GCF_001434405.1	GCA_001434405.1	Ligilactobacillus apodemi DSM 16634 = JCM 16172	1423724		DSM 16634					GCF_001434405.1-RS_2025_03_29	2025-03-29	2091181		66	Scaffold	2015-11-06	AZFT01	54	38.5							2116	Lactobacillaceae	99.14	0.33
ASM174242v1	GCF_001742425.1	GCA_001742425.1	Bacillus solimangrovi	1305675		GH2-4					GCF_001742425.1-RS_2025_05_02	2025-05-02	3844017		65	Scaffold	2016-09-23	MJEH01	64	35							3777	Bacillus	97.35	1.06
ASM1690893v1	GCF_016908935.1	GCA_016908935.1	Sporolactobacillus spathodeae	1465502		DSM 100968					GCF_016908935.1-RS_2025_03_28	2025-03-28	2904432		54	Contig	2021-02-19	JAFBEV01	54	45							2677	Sporolactobacillaceae	85.03	6.3
ASM194056v1	GCF_001940565.1	GCA_001940565.1	Tissierella creatinophila DSM 6911	1123403		DSM 6911					GCF_001940565.1-RS_2025_12_13	2025-12-13	2530461		66	Contig	2017-01-09	LTDM01	66	30.5							2617	Bacteria	98.28	3.45
ASM1463925v1	GCF_014639255.1	GCA_014639255.1	Pullulanibacillus pueri	1437324		CGMCC 1.12777					GCF_014639255.1-RS_2025_09_02	2025-09-02	4558844		83	Contig	2020-09-12	BMFV01	83	40.5							4342	Sporolactobacillaceae	89.38	35.5
ASM2958923v1	GCF_029589235.1	GCA_029589235.1	Streptococcus taoyuanensis	3036443		ST2					GCF_029589235.1-RS_2025_08_20	2025-08-20	2155906		25	Contig	2023-04-04	JARQVW01	25	42							2071	Streptococcus	99.52	0.19
ASM4009622v1	GCF_040096225.1	GCA_040096225.1	Hominiventricola aquisgranensis	3133164		CLA-AA-H78B					GCF_040096225.1-RS_2025_07_07	2025-07-07	3174899		79	Contig	2024-06-07	JBBMFC01	79	45							3177	Lachnospiraceae	98.54	0.62
ASM1559484v1	GCF_015594845.1	GCA_015594845.1	Alkalibacter mobilis	2787712		M17 DMB					GCF_015594845.1-RS_2025_12_13	2025-12-13	2516963		72	Contig	2020-11-18	JADNRK01	72	39							2503	Eubacteriaceae	99.29	2.86
ASM2953315v1	GCF_029533155.1	GCA_029533155.1	Psychrobacillus antarcticus	2879115		Val9					GCF_029533155.1-RS_2025_04_07	2025-04-07	3986526		87	Contig	2023-03-31	JAIZDB01	87	36.5							4011	Bacillaceae	99.14	1.94
ASM2556701v1	GCF_025567015.1	GCA_025567015.1	Waltera acetigignens	2981769		f_CXY					GCF_025567015.1-RS_2025_05_12	2025-05-12	4097696		96	Scaffold	2022-10-04	JAOQJO01	55	46							3880	Lachnospiraceae	98.75	
ASM4122441v1	GCF_041224415.1	GCA_041224415.1	Clostridium lapidicellarium	3240931		MT-113					GCF_041224415.1-RS_2025_08_13	2025-08-13	3205222		69	Contig	2024-08-12	JBGFFE01	69	36							3167	Clostridium	99.38	
ASM435954v1	GCF_004359545.1	GCA_004359545.1	Macrococcus lamae	198484		CCM4815					GCF_004359545.1-RS_2025_04_19	2025-04-19	2043275		73	Contig	2019-03-21	SCWB01	73	40.5							2207	Staphylococcaceae	93.44	2.02
ASM1314171v1	GCF_013141715.1	GCA_013141715.1	Paenibacillus phytorum	2654977		LMG 31458					GCF_013141715.1-RS_2025_09_29	2025-09-29	8805683		264	Contig	2020-05-22	WHOA01	264	44.5							8006	Paenibacillus	99.72	0.62
ASM1690863v1	GCF_016908635.1	GCA_016908635.1	Sporohalobacter salinus	1494606		DSM 26781					GCF_016908635.1-RS_2025_03_28	2025-03-28	2677633		54	Contig	2021-02-19	JAFBEG01	54	32.5							2698	Halobacteroidaceae	98.37	5.6
ASM2994808v1	GCF_029948085.1	GCA_029948085.1	Streptococcus taonis	3041623		ST22-14					GCF_029948085.1-RS_2025_05_03	2025-05-03	2053261		49	Scaffold	2023-05-03	JARZZP01	42	39.5							1962	Streptococcus	99.94	
ASM94316984v1	GCF_943169845.1	GCA_943169845.1	Peptoniphilus rachelemmaiella	2811779		EMRHCC_23					GCF_943169845.1-RS_2025_06_16	2025-06-16	1911878		42	Scaffold	2022-06-10	CALPBW01	41	49							1919	Peptoniphilus	94.76	4.56
ASM2556760v1	GCF_025567605.1	GCA_025567605.1	Oscillibacter acetigenes	2981792		H4_59					GCF_025567605.1-RS_2025_11_22	2025-11-22	3346315		64	Scaffold	2022-10-04	JAOQKG01	13	59.5							3302	Ruminococcaceae	97.52	1.55
ASM155986v1	GCF_001559865.1	GCA_001559865.1	Abyssisolibacter fermentans	1766203		MCWD3					GCF_001559865.1-RS_2025_03_28	2025-03-28	4786356		122	Contig	2016-02-11	LOHE01	122	29							4293	Clostridiaceae	99.17	8.61
ASM1438499v1	GCF_014384995.1	GCA_014384995.1	Zhenhengia yiwuensis	2763666		NSJ-12					GCF_014384995.1-RS_2025_12_13	2025-12-13	3949687		143	Contig	2020-09-01	JACRSY01	143	34.5							4121	Lachnospiraceae	98.75	6.81
ASM1787431v1	GCF_017874315.1	GCA_017874315.1	Symbiobacterium terraclitae	557451		DSM 27138					GCF_017874315.1-RS_2025_04_30	2025-04-30	3897060		71	Contig	2021-04-08	JAGGLG01	71	69							3649	Clostridiales	96.49	3.54
ASM94945v1	GCF_000949455.1	GCA_000949455.1	Ruthenibacterium lactatiformans	1550024		585-1					GCF_000949455.1-RS_2025_03_30	2025-03-30	4111078		108	Contig	2015-03-10	JXXK01	108	56.5							4034	Ruminococcaceae	98.14	
ASM1438488v1	GCF_014384885.1	GCA_014384885.1	Ligaoa zhengdingensis	2763658		NSJ-31					GCF_014384885.1-RS_2025_05_22	2025-05-22	2951177		113	Contig	2020-09-01	JACRST01	113	57							2807	Ruminococcaceae	99.38	0.62
ASM969646v1	GCF_009696465.1	GCA_009696465.1	Inconstantimicrobium porci	2652291		WCA-383-APC-5B					GCF_009696465.1-RS_2025_12_11	2025-12-11	3206647		74	Contig	2019-11-22	VULX01	74	31.5							3250	Clostridiaceae	96.91	7.86
ASM225083v2	GCF_002250835.2	GCA_002250835.2	Romboutsia weinsteinii	2020949		CCRI-19649					GCF_002250835.2-RS_2025_12_13	2025-12-13	4177877		163	Contig	2018-08-11	NOJY02	163	29.5							4141	Peptostreptococcaceae	98.01	2.21
ASM394620v1	GCF_003946205.1	GCA_003946205.1	Companilactobacillus keshanensis	2486003		33-7					GCF_003946205.1-RS_2025_11_23	2025-11-23	2301243		49	Contig	2018-12-14	RHOS01	49	35.5							2289	Lactobacillaceae	98.85	1.35
ASM304406v1	GCF_003044065.1	GCA_003044065.1	Alkalicoccus saliphilus	200989		6AG					GCF_003044065.1-RS_2025_05_03	2025-05-03	3525217		71	Scaffold	2018-04-06	PZJJ01	70	45.5							3420	Bacillaceae	95.38	0.38
ASM4243296v1	GCF_042432965.1	GCA_042432965.1	Paracerasibacillus soli	480284		CCM 7714					GCF_042432965.1-RS_2025_09_29	2025-09-29	3746265		94	Scaffold	2024-09-28	JBHLWL01	67	36							3630	Bacillaceae	97.73	1.29
ASM2283647v1	GCF_022836475.1	GCA_022836475.1	Ligilactobacillus pabuli	2886039		AF129					GCF_022836475.1-RS_2025_09_09	2025-09-09	2348930		90	Scaffold	2022-03-15	BQXH01	81	41.5							2249	Lactobacillaceae	98.31	0.22
ASM434303v1	GCF_004343035.1	GCA_004343035.1	Longibaculum muris	1796628		DSM 29487					GCF_004343035.1-RS_2025_11_22	2025-11-22	3167958		57	Scaffold	2019-03-11	SMCQ01	56	31							3237	Erysipelotrichales	100	0.31
ASM1498278v1	GCF_014982785.1	GCA_014982785.1	Ructibacterium gallinarum	2779355		DSM 107454					GCF_014982785.1-RS_2025_11_23	2025-11-23	3008341		76	Contig	2020-10-25	JADCKB01	76	43.5							2569	Ruminococcaceae	95.86	0.62
ASM272405v1	GCF_002724055.1	GCA_002724055.1	Tepidibacter mesophilus	655607		JCM 16806					GCF_002724055.1-RS_2025_12_13	2025-12-13	3310272		110	Contig	2017-10-24	BDQY01	110	29							3316	Peptostreptococcaceae	98.01	0.79
IMG-taxon 2675903229 annotated assembly	GCF_900112485.1	GCA_900112485.1	Clostridium uliginosum	119641		DSM 12992					GCF_900112485.1-RS_2025_04_12	2025-04-12	4080971		81	Scaffold	2016-11-02	FOMG01	78	28							3619	Clostridium	98.76	0.62
ASM2416018v1	GCF_024160185.1	GCA_024160185.1	Ohessyouella blattaphilus	2949333		PAL227					GCF_024160185.1-RS_2025_02_27	2025-02-27	3250480		88	Contig	2022-07-05	JAMZFV01	88	43.5							3101	Lachnospiraceae	98.12	1.25
ASM2556748v1	GCF_025567485.1	GCA_025567485.1	Porcipelethomonas ammoniilytica	2981722		Sanger_90					GCF_025567485.1-RS_2025_11_22	2025-11-22	2657141		158	Scaffold	2022-10-04	JAOQKH01	129	37							2737	Ruminococcaceae	99.38	
ASM143707v1	GCF_001437075.1	GCA_001437075.1	Pediococcus stilesii	331679		DSM 18001					GCF_001437075.1-RS_2025_03_29	2025-03-29	1837953		47	Contig	2015-11-06	JQBX01	47	38							1874	Pediococcus	97.51	4.82
ASM290230v1	GCF_002902305.1	GCA_002902305.1	Staphylococcus argensis	1607738		DSM 29875					GCF_002902305.1-RS_2025_03_29	2025-03-29	2452468		55	Scaffold	2018-01-27	PPPX01	19	39							2378	Staphylococcus	98.17	1.19
ASM2556717v1	GCF_025567175.1	GCA_025567175.1	Faecalicatena acetigenes	2981790		H2_18					GCF_025567175.1-RS_2025_02_28	2025-02-28	2951124		47	Scaffold	2022-10-04	JAOQJX01	44	42.5							2884	Lachnospiraceae	99.38	0.36
ASM3528276v1	GCF_035282765.1	GCA_035282765.1	Ferviditalea candida	3108399		SYSU GA230002					GCF_035282765.1-RS_2025_08_24	2025-08-24	4231744		164	Contig	2024-01-09	JAYJLD01	164	50							4300	Paenibacillaceae	96.81	2.02
ASM71197v1	GCF_000711975.1	GCA_000711975.1	Desulfofalx alkaliphila DSM 12257	1121423		DSM 12257					GCF_000711975.1-RS_2025_03_27	2025-03-27	2622239		67	Scaffold	2014-06-25	JONT01	65	44							2768	Peptococcaceae	98.53	
ASM3702755v1	GCF_037027555.1	GCA_037027555.1	Halalkalibacter kiskunsagensis	1548599		DSM 29791					GCF_037027555.1-RS_2025_03_07	2025-03-07	5097180		98	Contig	2024-03-05	JAXBLX01	98	37.5							4908	Bacillaceae	99.35	3.53
ASM969576v1	GCF_009695765.1	GCA_009695765.1	Roseburia porci	2605790		MUC/MUC-530-WT-4D					GCF_009695765.1-RS_2025_12_13	2025-12-13	2982004		61	Contig	2019-11-22	VUNI01	61	41.5							2874	Roseburia	82.2	10.4
ASM299580v1	GCF_002995805.1	GCA_002995805.1	Neomoorella stamsii	1266720		DSM 26217					GCF_002995805.1-RS_2025_05_18	2025-05-18	3328173		82	Contig	2018-03-14	PVXL01	82	54							3408	Moorella	97.19	2.21
ASM1428733v1	GCF_014287335.1	GCA_014287335.1	Streptococcus hominis	2763067		NSJ-17					GCF_014287335.1-RS_2025_07_15	2025-07-15	1846156		44	Contig	2020-08-24	JACOOM01	44	39							1872	Streptococcus	99.78	0.1
FF4	GCF_000612665.1	GCA_000612665.1	Neobacillus dielmonensis	1347369		FF4					GCF_000612665.1-RS_2025_11_26	2025-11-26	4566707		94	Scaffold	2014-03-12	CCAD01	75	41							4468	Bacillaceae	99.19	1.37
ASM126341v1	GCF_001263415.1	GCA_001263415.1	Thermincola ferriacetica	281456		Z-0001					GCF_001263415.1-RS_2025_05_13	2025-05-13	3178727		79	Scaffold	2015-08-10	LGTE01	78	45.5							3219	Clostridiales	99.12	0.88
ASM755942v1	GCF_007559425.1	GCA_007559425.1	Allobacillus salarius	1955272		SKP4-8					GCF_007559425.1-RS_2025_05_04	2025-05-04	2595246		117	Scaffold	2019-07-28	VMHE01	102	39							2714	Bacillaceae	96.24	1.29
ASM400098v1	GCF_004000985.1	GCA_004000985.1	Paenibacillus validus NBRC 15382	1349783		NBRC 15382					GCF_004000985.1-RS_2025_04_21	2025-04-21	5535087		134	Contig	2018-12-29	BIMH01	134	52							5391	Paenibacillus	99.72	0.94
ASM2471852v1	GCF_024718525.1	GCA_024718525.1	Levilactobacillus yiduensis	2953880		HBUAS62285					GCF_024718525.1-RS_2025_09_04	2025-09-04	3024528		74	Scaffold	2022-08-19	JAMXAZ01	72	50.5							2866	Lactobacillaceae	99.35	0.08
ASM394609v1	GCF_003946095.1	GCA_003946095.1	Levilactobacillus lindianensis	2486018		220-4					GCF_003946095.1-RS_2025_11_23	2025-11-23	2331658		67	Contig	2018-12-14	RHOD01	67	49							2277	Lactobacillaceae	99.29	
ASM2068694v1	GCF_020686945.1	GCA_020686945.1	Fusicatenibacter faecihominis	2881276		CLA-AA-H277					GCF_020686945.1-RS_2025_12_13	2025-12-13	3901120		104	Contig	2021-10-31	JAJEPR01	104	48.5							3636	Lachnospiraceae	99.38	
ASM1787339v1	GCF_017873395.1	GCA_017873395.1	Youngiibacter multivorans	937251		DSM 6139					GCF_017873395.1-RS_2025_04_29	2025-04-29	3670578		77	Contig	2021-04-08	JAGGKC01	77	45							3521	Clostridiaceae	91.57	5.66
ASM143870v1	GCF_001438705.1	GCA_001438705.1	Weissella kandleri	1616		DSM 20593					GCF_001438705.1-RS_2025_03_28	2025-03-28	1334438		36	Scaffold	2015-11-06	JQBP01	21	39.5							1314	Weissella	97.53	0.07
ASM1483633v1	GCF_014836335.1	GCA_014836335.1	Clostridium cibarium	2762247		Sa3CVN1					GCF_014836335.1-RS_2025_04_15	2025-04-15	4256035		81	Scaffold	2020-09-30	JACSRA01	76	30							3909	Clostridium	98.76	0.8
ASM4267810v1	GCF_042678105.1	GCA_042678105.1	Alicyclobacillus fodiniaquatilis	1661150		CGMCC 1.15049					GCF_042678105.1-RS_2025_03_02	2025-03-02	5486875		151	Scaffold	2024-10-06	JBHUCX01	102	49.5							5357	Alicyclobacillus	97.31	12.47
ASM314431v1	GCF_003144315.1	GCA_003144315.1	Sulfoacidibacillus thermotolerans	1765684		Y002					GCF_003144315.1-RS_2025_05_04	2025-05-04	2873735		135	Contig	2018-05-21	MPDK01	135	46							2993	Alicyclobacillaceae	93.73	1.36
ASM4243378v1	GCF_042433785.1	GCA_042433785.1	Robertmurraya beringensis	641660		CGMCC 1.9126					GCF_042433785.1-RS_2025_09_29	2025-09-29	4815302		128	Contig	2024-09-28	JBHLUU01	128	38							4956	Bacillaceae	99.35	1.61
IMG-taxon 2582580748 annotated assembly	GCF_900129195.1	GCA_900129195.1	Desulforamulus putei DSM 12395	1121429		DSM 12395					GCF_900129195.1-RS_2025_03_27	2025-03-27	3116019		66	Scaffold	2016-12-03	FQUY01	65	49							3198	Peptococcaceae	99.46	0.87
ASM434290v1	GCF_004342905.1	GCA_004342905.1	Melghiribacillus thermohalophilus	1324956		DSM 25894					GCF_004342905.1-RS_2025_04_17	2025-04-17	3015078		47	Scaffold	2019-03-11	SMAN01	46	42							3074	Bacillaceae	97.74	0.65
ASM1732960v1	GCF_017329605.1	GCA_017329605.1	Alicyclobacillus fructus	2816082		FSL-W10-0059					GCF_017329605.1-RS_2025_12_11	2025-12-11	2925048		137	Contig	2021-03-11	JAFMTY01	137	62							2942	Alicyclobacillus	99.43	0.89
ASM2556726v1	GCF_025567265.1	GCA_025567265.1	Dorea amylophila	2981789		H5_25					GCF_025567265.1-RS_2025_02_28	2025-02-28	3411049		59	Scaffold	2022-10-04	JAOQJW01	48	41.5							3295	Dorea	97.62	2.57
IMG-taxon 2642422543 annotated assembly	GCF_900107125.1	GCA_900107125.1	Eubacterium barkeri	1528		VPI 5359					GCF_900107125.1-RS_2025_04_07	2025-04-07	2954329		46	Scaffold	2016-10-22	FNOU01	45	48							2838	Eubacterium	98.73	
ASM399211v1	GCF_003992115.1	GCA_003992115.1	Veillonella ratti	103892		ATCC 17746					GCF_003992115.1-RS_2025_08_04	2025-08-04	2236286		49	Contig	2019-01-04	RQUX01	49	43							2050	Veillonella	97.83	0.72
ASM394626v1	GCF_003946265.1	GCA_003946265.1	Levilactobacillus yonginensis	1054041		JCM 18023					GCF_003946265.1-RS_2025_11_23	2025-11-23	2693691		63	Contig	2018-12-14	RHNO01	63	48							2493	Lactobacillaceae	98.69	0.65
ASM394665v1	GCF_003946655.1	GCA_003946655.1	Lapidilactobacillus achengensis	2486000		247-4					GCF_003946655.1-RS_2025_11_23	2025-11-23	2639237		50	Contig	2018-12-14	RHOV01	50	49							2534	Lactobacillaceae	98.94	0.08
ASM146630v1	GCF_001466305.1	GCA_001466305.1	Defluviitalea phaphyphila	1473580		Alg1					GCF_001466305.1-RS_2025_12_13	2025-12-13	2539811		104	Scaffold	2015-12-14	JWID01	76	27.5							2513	Clostridia	98.18	
ASM540494v1	GCF_005404945.1	GCA_005404945.1	Lactiplantibacillus pingfangensis	2559915		382-1					GCF_005404945.1-RS_2025_04_07	2025-04-07	2895555		59	Contig	2019-03-29	BJDG01	59	44							2733	Lactobacillaceae	99.35	0.74
ASM244169v1	GCF_002441695.1	GCA_002441695.1	Pseudolactococcus piscium	1364		DSM 6634					GCF_002441695.1-RS_2025_06_08	2025-06-08	2405003		75	Scaffold	2017-10-04	JXJW01	74	38.5							2395	Streptococcaceae	97.72	1.61
IMG-taxon 2695420941 annotated assembly	GCF_900129365.1	GCA_900129365.1	Clostridium fallax	1533		DSM 2631					GCF_900129365.1-RS_2024_04_25	2024-04-25	2747337		64	Contig	2016-12-03	FQVM01	64	26.5							2603	Clostridium	98.45	0.16
ASM827134v1	GCF_008271345.1	GCA_008271345.1	Selenomonas caprae	2606905		mPRGC8					GCF_008271345.1-RS_2025_08_08	2025-08-08	3024613		78	Contig	2019-09-03	VTOZ01	78	53							2900	Selenomonas	99.59	1.24
ASM2556738v1	GCF_025567385.1	GCA_025567385.1	Dorea acetigenes	2981787		Sanger_03					GCF_025567385.1-RS_2025_02_28	2025-02-28	3714607		83	Scaffold	2022-10-04	JAOQJU01	66	43.5							3613	Dorea	86.75	8.79
ASM82945v1	GCF_000829455.1	GCA_000829455.1	Gordoniibacillus kamchatkensis	1590651		VKM B-2647					GCF_000829455.1-RS_2025_11_20	2025-11-20	6956550		152	Contig	2015-01-27	JXAK01	152	55							6970	Paenibacillaceae	84.61	1.66
IMG-taxon 2654588195 annotated assembly	GCF_900110815.1	GCA_900110815.1	Aliicoccus persicus	930138		IBRC-M10081					GCF_900110815.1-RS_2025_05_03	2025-05-03	2061411		33	Scaffold	2016-10-31	FOIT01	8	38.5							2095	Staphylococcaceae	85.22	2.1
ASM1483684v1	GCF_014836845.1	GCA_014836845.1	Ureibacillus galli	2762222		Re31					GCF_014836845.1-RS_2025_11_23	2025-11-23	3726905		79	Scaffold	2020-09-30	JACSQA01	77	35							3820	Planococcaceae	90.1	4.76
ASM2556716v1	GCF_025567165.1	GCA_025567165.1	Laedolimicola ammoniilytica	2981771		Sanger_04					GCF_025567165.1-RS_2025_02_28	2025-02-28	3561714		97	Scaffold	2022-10-04	JAOQKC01	67	50							3501	Lachnospiraceae	99.06	0.94
ASM52148v1	GCF_000521485.1	GCA_000521485.1	Gracilibacillus boraciitolerans JCM 21714	1298598		JCM 21714					GCF_000521485.1-RS_2025_08_08	2025-08-08	3651580		88	Contig	2014-01-20	BAVS01	88	36							4146	Bacillaceae	68.06	1.08
ASM626517v1	GCF_006265175.1	GCA_006265175.1	Paenibacillus hemerocallicola	1172614		KCTC 33185					GCF_006265175.1-RS_2025_05_04	2025-05-04	9652120		201	Scaffold	2019-06-11	VDCQ01	167	54							8282	Paenibacillus	99.33	2.39
ASM143491v1	GCF_001434915.1	GCA_001434915.1	Liquorilactobacillus capillatus DSM 19910	1423731		DSM 19910					GCF_001434915.1-RS_2025_03_28	2025-03-28	2232918		70	Scaffold	2015-11-06	AZEF01	61	37.5							2181	Lactobacillaceae	99.02	1.2
IMG-taxon 2617270910 annotated assembly	GCF_900114715.1	GCA_900114715.1	Salibacterium qingdaonense	266892		CGMCC 1.6134					GCF_900114715.1-RS_2025_12_09	2025-12-09	3516738		70	Scaffold	2016-11-02	FOTY01	68	47.5							3628	Bacillaceae	97.56	1.61
ASM4009657v1	GCF_040096575.1	GCA_040096575.1	Faecalibacterium intestinale	3133155		CLA-AA-H281					GCF_040096575.1-RS_2025_07_07	2025-07-07	2973806		78	Contig	2024-06-07	JBBMEN01	78	56.5							2896	Faecalibacterium	94.99	6.04
ASM5320692v1	GCF_053206925.1	GCA_053206925.1	Streptococcus dentiloxodontae	1352223		SS1984					GCF_053206925.1-RS_2025_11_18	2025-11-18	2173676		36	Contig	2025-10-25	JBRUHR01	36	40							2157	Streptococcus	99.21	1.16
IMG-taxon 2585427596 annotated assembly	GCF_900141895.1	GCA_900141895.1	Parasporobacterium paucivorans DSM 15970	1122934		DSM 15970					GCF_900141895.1-RS_2025_12_13	2025-12-13	2443757		53	Contig	2016-12-03	FQYT01	53	44							2451	Lachnospiraceae	97.5	1.25
ASM1788400v1	GCF_017884005.1	GCA_017884005.1	Streptococcus panodentis	1581472		CCUG 70867					GCF_017884005.1-RS_2025_03_29	2025-03-29	2783954		65	Scaffold	2021-04-08	QFAY01	64	47.5							2669	Streptococcus	99.41	
ASM1341523v1	GCF_013415235.1	GCA_013415235.1	Gemelliphila palaticanis	81950		CIP 106318					GCF_013415235.1-RS_2025_08_05	2025-08-05	1802210		282	Contig	2020-07-14	JACBYF01	282	28.5							1789	Bacillales	88.16	1
ASM1686191v1	GCF_016861915.1	GCA_016861915.1	Apilactobacillus nanyangensis	2799579		HN36-1					GCF_016861915.1-RS_2025_08_02	2025-08-02	1504698		37	Contig	2021-01-15	BOLX01	37	36.5							1408	Lactobacillaceae	97.88	1.31
ASM96619v1	GCF_000966195.1	GCA_000966195.1	Domibacillus robiginosus	1071054		WS 4628					GCF_000966195.1-RS_2025_05_02	2025-05-02	4689432		106	Contig	2015-03-30	LAHL01	106	42.5							4699	Bacillaceae	98.39	1.35
ASM991748v1	GCF_009917485.1	GCA_009917485.1	Parablautia muri	2320879		D42-62					GCF_009917485.1-RS_2025_12_13	2025-12-13	5152081		214	Contig	2020-01-22	QZDT01	214	43							5148	Lachnospiraceae	97.92	3.18
ASM2556700v1	GCF_025567005.1	GCA_025567005.1	Muricoprocola aceti	2981772		Sanger_29					GCF_025567005.1-RS_2025_02_28	2025-02-28	3270962		63	Scaffold	2022-10-04	JAOQKE01	49	43							3163	Lachnospiraceae	97.5	1.25
ASM2068754v1	GCF_020687545.1	GCA_020687545.1	Ruminococcus turbiniformis	2881258		CLA-AA-H200					GCF_020687545.1-RS_2025_12_09	2025-12-09	3813516		94	Contig	2021-10-31	JAJEQX01	94	49							3705	Ruminococcus	99.48	5.87
ASM540540v1	GCF_005405405.1	GCA_005405405.1	Lactiplantibacillus plajomi	1457217		NBRC 107333					GCF_005405405.1-RS_2025_08_26	2025-08-26	2762064		81	Scaffold	2019-03-29	BJDZ01	77	48.5							2711	Lactobacillaceae	99.02	1.06
ASM5376092v1	GCF_053760925.1	GCA_053760925.1	Enterococcus olivae	1242999		SS1956					GCF_053760925.1-RS_2025_11_30	2025-11-30	3176011		68	Contig	2025-11-29	JBSMVT01	68	40							3269	Enterococcus	95.98	5.27
Listeriaceae bacterium FSL F6-969	GCF_000525855.1	GCA_000525855.1	Listeria cornellensis FSL F6-0969	1265820		FSL F6-0969					GCF_000525855.1-RS_2025_04_02	2025-04-02	3347833		91	Contig	2014-01-31	AODE01	91	42							3574	Listeria	68.52	6.75
ASM1833245v1	GCF_018332455.1	GCA_018332455.1	Clostridium polyendosporum	69208		JCM 30710					GCF_018332455.1-RS_2025_12_09	2025-12-09	3735488		143	Scaffold	2021-03-10	BOPZ01	136	31							3577	Clostridium	100	0.72
ASM143622v1	GCF_001436225.1	GCA_001436225.1	Lacticaseibacillus sharpeae JCM 1186 = DSM 20505	1291052		DSM 20505					GCF_001436225.1-RS_2025_03_28	2025-03-28	2444304		61	Scaffold	2015-11-06	AYYO01	57	53.5							2405	Lactobacillaceae	97.96	0.74
ASM4889806v1	GCF_048898065.1	GCA_048898065.1	Tepidibacillus infernus	1806172		MBL-TLP					GCF_048898065.1-RS_2025_03_25	2025-03-25	2932284		153	Scaffold	2025-03-24	JBLWFI01	111	36.5							3042	Bacillaceae	86.41	1.12
ASM1471267v1	GCF_014712675.1	GCA_014712675.1	Peribacillus faecalis	2772559		AGMB 02131					GCF_014712675.1-RS_2025_12_11	2025-12-11	4038965		70	Contig	2020-09-23	JACXSI01	70	39.5							4002	Bacillaceae	99.03	1.29
ASM3433498v1	GCF_034334985.1	GCA_034334985.1	Acutalibacter intestini	3093659		M00204					GCF_034334985.1-RS_2025_07_21	2025-07-21	4293150		158	Contig	2023-12-13	JAWXXL01	158	53.5							4478	Clostridiales	98.25	1.1
ASM400090v1	GCF_004000905.1	GCA_004000905.1	Paenibacillus humicus NBRC 102415	1349778		NBRC 102415					GCF_004000905.1-RS_2025_09_09	2025-09-09	5598676		115	Contig	2018-12-29	BIMD01	115	58							5220	Paenibacillus	98.56	1.17
ASM2416087v1	GCF_024160875.1	GCA_024160875.1	Ligilactobacillus ubinensis	2876789		WILCCON 0076					GCF_024160875.1-RS_2025_09_07	2025-09-07	2589491	1	92	Scaffold	2022-07-05	JAIULA01	86	34							2517	Lactobacillaceae	98.34	1.63
ASM394655v1	GCF_003946555.1	GCA_003946555.1	Companilactobacillus hulinensis	2486007		8-1(1)					GCF_003946555.1-RS_2025_11_23	2025-11-23	2632694		54	Contig	2018-12-14	RHOO01	54	36.5							2545	Lactobacillaceae	99.13	0.08
ASM32102v1	GCF_000321025.1	GCA_000321025.1	Peptoniphilus senegalensis JC140	1033744		type strain: JC140					GCF_000321025.1-RS_2025_03_21	2025-03-21	1851340		64	Scaffold	2012-12-06	CAEL01	29	32							1799	Peptoniphilus	95.9	2.16
ASM969627v1	GCF_009696275.1	GCA_009696275.1	Eisenbergiella porci	2652274		WCA-389-WT-23B					GCF_009696275.1-RS_2025_12_13	2025-12-13	6105837		150	Contig	2019-11-22	VUMI01	150	48.5							6004	Lachnospiraceae	98.44	1.35
IMG-taxon 2585428065 annotated assembly	GCF_900129915.1	GCA_900129915.1	Tepidibacter thalassicus DSM 15285	1123350		DSM 15285					GCF_900129915.1-RS_2025_12_13	2025-12-13	2234370		59	Scaffold	2016-12-03	FQXH01	57	28							2312	Peptostreptococcaceae	97.35	
JCC	GCF_000577815.1	GCA_000577815.1	Clostridium saudiense	1414720		JCC					GCF_000577815.1-RS_2025_04_11	2025-04-11	3653762		100	Contig	2014-02-12	CBYM01	100	28							3535	Clostridium	99.38	2.33
ASM2242796v1	GCF_022427965.1	GCA_022427965.1	Fredinandcohnia quinoae	2918902		SECRCQ15					GCF_022427965.1-RS_2025_06_15	2025-06-15	4444711		108	Contig	2022-02-28	JAKTTI01	108	36							4432	Bacillaceae	98.39	0.22
ASM3075667v1	GCF_030756675.1	GCA_030756675.1	Bacillus multifaciens	3068506		WLY-B-L8					GCF_030756675.1-RS_2025_06_01	2025-06-01	4808568		93	Contig	2023-08-16	JAVBXD01	93	36							4929	Bacillus	98.82	0.76
ASM143557v1	GCF_001435575.1	GCA_001435575.1	Lentilactobacillus sunkii DSM 19904	1423808		DSM 19904					GCF_001435575.1-RS_2025_03_30	2025-03-30	2693129		79	Contig	2015-11-06	AZEA01	79	42							2610	Lactobacillaceae	98.37	0.65
ASM4243261v1	GCF_042432615.1	GCA_042432615.1	Bhargavaea ullalensis	1265685		CCM 8429					GCF_042432615.1-RS_2025_09_29	2025-09-29	2929221		57	Scaffold	2024-09-28	JBHLWY01	56	57							2875	Planococcaceae	91.24	1.59
ASM2947809v1	GCF_029478095.1	GCA_029478095.1	Pelotomaculum isophthalicicum JI	947010		JI					GCF_029478095.1-RS_2025_03_29	2025-03-29	3608909		93	Contig	2023-03-29	JAKOAV01	93	46.5							3547	Clostridiales	98.39	2.34
ASM260785v1	GCF_002607855.1	GCA_002607855.1	Desulforamulus profundi	1383067		Bs107					GCF_002607855.1-RS_2025_03_27	2025-03-27	3536457		162	Contig	2017-10-20	AWQQ01	162	48.5							4130	Peptococcaceae	63.95	5.17
ASM2280864v1	GCF_022808645.1	GCA_022808645.1	Bacillus litorisediminis	2922713		FJAT-47801					GCF_022808645.1-RS_2025_11_20	2025-11-20	4479585		131	Scaffold	2022-04-02	JAKZKT01	129	39.5							4503	Bacillus	98.57	0.71
PRJEB16353	GCF_900104615.1	GCA_900104615.1	Merdimmobilis hominis	2897707		Marseille-P2769T					GCF_900104615.1-RS_2025_12_10	2025-12-10	2580742		38	Scaffold	2016-10-28	FNLI01	3	56							2490	Ruminococcaceae	93.79	6.55
ASM1676569v1	GCF_016765695.1	GCA_016765695.1	Sporosalibacterium faouarense	516123		SOL3f37					GCF_016765695.1-RS_2025_04_16	2025-04-16	4119796		99	Contig	2021-01-27	JAETGO01	99	31							3999	Bacteria	98.28	2.59
ASM394648v1	GCF_003946485.1	GCA_003946485.1	Lacticaseibacillus jixianensis	2486012		159-4					GCF_003946485.1-RS_2025_11_23	2025-11-23	2468902		51	Contig	2018-12-14	RHOJ01	51	58.5							2302	Lactobacillaceae	98.74	1.03
ASM1264118v1	GCF_012641185.1	GCA_012641185.1	Levilactobacillus tujiorum	2912243		HBUAS51241					GCF_012641185.1-RS_2025_12_13	2025-12-13	2612707		95	Scaffold	2020-04-21	JAAXLK01	87	48.5							2474	Lactobacillaceae	99.29	
ASM394669v1	GCF_003946695.1	GCA_003946695.1	Lapidilactobacillus bayanensis	2485998		54-5					GCF_003946695.1-RS_2025_11_23	2025-11-23	2430829		63	Contig	2018-12-14	RHOX01	63	40							2288	Lactobacillaceae	98.61	1.39
ASM1904273v1	GCF_019042735.1	GCA_019042735.1	Evansella alkalicola	745819		JCM 17098					GCF_019042735.1-RS_2025_03_03	2025-03-03	4851586		91	Contig	2021-06-27	JAHQCR01	91	37.5							4721	Bacillus	98.04	0.76
ASM969558v1	GCF_009695585.1	GCA_009695585.1	Anaerovibrio slackiae	2652309		WCA-693-APC-5D-A					GCF_009695585.1-RS_2025_12_02	2025-12-02	3015068		68	Contig	2019-11-22	VUNR01	68	48.5							2895	Selenomonadales	97.98	1.44
ASM479574v1	GCF_004795745.1	GCA_004795745.1	Vagococcus silagei	2508885		2B-2					GCF_004795745.1-RS_2025_03_28	2025-03-28	2525732		60	Scaffold	2019-04-16	SDGV01	51	34.5							2526	Enterococcaceae	96.3	1.9
ASM479388v1	GCF_004793885.1	GCA_004793885.1	Dubosiella muris	3038133		NM09_H32					GCF_004793885.1-RS_2025_04_04	2025-04-04	2485955		63	Contig	2019-04-14	SRYG01	63	50.5							2502	Erysipelotrichaceae	96.89	2.3
ASM2556731v1	GCF_025567315.1	GCA_025567315.1	Agathobaculum ammoniilyticum	2981778		Sanger_34					GCF_025567315.1-RS_2025_12_11	2025-12-11	2999081		79	Scaffold	2022-10-04	JAOQJE01	52	57							3118	Clostridiales	99.12	0.44
ASM336853v1	GCF_003368535.1	GCA_003368535.1	Ammonifex thiophilus	444093		SR					GCF_003368535.1-RS_2025_03_28	2025-03-28	2111834		111	Contig	2018-08-09	QSLN01	111	59.5							2290	Thermoanaerobacteraceae	99.47	0.06
IMG-taxon 2619618824 annotated assembly	GCF_900109135.1	GCA_900109135.1	Trichococcus ilyis	640938		DSM 22150					GCF_900109135.1-RS_2025_04_11	2025-04-11	3090512		62	Scaffold	2016-10-31	FNYT01	60	49							2880	Carnobacteriaceae	97.46	5.55
ASM434103v1	GCF_004341035.1	GCA_004341035.1	Scopulibacillus darangshiensis	442528		DSM 19377					GCF_004341035.1-RS_2025_04_17	2025-04-17	4660335		100	Scaffold	2019-03-11	SLXK01	95	42							4650	Sporolactobacillaceae	88.3	38.36
ASM2556756v1	GCF_025567565.1	GCA_025567565.1	Muriventricola aceti	2981773		H5_61					GCF_025567565.1-RS_2025_12_02	2025-12-02	3071079		68	Scaffold	2022-10-04	JAOQKF01	29	56							3224	Ruminococcaceae	98.76	1.45
ASM4267596v1	GCF_042675965.1	GCA_042675965.1	Virgibacillus byunsanensis	570945		CCUG 56754					GCF_042675965.1-RS_2025_11_20	2025-11-20	4029708		84	Contig	2024-10-06	JBHTKJ01	84	36.5							4085	Bacillaceae	99.46	1.61
IMG-taxon 2585428191 annotated assembly	GCF_900142275.1	GCA_900142275.1	Anaerobranca californiensis DSM 14826	1120989		DSM 14826					GCF_900142275.1-RS_2025_04_12	2025-04-12	2034462		51	Contig	2016-12-03	FRAI01	51	33.5							2148	Clostridiales	97.37	2.19
ASM2556752v1	GCF_025567525.1	GCA_025567525.1	Gallintestinimicrobium propionicum	2981770		Sanger_16					GCF_025567525.1-RS_2025_02_28	2025-02-28	3795992		103	Scaffold	2022-10-04	JAOQJY01	63	47.5							3632	Lachnospiraceae	98.44	0.21
ASM5376186v1	GCF_053761865.1	GCA_053761865.1	Enterococcus bulliens	1665476		SS1972					GCF_053761865.1-RS_2025_11_30	2025-11-30	2321129		58	Contig	2025-11-29	JBSMXK01	58	38							2444	Enterococcus	95.66	1
Flintibacter_sp_nov_DSM110149	GCF_943192995.1	GCA_943192995.1	Flintibacter muris	2941327		DSM 110149					GCF_943192995.1-RS_2025_04_01	2025-04-01	4522258		126	Contig	2022-06-10	CALPCP01	126	56							4769	Clostridiales	99.12	2.41
ASM143439v1	GCF_001434395.1	GCA_001434395.1	Levilactobacillus hammesii DSM 16381	1423753		DSM 16381					GCF_001434395.1-RS_2025_03_28	2025-03-28	2815465		93	Scaffold	2015-11-06	AZFS01	66	49.5							2614	Lactobacillaceae	99.02	0.11
ASM143466v1	GCF_001434665.1	GCA_001434665.1	Companilactobacillus tucceti DSM 20183	1423811		DSM 20183					GCF_001434665.1-RS_2025_03_28	2025-03-28	2173857		54	Scaffold	2015-11-06	AZDG01	51	34							2156	Lactobacillaceae	98.29	1.35
Neobacillus_sp_nov_DSM110989	GCF_943193175.1	GCA_943193175.1	Neobacillus muris	2941334		DSM 110989					GCF_943193175.1-RS_2025_04_01	2025-04-01	4982655		90	Contig	2022-06-10	CALPDF01	90	41.5							4885	Bacillaceae	99.35	2.53
ASM3080398v1	GCF_030803985.1	GCA_030803985.1	Thermoanaerobacter pentosaceus	694059		DSM 25963					GCF_030803985.1-RS_2025_08_17	2025-08-17	2576907		76	Contig	2023-08-18	JAURUP01	76	34							2636	Thermoanaerobacter	98.2	1.44
ASM969617v1	GCF_009696175.1	GCA_009696175.1	Floccifex porci	2606629		LKV-178-WT-2G					GCF_009696175.1-RS_2025_03_29	2025-03-29	2024886		44	Contig	2019-11-22	VUMM01	44	33.5							2125	Erysipelotrichaceae	98.22	1.2
ASM31178v1	GCF_000311785.1	GCA_000311785.1	Brevibacillus massiliensis	1118054		phR					GCF_000311785.1-RS_2025_05_01	2025-05-01	5060362		132	Scaffold	2012-08-16	CAGW01	37	53							5167	Brevibacillus	81.22	13.94
Streptococcus_sp_nov_DSM110150	GCF_943193075.1	GCA_943193075.1	Streptococcus caecimuris	2941338		DSM 110150					GCF_943193075.1-RS_2025_04_01	2025-04-01	2070888		44	Contig	2022-06-10	CALPCT01	44	42							1969	Streptococcus	99.52	0.08
ASM143880v1	GCF_001438805.1	GCA_001438805.1	Companilactobacillus kimchiensis	993692		DSM 24716					GCF_001438805.1-RS_2025_03_28	2025-03-28	2698724		71	Contig	2015-11-06	JQCF01	71	35.5							2629	Lactobacillaceae	99.13	2.94
IMG-taxon 2615840724 annotated assembly	GCF_900113175.1	GCA_900113175.1	Planifilum fulgidum	201973		DSM 44945					GCF_900113175.1-RS_2025_05_03	2025-05-03	3382342		67	Scaffold	2016-11-02	FOOK01	62	58.5							3330	Thermoactinomycetaceae	79.36	9.31
ASM293387v1	GCF_002933875.1	GCA_002933875.1	Desulfocucumis palustris	1898651		NAW-5					GCF_002933875.1-RS_2025_09_09	2025-09-09	3701809		184	Contig	2018-02-07	BFAV01	184	49							3624	Clostridiales	80.7	1.75
IMG-taxon 2596583540 annotated assembly	GCF_900103535.1	GCA_900103535.1	Megasphaera paucivorans	349095		DSM 16981					GCF_900103535.1-RS_2025_05_03	2025-05-03	2912276		76	Contig	2016-10-21	FNHQ01	76	40							2829	Megasphaera	98.18	7.04
Listeriaceae bacterium FSL S10-1187	GCF_000525875.1	GCA_000525875.1	Listeria floridensis FSL S10-1187	1265817		FSL S10-1187					GCF_000525875.1-RS_2025_04_02	2025-04-02	2794388		92	Contig	2014-01-31	AODF01	92	41							3007	Listeria	72.93	3.32
ASM1239658v1	GCF_012396585.1	GCA_012396585.1	Streptococcus ovuberis	1936207		CCUG 69612					GCF_012396585.1-RS_2025_05_05	2025-05-05	2467419		48	Contig	2020-04-15	JAAXPR01	48	43							2375	Streptococcus	98.71	0.5
ASM164419v2	GCF_001644195.2	GCA_001644195.2	Bacillus marinisedimentorum	1821260		NC2-31					GCF_001644195.2-RS_2025_05_02	2025-05-02	4235284		91	Contig	2016-10-11	LWBL02	91	46.5							4250	Bacillus	96.74	0.37
IMG-taxon 2617270934 annotated assembly	GCF_900100345.1	GCA_900100345.1	Paenibacillus tianmuensis	624147		CGMCC 1.8946					GCF_900100345.1-RS_2025_05_02	2025-05-02	6029601		127	Scaffold	2016-10-13	FMTT01	113	52.5							5824	Paenibacillus	98.56	0.48
ASM42352v1	GCF_000423525.1	GCA_000423525.1	Proteocatella sphenisci DSM 23131	1123009		DSM 23131					GCF_000423525.1-RS_2025_12_13	2025-12-13	2411055		47	Scaffold	2013-07-11	AUID01	45	36.5							2353	Clostridia	100	0.45
ASM993239v1	GCF_009932395.1	GCA_009932395.1	Sporotomaculum syntrophicum	182264		FB					GCF_009932395.1-RS_2025_04_15	2025-04-15	3352116		93	Scaffold	2020-01-27	LSRS01	32	45							3187	Clostridiales	99.12	0.88
ASM2241053v1	GCF_022410535.1	GCA_022410535.1	Pelotomaculum terephthalicicum JT	947009		JT					GCF_022410535.1-RS_2025_09_29	2025-09-29	3760860		95	Contig	2022-02-28	JAKNBL01	95	48							3786	Clostridiales	98.54	1.75
ASM143599v1	GCF_001435995.1	GCA_001435995.1	Apilactobacillus ozensis DSM 23829 = JCM 17196	1423781		DSM 23829					GCF_001435995.1-RS_2025_03_29	2025-03-29	1479955		50	Scaffold	2015-11-06	AYYQ01	36	32							1514	Lactobacillaceae	97.33	0.98
ASM4009607v1	GCF_040096075.1	GCA_040096075.1	Ventrimonas faecis	3133170		CLA-AP-H27					GCF_040096075.1-RS_2025_07_07	2025-07-07	3412605		83	Contig	2024-06-07	JBBMFJ01	83	49.5							3184	Clostridiales	99.12	0.88
ASM3005359v1	GCF_030053595.1	GCA_030053595.1	Fusibacillus kribbianus	3044208		YH-rum2234					GCF_030053595.1-RS_2025_02_27	2025-02-27	2906142		49	Scaffold	2023-05-20	JASGBQ01	48	49							2833	Lachnospiraceae	98.54	2.08
ASM1391236v1	GCF_013912365.1	GCA_013912365.1	Thermoactinomyces intermedius	2024		NRRL B-16979					GCF_013912365.1-RS_2025_09_13	2025-09-13	2756565		109	Contig	2020-07-29	JACETT01	109	48							2916	Thermoactinomycetaceae	80.11	6.42
ASM4268088v1	GCF_042680885.1	GCA_042680885.1	Siminovitchia sediminis	1274353		CGMCC 1.12412					GCF_042680885.1-RS_2025_03_02	2025-03-02	3995234		132	Scaffold	2024-10-06	JBHUEO01	122	42							4028	Bacillaceae	96.94	1.61
ASM1690835v1	GCF_016908355.1	GCA_016908355.1	Fusibacter tunisiensis	1008308		DSM 24436					GCF_016908355.1-RS_2025_04_16	2025-04-16	2681146		75	Contig	2021-02-19	JAFBDT01	75	38							2641	Clostridiales	99.12	0.88
ASM413810v1	GCF_004138105.1	GCA_004138105.1	Xylanivirga thermophila	2496273		SYSU GA17129					GCF_004138105.1-RS_2025_11_20	2025-11-20	2937341		79	Contig	2019-02-05	RXHQ01	79	36							2829	Clostridia	99.09	0.45
ASM399212v1	GCF_003992125.1	GCA_003992125.1	Veillonella caviae	248316		DSM 20738					GCF_003992125.1-RS_2025_04_01	2025-04-01	1963997		57	Contig	2019-01-04	RQUY01	57	38.5							1837	Veillonella	97.17	0.09
ASM61594v1	GCF_000615945.1	GCA_000615945.1	Caldalkalibacillus mannanilyticus JCM 10596	1236954		JCM 10596					GCF_000615945.1-RS_2025_08_08	2025-08-08	4534596		108	Contig	2014-03-31	BAMO01	108	39.5							4656	Bacillaceae	84.88	3.35
ASM1386805v1	GCF_013868055.1	GCA_013868055.1	Thermoactinomyces mirandus	2756294		AMNI-1					GCF_013868055.1-RS_2025_09_29	2025-09-29	3397275		98	Contig	2020-07-28	JACEOL01	98	44.5							3537	Thermoactinomycetaceae	80.37	10.79
ASM221798v1	GCF_002217985.1	GCA_002217985.1	Secundilactobacillus pentosiphilus	1714682		IWT25					GCF_002217985.1-RS_2025_08_12	2025-08-12	2723917		132	Scaffold	2017-06-14	BCMI01	131	45							2684	Lactobacillaceae	98.47	1.06
ASM1787435v1	GCF_017874355.1	GCA_017874355.1	Acetoanaerobium pronyense	1482736		DSM 27512					GCF_017874355.1-RS_2025_12_13	2025-12-13	2980298		83	Contig	2021-04-08	JAGGLI01	83	33							2932	Clostridia	99.09	0.91
Lachnospiraceae_gen_nov1_DSM111138	GCF_943193115.1	GCA_943193115.1	Otoolea muris	2941515		DSM 111138					GCF_943193115.1-RS_2025_02_27	2025-02-27	5475820		161	Contig	2022-06-10	CALPCY01	161	51							5500	Lachnospiraceae	98.12	2.92
ASM1886173v1	GCF_018861735.1	GCA_018861735.1	Clostridium lacusfryxellense	205328		DSM 14205					GCF_018861735.1-RS_2025_09_29	2025-09-29	5405903		171	Contig	2021-06-13	JAHLEB01	171	31							5215	Clostridium	97.83	2.38
ASM31172v1	GCF_000311725.1	GCA_000311725.1	Robertmurraya massiliosenegalensis JC6	1034347		JC6					GCF_000311725.1-RS_2025_12_11	2025-12-11	4967913		102	Scaffold	2012-08-16	CAHJ01	24	37.5							4950	Bacillaceae	98.39	3.28
ASM342909v1	GCF_003429095.1	GCA_003429095.1	Peribacillus saganii	2303992		V47-23a					GCF_003429095.1-RS_2025_12_09	2025-12-09	4356520		84	Contig	2018-08-27	QVTE01	84	40.5							4167	Bacillaceae	99.03	0.32
ASM90015573v1	GCF_900155735.1	GCA_900155735.1	Intestinibacillus massiliensis	1871029		Marseille-P3216T					GCF_900155735.1-RS_2025_12_11	2025-12-11	2841380		109	Scaffold	2017-01-14	FTLU01	35	59.5							2852	Clostridiales	93.86	1.75
ASM394651v1	GCF_003946515.1	GCA_003946515.1	Companilactobacillus zhongbaensis	2486009		M1575					GCF_003946515.1-RS_2025_11_23	2025-11-23	2644863		77	Contig	2018-12-14	RHOM01	77	39.5							2488	Lactobacillaceae	99.13	1.47
IMG-taxon 2597490367 annotated assembly	GCF_900113325.1	GCA_900113325.1	Sporolactobacillus nakayamae	269670		ATCC 700379					GCF_900113325.1-RS_2025_05_03	2025-05-03	3538879		66	Scaffold	2016-11-02	FOOY01	48	44							3489	Sporolactobacillaceae	88.09	21.14
ASM299578v1	GCF_002995785.1	GCA_002995785.1	Clostridium liquoris	1289519		DSM 100320					GCF_002995785.1-RS_2025_04_12	2025-04-12	2876197		75	Contig	2018-03-14	PVXO01	75	31							2916	Clostridium	98.76	
ASM169377v2	GCF_001693775.2	GCA_001693775.2	Criibacterium bergeronii	1871336		CCRI-22567					GCF_001693775.2-RS_2025_12_13	2025-12-13	2176288		79	Contig	2018-08-11	MBEW02	79	34							2186	Clostridia	99.01	
ASM901725v1	GCF_009017255.1	GCA_009017255.1	Alkaliphilus serpentinus	1482731		LacT					GCF_009017255.1-RS_2025_12_13	2025-12-13	3291524		83	Contig	2019-10-12	WBZB01	83	36							3255	Alkaliphilus	80.06	9.58
ASM2434518v1	GCF_024345185.1	GCA_024345185.1	Levilactobacillus humaensis	2950375		213-9(3)					GCF_024345185.1-RS_2025_09_09	2025-09-09	2370332		67	Contig	2022-06-15	BROB01	67	49.5							2251	Lactobacillaceae	99.35	
Lactococcus_sp_nov2_DSM107391	GCF_943193185.1	GCA_943193185.1	Lactococcus ileimucosae	2941329		DSM 107391					GCF_943193185.1-RS_2025_08_06	2025-08-06	2259956		63	Contig	2022-06-10	CALPDE01	63	39.5							2164	Lactococcus	95.52	2.31
ASM343203v1	GCF_003432035.1	GCA_003432035.1	Lacrimispora amygdalina	253257		PI-S10-A1B					GCF_003432035.1-RS_2025_07_21	2025-07-21	5946122		176	Scaffold	2018-08-29	QOHO01	175	42.5							5752	Lachnospiraceae	98.68	4.05
ASM540516v1	GCF_005405165.1	GCA_005405165.1	Loigolactobacillus binensis	2559922		735-2					GCF_005405165.1-RS_2025_09_02	2025-09-02	2845990		105	Scaffold	2019-03-29	BJDN01	99	43.5							2783	Lactobacillaceae	99.23	4.55
ASM4265460v1	GCF_042654605.1	GCA_042654605.1	Enterococcus eurekensis	1159753		CCUG 61259					GCF_042654605.1-RS_2025_03_02	2025-03-02	2310425		86	Scaffold	2024-10-05	JBHSGT01	85	36.5							2302	Enterococcus	92.31	1.67
IMG-taxon 2636416028 annotated assembly	GCF_900114615.1	GCA_900114615.1	Pelosinus propionicus DSM 13327	1123291		DSM 13327					GCF_900114615.1-RS_2025_12_09	2025-12-09	5413664		136	Scaffold	2016-11-02	FOTS01	134	39							5307	Pelosinus	82.56	14.88
ASM4267720v1	GCF_042677205.1	GCA_042677205.1	Paenibacillus residui	629724		CCUG 57263					GCF_042677205.1-RS_2025_11_20	2025-11-20	5781483		135	Scaffold	2024-10-06	JBHTIU01	128	50							5179	Paenibacillus	98.36	2.3
ASM4093051v1	GCF_040930515.1	GCA_040930515.1	Streptococcus huangxiaojuni	3237239		H31					GCF_040930515.1-RS_2025_07_29	2025-07-29	2409942		53	Contig	2024-07-27	JBFQEG01	53	41.5							2327	Streptococcus	98.99	
IMG-taxon 2667527445 annotated assembly	GCF_900101075.1	GCA_900101075.1	Lacicoccus qingdaonensis	576118		CGMCC 1.8895					GCF_900101075.1-RS_2025_12_11	2025-12-11	2633620		66	Scaffold	2016-10-21	FNFY01	63	43							2807	Bacillales	98.13	0.75
ASM474552v1	GCF_004745525.1	GCA_004745525.1	Companilactobacillus suantsaicola	2487723		BCRC 81127					GCF_004745525.1-RS_2025_05_04	2025-05-04	2601643		68	Contig	2019-04-08	RKLY01	68	37							2493	Lactobacillaceae	99.13	1.39
IMG-taxon 2693429901 annotated assembly	GCF_900115765.1	GCA_900115765.1	Caldicoprobacter faecalis	937334		DSM 20678					GCF_900115765.1-RS_2025_11_20	2025-11-20	2579145		88	Scaffold	2016-11-02	FOXR01	87	45							2488	Clostridia	97.73	0.45
ASM28555v1	GCF_000285555.1	GCA_000285555.1	Kurthia massiliensis	1033739		JC30					GCF_000285555.1-RS_2025_08_06	2025-08-06	3230817		116	Scaffold	2012-07-19	CAEU01	63	39.5							3323	Planococcaceae	85.58	5.74
ASM221600v1	GCF_002216005.1	GCA_002216005.1	Natranaerobius trueperi	759412		DSM 18760					GCF_002216005.1-RS_2025_03_28	2025-03-28	2633330		127	Contig	2017-07-07	NIQC01	127	33							2794	Clostridia	98.18	0.91
ASM1421217v1	GCF_014212175.1	GCA_014212175.1	Cohnella xylanilytica	557555		DSM 25239					GCF_014212175.1-RS_2025_09_27	2025-09-27	7356379		182	Scaffold	2020-08-16	JACJVR01	180	60.5							6539	Cohnella	97.47	11.87
ASM1105815v1	GCF_011058155.1	GCA_011058155.1	Litoribacterium kuwaitense	1398745		SIJ1					GCF_011058155.1-RS_2025_09_29	2025-09-29	3863194		167	Contig	2020-03-02	JAALFC01	167	43							3957	Bacillaceae	92.29	1.67
IMG-taxon 2599185206 annotated assembly	GCF_900107485.1	GCA_900107485.1	Proteiniborus ethanoligenes	415015		DSM 21650					GCF_900107485.1-RS_2025_04_24	2025-04-24	3161504		72	Scaffold	2016-10-22	FNQE01	69	32.5							3019	Clostridiales	99.12	1.75
ASM1732961v1	GCF_017329615.1	GCA_017329615.1	Alicyclobacillus suci	2816080		VF-FSL-W10-0049					GCF_017329615.1-RS_2025_08_05	2025-08-05	3999976		288	Contig	2021-03-11	JAFMTW01	288	51.5							4191	Alicyclobacillus	97.23	6.97
ASM2434520v1	GCF_024345205.1	GCA_024345205.1	Lapidilactobacillus luobeiensis	2950371		30-1(2)					GCF_024345205.1-RS_2025_09_09	2025-09-09	2556416		63	Contig	2022-06-15	BROC01	63	46.5							2252	Lactobacillaceae	99.27	0.33
ASM1787454v1	GCF_017874545.1	GCA_017874545.1	Thermoanaerobacterium butyriciformans	1702242		DSM 101588					GCF_017874545.1-RS_2025_06_10	2025-06-10	2930587		72	Contig	2021-04-08	JAGGLT01	72	34							2997	Thermoanaerobacterium	95.28	2.24
ASM2153237v1	GCF_021532375.1	GCA_021532375.1	Paenibacillus alkaliterrae	320909		DSM 17040					GCF_021532375.1-RS_2025_12_11	2025-12-11	5647115		169	Contig	2022-01-19	JAKGAP01	169	48.5							5474	Paenibacillus	98.28	0.67
ASM299574v1	GCF_002995745.1	GCA_002995745.1	Clostridium vincentii	52704		DSM 10228					GCF_002995745.1-RS_2025_04_12	2025-04-12	3505833		100	Contig	2018-03-14	PVXQ01	100	30.5							3519	Clostridium	98.14	1.35
ASM4636547v1	GCF_046365475.1	GCA_046365475.1	Anaerococcus kampingae	3115614		ENR0874					GCF_046365475.1-RS_2025_02_16	2025-02-16	2143717		59	Contig	2024-12-30	JBGMEF01	59	35							2057	Anaerococcus	98.77	2.47
Paenibacillus dakarensis FF9	GCF_001373415.1	GCA_001373415.1	Paenibacillus dakarensis	1527293		FF9					GCF_001373415.1-RS_2025_08_20	2025-08-20	4569428		102	Contig	2015-04-09	CDSE01	102	45.5							4408	Paenibacillus	100	0.35
ASM202923v1	GCF_002029235.1	GCA_002029235.1	Clostridium oryzae	1450648		DSM 28571					GCF_002029235.1-RS_2025_04_12	2025-04-12	5074802		176	Contig	2017-03-15	MZGV01	176	33							4660	Clostridium	98.76	5.01
ASM2556706v1	GCF_025567065.1	GCA_025567065.1	Megasphaera butyrica	2981791		Sanger_24					GCF_025567065.1-RS_2025_11_22	2025-11-22	2561300		69	Scaffold	2022-10-04	JAOQKD01	55	52.5							2444	Megasphaera	97.63	2.45
ASM2792468v1	GCF_027924685.1	GCA_027924685.1	Sellimonas catena	2994035		12EGH17					GCF_027924685.1-RS_2025_02_27	2025-02-27	3677942		100	Contig	2022-11-14	BSBO01	100	45.5							3652	Lachnospiraceae	98.75	0.62
ASM3304325v1	GCF_033043255.1	GCA_033043255.1	Clostridium lamae	3044578		NGMCC 1.200840					GCF_033043255.1-RS_2025_11_22	2025-11-22	3854040		89	Contig	2023-10-25	JASCQJ01	89	28.5							3690	Clostridium	99.69	1.86
ASM1690791v1	GCF_016907915.1	GCA_016907915.1	Desulforadius tongensis	1216062		DSM 29799					GCF_016907915.1-RS_2025_03_27	2025-03-27	2575448		61	Contig	2021-02-19	JAFBCW01	61	45.5							2637	Peptococcaceae	99.67	2.04
IMG-taxon 2582580749 annotated assembly	GCF_900129285.1	GCA_900129285.1	Desulfofundulus australicus DSM 11792	1121425		DSM 11792					GCF_900129285.1-RS_2025_04_11	2025-04-11	2881643		79	Scaffold	2016-12-03	FQUW01	77	54.5							2978	Peptococcaceae	100	
ASM4797415v1	GCF_047974155.1	GCA_047974155.1	Megasphaera jansseni	3345340		WILCCON 0056					GCF_047974155.1-RS_2025_02_25	2025-02-25	2906495		132	Scaffold	2025-02-24	JBHYRR01	129	52							2726	Megasphaera	99.68	1.16
ASM309761v1	GCF_003097615.1	GCA_003097615.1	Pueribacillus theae	2171751		T8					GCF_003097615.1-RS_2025_12_02	2025-12-02	3753578		130	Contig	2018-05-08	QCZG01	130	40							3814	Bacillaceae	93.68	2.89
Oscillospiraceae_gen_nov_DSM112226	GCF_943193085.1	GCA_943193085.1	Vermiculatibacterium agrestimuris	2941519		DSM 112226					GCF_943193085.1-RS_2025_04_01	2025-04-01	2242112		59	Contig	2022-06-10	CALPCU01	59	60.5							2084	Ruminococcaceae	94.41	0.62
ASM1464289v1	GCF_014642895.1	GCA_014642895.1	Lentibacillus populi	1827502		CGMCC 1.15454					GCF_014642895.1-RS_2025_08_26	2025-08-26	4620543		138	Scaffold	2020-09-12	BMJD01	131	39.5							4707	Bacillaceae	98.71	0.97
ASM969616v1	GCF_009696165.1	GCA_009696165.1	Stecheria intestinalis	2606630		Oil+RF-744-GAM-WT-6					GCF_009696165.1-RS_2025_12_11	2025-12-11	2825469		70	Contig	2019-11-22	VUMN01	70	49.5							2700	Erysipelotrichaceae	99.37	0.04
ASM28549v1	GCF_000285495.1	GCA_000285495.1	Oceanobacillus massiliensis str. N'diop	946235		Ndiop					GCF_000285495.1-RS_2025_03_15	2025-03-15	3593561		120	Scaffold	2012-07-19	CAER01	50	40.5							3585	Oceanobacillus	70.21	10.24
ASM2218036v1	GCF_022180365.1	GCA_022180365.1	Faecalibacterium gallinarum	2903556		JCM 17207					GCF_022180365.1-RS_2025_09_09	2025-09-09	2813415		116	Contig	2022-01-06	BQKV01	116	59							2755	Faecalibacterium	80.66	8.91
ASM479354v1	GCF_004793545.1	GCA_004793545.1	Petralouisia muris	3032872		NM01_1-7b					GCF_004793545.1-RS_2024_12_16	2024-12-16	5871761		289	Contig	2019-04-14	SRYA01	289	44							6072	Lachnospiraceae	97.71	0.61
ASM1414558v1	GCF_014145585.1	GCA_014145585.1	Limosilactobacillus agrestis	2759748		WF-MT5-A					GCF_014145585.1-RS_2025_09_19	2025-09-19	1899103		76	Scaffold	2020-08-10	JACIVF01	73	38							1934	Lactobacillaceae	99.13	
ASM1487385v1	GCF_014873855.1	GCA_014873855.1	Sporosarcina limicola	34101		DSM 13886					GCF_014873855.1-RS_2025_03_28	2025-03-28	4301636		103	Scaffold	2020-10-09	JADBEL01	82	40							4298	Sporosarcina	85.56	10.07
ASM394633v1	GCF_003946335.1	GCA_003946335.1	Levilactobacillus fujinensis	2486024		218-6					GCF_003946335.1-RS_2025_11_23	2025-11-23	3007089		103	Contig	2018-12-14	RHNX01	103	47.5							2797	Lactobacillaceae	99.02	0.84
IMG-taxon 2667527408 annotated assembly	GCF_900103835.1	GCA_900103835.1	Acetanaerobacterium elongatum	258515		CGMCC 1.5012					GCF_900103835.1-RS_2025_04_12	2025-04-12	2916215		75	Scaffold	2016-10-21	FNID01	73	49							2859	Ruminococcaceae	99.38	0.31
IMG-taxon 2634166325 annotated assembly	GCF_900100185.1	GCA_900100185.1	Natribacillus halophilus	549003		DSM 21771					GCF_900100185.1-RS_2025_05_03	2025-05-03	3302411		68	Scaffold	2016-10-21	FNEN01	47	47							3487	Bacillaceae	97.42	1.34
ASM200834v1	GCF_002008345.1	GCA_002008345.1	Clostridium tepidum	1962263		IEH 97212					GCF_002008345.1-RS_2025_03_30	2025-03-30	3074397		138	Contig	2017-02-28	MRAE01	138	27							2911	Clostridium	99.38	
ASM2470191v1	GCF_024701915.1	GCA_024701915.1	Lactobacillus leichmannii	28039		JCM 1148					GCF_024701915.1-RS_2025_08_31	2025-08-31	1820371		58	Contig	2022-08-15	QOCY01	58	50							1834	Lactobacillus	99.03	0.16
ASM400990v1	GCF_004009905.1	GCA_004009905.1	Lactobacillus xujianguonis	2495899		HT111-2					GCF_004009905.1-RS_2025_05_04	2025-05-04	2215780		84	Scaffold	2019-01-09	RXIA01	81	38							2314	Lactobacillus	99.68	0.16
ASM3134407v1	GCF_031344075.1	GCA_031344075.1	Clostridium aquiflavi	3073603		5 N-1					GCF_031344075.1-RS_2025_06_23	2025-06-23	3534207		111	Contig	2023-09-11	JAVJAN01	111	27.5							3232	Clostridium	99.38	1.86
ASM812471v1	GCF_008124715.1	GCA_008124715.1	Thermosediminibacter litoriperuensis	291989		DSM 16647					GCF_008124715.1-RS_2025_05_04	2025-05-04	2344789		72	Scaffold	2019-08-29	VNHO01	68	48							2474	Clostridia	99.09	1.82
ASM273530v1	GCF_002735305.1	GCA_002735305.1	Agathobacter ruminis	1712665		JK623					GCF_002735305.1-RS_2024_12_13	2024-12-13	2858624		135	Contig	2017-10-28	PDYG01	135	43.5							2675	Lachnospiraceae	98.02	0.42
ASM1623844v1	GCF_016238445.1	GCA_016238445.1	Staphylococcus canis	2724942		H16/1A					GCF_016238445.1-RS_2025_06_17	2025-06-17	2229149		143	Contig	2020-12-21	JABANU01	143	35							2264	Staphylococcus	96.99	0.87
ASM170032v1	GCF_001700325.1	GCA_001700325.1	Caryophanon latum	33977		DSM 14151					GCF_001700325.1-RS_2025_05_02	2025-05-02	3590595		97	Contig	2016-08-05	MATO01	97	42.5							3294	Planococcaceae	85.34	6.82
ASM1483695v1	GCF_014836955.1	GCA_014836955.1	Bacillus norwichensis	2762217		Sa1BUA2					GCF_014836955.1-RS_2025_11_23	2025-11-23	4696597		127	Scaffold	2020-09-30	JACSPV01	114	40							4477	Bacillus	96.96	1.51
ASM540514v1	GCF_005405145.1	GCA_005405145.1	Paucilactobacillus kaifaensis	2559921		778-3					GCF_005405145.1-RS_2025_04_07	2025-04-07	1751927		45	Contig	2019-03-29	BJDM01	45	38							1777	Lactobacillaceae	72.63	0.22
ASM2556696v1	GCF_025566965.1	GCA_025566965.1	Blautia ammoniilytica	2981782		Sanger_23					GCF_025566965.1-RS_2025_02_28	2025-02-28	3891993		122	Scaffold	2022-10-04	JAOQJL01	92	43							3709	Blautia	92.81	3.12
ASM5120103v1	GCF_051201035.1	GCA_051201035.1	Thermoanaerobacterium thermosulfurigenes	33950		DSM 2229					GCF_051201035.1-RS_2025_07_03	2025-07-03	2415210		83	Scaffold	2025-07-03	JBPODR01	80	35							2453	Thermoanaerobacterium	98.18	1.46
ASM2556719v1	GCF_025567195.1	GCA_025567195.1	Alitiscatomonas aceti	2981724		f_CCE					GCF_025567195.1-RS_2025_02_28	2025-02-28	3399574		121	Scaffold	2022-10-04	JAOQJF01	101	52							3333	Lachnospiraceae	98.75	0.1
ASM4267820v1	GCF_042678205.1	GCA_042678205.1	Oceanobacillus luteolus	1274358		CGMCC 1.12406					GCF_042678205.1-RS_2025_03_02	2025-03-02	4181870		167	Contig	2024-10-06	JBHUDE01	167	38.5							4276	Oceanobacillus	70.42	22.69
IMG-taxon 2634166349 annotated assembly	GCF_900129815.1	GCA_900129815.1	Asaccharospora irregularis DSM 2635	1121321		DSM 2635					GCF_900129815.1-RS_2025_12_13	2025-12-13	2622699		82	Scaffold	2016-12-03	FQWX01	76	30.5							2597	Peptostreptococcaceae	99.34	
Mediterraneibacter_sp_nov_DSM111629	GCF_943193195.1	GCA_943193195.1	Mediterraneibacter agrestimuris	2941333		DSM 111629					GCF_943193195.1-RS_2025_12_13	2025-12-13	4042800		120	Contig	2022-06-10	CALPDG01	120	42							3883	Lachnospiraceae	97.29	2.66
ASM394616v1	GCF_003946165.1	GCA_003946165.1	Lacticaseibacillus baoqingensis	2486013		47-3					GCF_003946165.1-RS_2025_03_27	2025-03-27	2864583		82	Contig	2018-12-14	RHOI01	82	51							2801	Lactobacillaceae	99.23	1.61
ASM4586274v1	GCF_045862745.1	GCA_045862745.1	Furfurilactobacillus entadae	2922307		OKN36					GCF_045862745.1-RS_2025_12_11	2025-12-11	2257647		92	Scaffold	2024-09-28	BQXN01	74	47							2364	Lactobacillaceae	98.58	
ASM1420183v1	GCF_014201835.1	GCA_014201835.1	Pectinatus brassicae	862415		DSM 24661					GCF_014201835.1-RS_2025_09_26	2025-09-26	2849197		91	Scaffold	2020-08-14	JACHFH01	90	36							2805	Selenomonadales	99.8	
ASM3397186v1	GCF_033971865.1	GCA_033971865.1	Grylomicrobium aquisgranensis	2926318		CLA-KB-P133					GCF_033971865.1-RS_2025_09_22	2025-09-22	2389689		85	Contig	2023-11-28	JALBUR01	85	47.5							2317	Erysipelotrichaceae	98.74	0.65
ASM4265622v1	GCF_042656225.1	GCA_042656225.1	Streptococcus caledonicus	2614158		CCUG 73951					GCF_042656225.1-RS_2025_03_02	2025-03-02	2385748		75	Scaffold	2024-10-06	JBHSOJ01	33	38.5							2357	Streptococcus	99.89	0.39
ASM2104479v1	GCF_021044795.1	GCA_021044795.1	Acidaminococcus hominis	2897706		NSJ-142					GCF_021044795.1-RS_2025_03_29	2025-03-29	2631693		116	Contig	2021-12-05	JAJNOP01	116	53							2367	Acidaminococcus	92.39	11.73
Lachnospiraceae_gen_nov3_DSM111139	GCF_943193015.1	GCA_943193015.1	Hominisplanchenecus murintestinalis	2941517		DSM 111139					GCF_943193015.1-RS_2025_02_27	2025-02-27	3320873		126	Contig	2022-06-10	CALPCM01	126	46							3078	Lachnospiraceae	97.5	0.28
ASM3698559v1	GCF_036985595.1	GCA_036985595.1	Vallitalea maricola	3074433		AN17-2					GCF_036985595.1-RS_2025_04_14	2025-04-14	5411386		486	Contig	2023-11-23	BTPU01	486	31							4956	Clostridia	98.64	3.33
ASM193662v1	GCF_001936625.1	GCA_001936625.1	Domibacillus antri	1714264		XD80					GCF_001936625.1-RS_2025_05_03	2025-05-03	3191515		79	Contig	2017-01-05	MSDU01	79	44							3383	Bacillaceae	97.73	
ASM2068698v1	GCF_020686985.1	GCA_020686985.1	Brotaphodocola catenula	2885361		CLA-AA-H274					GCF_020686985.1-RS_2025_12_13	2025-12-13	3322202		112	Contig	2021-10-31	JAJEPU01	112	47							2956	Lachnospiraceae	97.51	0.62
ASM2785323v1	GCF_027853235.1	GCA_027853235.1	Aliibacillus thermotolerans	1834418		BM62					GCF_027853235.1-RS_2025_12_13	2025-12-13	2786800		111	Scaffold	2023-01-14	WKJG01	108	40							2907	Bacillaceae	94.91	0.74
ASM4265866v1	GCF_042658665.1	GCA_042658665.1	Marinicrinis lubricantis	2086470		CCM 8749					GCF_042658665.1-RS_2025_11_20	2025-11-20	4766916		187	Contig	2024-10-06	JBHSQV01	187	46.5							4545	Paenibacillaceae	96.84	0.95
ASM967480v1	GCF_009674805.1	GCA_009674805.1	Metabacillus lacus	1983721		KCTC 33946					GCF_009674805.1-RS_2025_05_05	2025-05-05	4105380		138	Contig	2019-11-19	WKKI01	138	41.5							4153	Bacillaceae	99.19	
ASM1017973v1	GCF_010179735.1	GCA_010179735.1	Anaerotalea alkaliphila	2662126		F-3ap					GCF_010179735.1-RS_2024_05_05	2024-05-05	2980040		94	Contig	2020-02-04	JAAEEH01	94	57							2868	Clostridiales	98.25	0.88
ASM1483642v1	GCF_014836425.1	GCA_014836425.1	Limosilactobacillus avistercoris	2762243		Sa3CUN2					GCF_014836425.1-RS_2025_11_23	2025-11-23	1801657		60	Scaffold	2020-09-30	JACSQW01	56	40							1827	Lactobacillaceae	99.35	
ASM200634v1	GCF_002006345.1	GCA_002006345.1	Clostridium puniceum	29367		DSM 2619					GCF_002006345.1-RS_2025_04_12	2025-04-12	6082167		245	Contig	2017-02-23	LZZM01	245	28.5							5554	Clostridium	98.76	0.93
ASM540510v1	GCF_005405105.1	GCA_005405105.1	Lactiplantibacillus dongliensis	2559919		218-3					GCF_005405105.1-RS_2025_04_07	2025-04-07	3107413		71	Contig	2019-03-29	BJDK01	71	44.5							2911	Lactobacillaceae	99.02	2.04
IMG-taxon 2599185232 annotated assembly	GCF_900108045.1	GCA_900108045.1	Caloramator fervidus	29344		DSM 5463					GCF_900108045.1-RS_2025_04_12	2025-04-12	1763241		46	Contig	2016-10-24	FNUK01	46	30.5							1885	Clostridiaceae	99.44	1.31
ASM4265292v1	GCF_042652925.1	GCA_042652925.1	Effusibacillus consociatus	1117041		CCUG 53762					GCF_042652925.1-RS_2025_03_02	2025-03-02	4451235		188	Scaffold	2024-10-05	JBHSHC01	183	47.5							4778	Alicyclobacillaceae	98.82	8.81
Lactobacillus_sp_nov_DSM110155	GCF_943193025.1	GCA_943193025.1	Lactobacillus agrestimuris	2941328		DSM 110155					GCF_943193025.1-RS_2025_04_01	2025-04-01	1877841		55	Contig	2022-06-10	CALPCQ01	55	35							1768	Lactobacillus	97.53	0.16
ASM193661v1	GCF_001936615.1	GCA_001936615.1	Desulfosporosinus metallidurans	1888891		OL					GCF_001936615.1-RS_2025_05_13	2025-05-13	5292883		271	Contig	2017-01-05	MLBF01	271	43.5							5412	Desulfosporosinus	86.3	10.03
ASM3081336v1	GCF_030813365.1	GCA_030813365.1	Oikeobacillus pervagus	1325931		DSM 23947					GCF_030813365.1-RS_2025_08_20	2025-08-20	3380789		110	Contig	2023-08-18	JAUSUC01	110	37							3383	Bacillaceae	99.03	
ASM1426939v1	GCF_014269395.1	GCA_014269395.1	Megasphaera hominis	159836		NSJ-59					GCF_014269395.1-RS_2025_05_05	2025-05-05	2686332		85	Contig	2020-08-23	JACOGK01	85	50.5							2496	Megasphaera	99.63	4.51
ASM686177v1	GCF_006861775.1	GCA_006861775.1	Psychrobacillus soli	1543965		NHI-2					GCF_006861775.1-RS_2025_05_04	2025-05-04	4226526		118	Scaffold	2019-07-10	VDGG01	101	37							4217	Bacillaceae	100	2.1
ASM156241v1	GCF_001562415.1	GCA_001562415.1	Thermotalea metallivorans	520762		B2-1					GCF_001562415.1-RS_2025_12_13	2025-12-13	3094505		110	Contig	2016-02-17	LOEE01	110	40.5							3151	Clostridia	99.09	0.45
IMG-taxon 2585428176 annotated assembly	GCF_900142245.1	GCA_900142245.1	Paramaledivibacter caminithermalis DSM 15212	1121301		DSM 15212					GCF_900142245.1-RS_2025_12_13	2025-12-13	4060624		159	Scaffold	2016-12-03	FRAG01	155	30.5							3886	Clostridia	100	1.36
ASM2008949v2	GCF_020089495.2	GCA_020089495.2	Streptococcus hohhotensis	2866998		IMAU99199					GCF_020089495.2-RS_2025_03_16	2025-03-16	1984127		60	Scaffold	2023-05-07	JAIRCA02	40	40							1946	Streptococcus	99.94	
ASM143661v1	GCF_001436615.1	GCA_001436615.1	Lacticaseibacillus camelliae DSM 22697 = JCM 13995	1423730		DSM 22697					GCF_001436615.1-RS_2025_03_29	2025-03-29	2562179		116	Scaffold	2015-11-06	AYZJ01	104	55.5							2533	Lactobacillaceae	99.01	1.17
ASM159400v1	GCF_001594005.1	GCA_001594005.1	Clostridium tepidiprofundi DSM 19306	1121338		DSM 19306					GCF_001594005.1-RS_2025_04_12	2025-04-12	3060113		175	Contig	2016-03-18	LTBA01	175	29.5							2937	Clostridium	97.83	0.28
G1	GCF_000513275.1	GCA_000513275.1	Paenibacillus gorillae	1243662					G1		GCF_000513275.1-RS_2025_03_21	2025-03-21	6257966		167	Contig	2013-11-29	CBVJ01	167	49							5816	Paenibacillus	97.82	0.65
IMG-taxon 2585428086 annotated assembly	GCF_900142025.1	GCA_900142025.1	Desulfofundulus thermosubterraneus DSM 16057	1121432		DSM 16057					GCF_900142025.1-RS_2025_08_07	2025-08-07	3413166		101	Scaffold	2016-12-03	FQZM01	98	55							3517	Peptococcaceae	100	0.44
ASM128059v1	GCF_001280595.1	GCA_001280595.1	Paenibacillus xylanivorans	1705561		A59					GCF_001280595.1-RS_2025_12_11	2025-12-11	7087286		272	Scaffold	2015-09-09	LITU01	83	46							6521	Paenibacillus	98.61	1.22
ASM394601v1	GCF_003946015.1	GCA_003946015.1	Companilactobacillus insicii	1732567		DSM 29801					GCF_003946015.1-RS_2025_05_04	2025-05-04	2536116		73	Contig	2018-12-14	RHNU01	73	35							2458	Lactobacillaceae	99.13	0.08
ASM1813838v1	GCF_018138385.1	GCA_018138385.1	Allobacillus saliphilus	2912308		SKP8-2					GCF_018138385.1-RS_2025_03_13	2025-03-13	2543747		80	Contig	2021-04-24	JAGSIE01	80	39							2641	Bacillaceae	96.24	3.01
ASM540524v1	GCF_005405245.1	GCA_005405245.1	Enterococcus nangangensis	2559926		Feb-94					GCF_005405245.1-RS_2025_08_26	2025-08-26	1993687		54	Contig	2019-03-29	BJDR01	54	41.5							1978	Enterococcus	78.49	2.46
ASM2556744v1	GCF_025567445.1	GCA_025567445.1	Diplocloster agilis	2850323		Sanger_33					GCF_025567445.1-RS_2025_01_26	2025-01-26	5880143		158	Scaffold	2022-10-04	JAOQKK01	121	49							5135	Lachnospiraceae	99.38	3.93
ASM1421201v1	GCF_014212015.1	GCA_014212015.1	Cohnella lubricantis	2163172		DSM 103658					GCF_014212015.1-RS_2025_09_27	2025-09-27	4469270		126	Scaffold	2020-08-16	JACJVN01	119	57							4296	Cohnella	92.23	4.24
ASM143433v1	GCF_001434335.1	GCA_001434335.1	Lactobacillus kalixensis DSM 16043	1423763		DSM 16043					GCF_001434335.1-RS_2025_03_28	2025-03-28	2078190		113	Scaffold	2015-11-06	AZFM01	108	36							2018	Lactobacillus	99.03	0.81
IMG-taxon 2654587900 annotated assembly	GCF_900113125.1	GCA_900113125.1	Halobacillus alkaliphilus	396056		FP5					GCF_900113125.1-RS_2025_05_03	2025-05-03	4092525		103	Scaffold	2016-11-02	FOOG01	93	41.5							4101	Halobacillus	96.12	3.9
IMG-taxon 2585428141 annotated assembly	GCF_900167335.1	GCA_900167335.1	Pilibacter termitis	263852		ATCC BAA-1030					GCF_900167335.1-RS_2025_12_09	2025-12-09	2794241		86	Scaffold	2017-03-04	FUXI01	59	38							2762	Enterococcaceae	93.2	2.87
ASM51820v1	GCF_000518205.1	GCA_000518205.1	Hutsoniella sourekii ATCC 700629	1408438		ATCC 700629					GCF_000518205.1-RS_2025_12_10	2025-12-10	2067037		52	Scaffold	2014-01-13	JADD01	48	41.5							2024	Aerococcaceae	98.97	
IMG-taxon 2582581273 annotated assembly	GCF_900129085.1	GCA_900129085.1	Atopostipes suicloacalis DSM 15692	1121025		DSM 15692					GCF_900129085.1-RS_2025_12_09	2025-12-09	2124342		56	Scaffold	2016-12-03	FQUF01	51	35.5							2016	Carnobacteriaceae	98.08	2.27
ASM901727v1	GCF_009017275.1	GCA_009017275.1	Alkaliphilus pronyensis	1482732		LacV					GCF_009017275.1-RS_2025_12_13	2025-12-13	3061315		94	Contig	2019-10-12	WBZC01	94	34							3063	Alkaliphilus	76.47	8.54
GTMas1.0	GCF_000498995.1	GCA_000498995.1	Geobacillus thermopakistaniensis	1408282		MAS1					GCF_000498995.1-RS_2025_08_20	2025-08-20	3497407		129	Scaffold	2013-11-25	AYSF01	121	52							3739	Geobacillus	96.82	0.22
ASM156242v1	GCF_001562425.1	GCA_001562425.1	Fervidicola ferrireducens	520764		Y170					GCF_001562425.1-RS_2025_05_02	2025-05-02	2439065		107	Contig	2016-02-17	LOED01	107	46							2593	Clostridia	98.18	0.91
IMG-taxon 2654588109 annotated assembly	GCF_900111865.1	GCA_900111865.1	Parageobacillus thermantarcticus	186116		M1					GCF_900111865.1-RS_2025_04_22	2025-04-22	3448881		110	Scaffold	2016-11-02	FOJS01	106	43.5							3716	Bacillales	99.25	
ASM1483020v1	GCF_014830205.1	GCA_014830205.1	Limosilactobacillus walteri	2268022		M31					GCF_014830205.1-RS_2025_07_29	2025-07-29	2234040		75	Contig	2020-09-30	QORN01	75	39							2206	Lactobacillaceae	99.35	0.65
G5	GCF_000455485.1	GCA_000455485.2	Gorillibacterium massiliense	1280390		G5					GCF_000455485.1-RS_2025_03_21	2025-03-21	5546433		189	Contig	2014-01-09	CBQR02	189	50.5							5207	Paenibacillaceae	96.05	1.4
IMG-taxon 2585428170 annotated assembly	GCF_900142145.1	GCA_900142145.1	Geosporobacter subterraneus DSM 17957	1121919		DSM 17957					GCF_900142145.1-RS_2025_12_13	2025-12-13	3858006		120	Scaffold	2016-12-03	FQZV01	119	40.5							3882	Clostridia	99.09	1.36
Syntrophomonas Zehnderi OL-4	GCF_000983115.1	GCA_000983115.1	Syntrophomonas zehnderi OL-4	690567		OL-4					GCF_000983115.1-RS_2025_04_12	2025-04-12	2944717		90	Scaffold	2015-04-24	CGIH01	53	44.5							2844	Syntrophomonadaceae	91.59	9.12
ASM436922v1	GCF_004369225.1	GCA_004369225.1	Pelotomaculum propionicicum	258475		MGP					GCF_004369225.1-RS_2025_05_13	2025-05-13	3946752		199	Contig	2019-03-25	QFFZ01	199	49							3966	Clostridiales	98.25	1.32
ASM394646v1	GCF_003946465.1	GCA_003946465.1	Lacticaseibacillus hegangensis	2486010		73-4					GCF_003946465.1-RS_2025_11_23	2025-11-23	2501322		69	Contig	2018-12-14	RHOL01	69	55.5							2487	Lactobacillaceae	98.61	0.93
Txyl_1	GCF_907165215.1	GCA_907165215.1	Thermobacillus xylanilyticus	76633		XE					GCF_907165215.1-RS_2025_04_26	2025-04-26	4109925		146	Scaffold	2021-05-15	CAJRAY01	108	61							3922	Paenibacillaceae	97.21	0.98
B157_assembly01	GCF_002003465.1	GCA_002003465.1	Caenibacillus caldisaponilyticus	1674942		B157					GCF_002003465.1-RS_2025_08_12	2025-08-12	3356119		181	Contig	2017-01-27	BDDQ01	181	52							3326	Sporolactobacillaceae	81.59	18.71
ASM216700v1	GCF_002167005.1	GCA_002167005.1	Indiicoccus explosivorum	1917864					S5-TSA-19		GCF_002167005.1-RS_2025_04_02	2025-04-02	3032503		83	Contig	2017-06-05	NHTN01	83	53.5							3164	Planococcaceae	90.9	3.56
ASM5043318v1	GCF_050433185.1	GCA_050433185.1	Desulfitispora alkaliphila	622674		DSM 22410					GCF_050433185.1-RS_2025_05_20	2025-05-20	2968584		95	Scaffold	2025-05-19	JBNPXS01	94	39							3099	Bacteria	98.28	0.86
IMG-taxon 2654587883 annotated assembly	GCF_900110685.1	GCA_900110685.1	Piscibacillus halophilus	571933		DSM 21633					GCF_900110685.1-RS_2025_08_11	2025-08-11	2992995		83	Contig	2016-10-31	FOES01	83	36.5							3205	Bacillaceae	97.12	0.75
IMG-taxon 2582581265 annotated assembly	GCF_900129075.1	GCA_900129075.1	Caldanaerobius fijiensis DSM 17918	1121256		DSM 17918					GCF_900129075.1-RS_2025_12_09	2025-12-09	2760766		96	Scaffold	2016-12-03	FQVH01	88	39							2822	Thermoanaerobacteraceae	100	1.31
ASM969565v1	GCF_009695655.1	GCA_009695655.1	Sharpea porci	2652286		CA-Schmier-601-WT-3					GCF_009695655.1-RS_2025_12_09	2025-12-09	2498985		77	Contig	2019-11-22	VUNM01	77	37							2490	Erysipelotrichales	98.74	1.38
ASM395029v1	GCF_003950295.1	GCA_003950295.1	Loigolactobacillus iwatensis	1267156		JCM 18838					GCF_003950295.1-RS_2025_11_23	2025-11-23	2622292		89	Contig	2018-12-14	RHNP01	89	40.5							2425	Lactobacillaceae	99.33	4.58
IMG-taxon 2595698240 annotated assembly	GCF_900103425.1	GCA_900103425.1	Dialister histaminiformans	209880		DSM 15230					GCF_900103425.1-RS_2025_12_10	2025-12-10	1700551		48	Scaffold	2016-10-21	FMXA01	41	46.5							1613	Dialister	93.7	6.53
ASM91881475v1	GCF_918814755.1	GCA_918814755.1	Periweissella ghanensis	467997		LMG 24286 substr. LMG 24286					GCF_918814755.1-RS_2025_07_08	2025-07-08	1988014		66	Contig	2021-11-18	CAKKNT01	66	39.5							2020	Lactobacillaceae	96.06	0.76
ASM4009599v1	GCF_040095995.1	GCA_040095995.1	Niallia hominis	3133173		CLA-SR-H024					GCF_040095995.1-RS_2025_07_07	2025-07-07	4899582		179	Contig	2024-06-07	JBBMFN01	179	35.5							4803	Bacillaceae	94.84	3.6
ASM4264974v1	GCF_042649745.1	GCA_042649745.1	Streptococcus caprae	1640501		CCUG 67170					GCF_042649745.1-RS_2025_11_20	2025-11-20	2271858		74	Scaffold	2024-10-05	JBHRZV01	53	43							2232	Streptococcus	99.73	1.41
ASM2007570v1	GCF_020075705.1	GCA_020075705.1	Metabacillus rhizolycopersici	2875709		DBTR6					GCF_020075705.1-RS_2025_08_02	2025-08-02	5920298		355	Contig	2021-09-20	JAIQUM01	355	36.5							5820	Bacillaceae	99.35	4.25
ASM379714v1	GCF_003797145.1	GCA_003797145.1	Aerococcus agrisoli	2487350		SJQ22					GCF_003797145.1-RS_2025_08_08	2025-08-08	2113287		107	Contig	2018-11-19	RKMG01	107	39							1951	Aerococcus	92.24	8.61
IMG-taxon 2654588106 annotated assembly	GCF_900129485.1	GCA_900129485.1	Ornithinibacillus halophilus	930117		IBRC-M 10683					GCF_900129485.1-RS_2025_12_09	2025-12-09	3463618		112	Scaffold	2016-12-03	FQVW01	109	36							3494	Bacillaceae	98.06	0.54
ASM2160813v1	GCF_021608135.1	GCA_021608135.1	Microaerobacter geothermalis	674972		DSM 22679					GCF_021608135.1-RS_2025_12_11	2025-12-11	3132374		85	Contig	2022-01-25	JAKIHL01	85	41.5							3195	Bacillaceae	94.03	1.45
ASM388510v1	GCF_003885105.1	GCA_003885105.1	Lactiplantibacillus garii	2306423		FI11369					GCF_003885105.1-RS_2025_11_23	2025-11-23	2972201		162	Scaffold	2018-12-06	QWZQ01	158	48.5							2903	Lactobacillaceae	99.35	0.74
ASM1886186v1	GCF_018861865.1	GCA_018861865.1	Clostridium frigoris	205327		DSM 14204					GCF_018861865.1-RS_2025_05_06	2025-05-06	4121528		155	Contig	2021-06-13	JAHLDV01	155	30.5							3972	Clostridium	98.76	1.24
B032	GCF_947381555.1	GCA_947381555.1	Limosilactobacillus pulli	2991833		BIEP23/BCEP10					GCF_947381555.1-RS_2025_12_13	2025-12-13	1924125		240	Contig	2023-04-29	CANCWQ01	240	46							1910	Lactobacillaceae	99.02	
ASM394640v1	GCF_003946405.1	GCA_003946405.1	Lacticaseibacillus yichunensis	2486015		33-1					GCF_003946405.1-RS_2025_11_23	2025-11-23	2558704		73	Contig	2018-12-14	RHOG01	73	55.5							2361	Lactobacillaceae	98	0.63
ASM175836v1	GCF_001758365.1	GCA_001758365.1	Clostridium acetireducens DSM 10703	1121290		DSM 10703					GCF_001758365.1-RS_2025_04_12	2025-04-12	2424212		85	Contig	2016-10-12	LZFO01	85	26.5							2350	Clostridium	99.07	1.86
ASM3757785v1	GCF_037577855.1	GCA_037577855.1	Dethiothermospora halolimnae	3114390		SD1					GCF_037577855.1-RS_2025_05_04	2025-05-04	4259623		135	Scaffold	2024-03-26	JBAKFX01	134	30.5							4183	Bacteria	98.28	1.72
ASM394621v1	GCF_003946215.1	GCA_003946215.1	Lapidilactobacillus mulanensis	2485999		143-6					GCF_003946215.1-RS_2025_11_23	2025-11-23	2318206		107	Contig	2018-12-14	RHOW01	107	42.5							2144	Lactobacillaceae	99.35	1.8
ASM2068748v1	GCF_020687485.1	GCA_020687485.1	Hominifimenecus microfluidus	2885348		CLA-AA-H215					GCF_020687485.1-RS_2025_12_13	2025-12-13	3985039		150	Contig	2021-10-31	JAJEQR01	150	49							3719	Lachnospiraceae	96.04	1.25
ASM897422v1	GCF_008974225.1	GCA_008974225.1	Weizmannia acidilactici	2607726		PP-18					GCF_008974225.1-RS_2025_08_26	2025-08-26	3298187		142	Contig	2019-10-01	BKZR01	142	46							3398	Bacillaceae	98.55	0.65
ASM4267904v1	GCF_042679045.1	GCA_042679045.1	Sporosarcina contaminans	633403		CCUG 53915					GCF_042679045.1-RS_2025_12_11	2025-12-11	3789378		135	Contig	2024-10-06	JBHTLT01	135	41							3814	Sporosarcina	93.88	8.37
ASM434144v1	GCF_004341445.1	GCA_004341445.1	Baia soyae	1544746		DSM 46831					GCF_004341445.1-RS_2025_04_17	2025-04-17	2921910		92	Contig	2019-03-11	SLXV01	92	42							2920	Thermoactinomycetaceae	74.73	9.95
ASM1061482v1	GCF_010614825.1	GCA_010614825.1	Neobacillus sedimentimangrovi	2699460		FJAT-2464					GCF_010614825.1-RS_2025_12_12	2025-12-12	3230933		108	Scaffold	2020-02-14	JAAFZF01	105	38							3356	Bacillaceae	99.35	0.22
ASM1464731v1	GCF_014647315.1	GCA_014647315.1	Alicyclobacillus cellulosilyticus	1003997		JCM 18487					GCF_014647315.1-RS_2025_09_02	2025-09-02	2711950		244	Scaffold	2020-09-11	BMOY01	177	63.5							2745	Alicyclobacillus	89.9	0.96
IMG-taxon 2597490369 annotated assembly	GCF_900114545.1	GCA_900114545.1	Halanaerobium salsuginis	29563		ATCC 51327					GCF_900114545.1-RS_2025_05_03	2025-05-03	2991186		101	Scaffold	2016-11-02	FOTI01	100	32.5							2900	Halanaerobium	86.61	19.94
ASM401009v1	GCF_004010095.1	GCA_004010095.1	Lacticaseibacillus hulanensis	2493111		ZW163					GCF_004010095.1-RS_2025_04_03	2025-04-03	2355647		61	Contig	2019-01-09	RRYD01	61	52.5							2188	Lactobacillaceae	92.73	1.72
ASM307317v1	GCF_003073175.1	GCA_003073175.1	Peribacillus acanthi	2171554		L28					GCF_003073175.1-RS_2025_03_28	2025-03-28	4063863		150	Scaffold	2018-04-26	QBBX01	56	37							4173	Bacillaceae	100	0.73
pear-SPAdes-1.0	GCF_000808015.1	GCA_000808015.1	Terrisporobacter othiniensis	1577792		08-306576					GCF_000808015.1-RS_2025_12_13	2025-12-13	3986874		166	Contig	2014-12-29	JWHR01	166	28.5							4012	Peptostreptococcaceae	99.34	
ASM4268617v1	GCF_042686175.1	GCA_042686175.1	Kurthia populi	1562132		KCTC 33522					GCF_042686175.1-RS_2025_11_20	2025-11-20	3887293		143	Contig	2024-10-07	JBHUOR01	143	39							4063	Planococcaceae	87.07	7.42
ASM77063v1	GCF_000770635.1	GCA_000770635.1	Pontibacillus yanchengensis Y32	1385514		Y32					GCF_000770635.1-RS_2025_03_28	2025-03-28	4281464		153	Contig	2014-11-03	AVBF01	153	38.5							4180	Pontibacillus	92.33	11.39
ASM62012v1	GCF_000620125.1	GCA_000620125.1	Clostridiisalibacter paucivorans DSM 22131	1121289		DSM 22131					GCF_000620125.1-RS_2025_05_31	2025-05-31	3250627		95	Scaffold	2014-04-08	JHVL01	85	31.5							3214	Bacteria	98.28	0.86
Weizmannia_sp_nov_DSM106041	GCF_943193165.1	GCA_943193165.1	Weizmannia agrestimuris	2941342		DSM 106041					GCF_943193165.1-RS_2025_07_22	2025-07-22	3275460		104	Contig	2022-06-10	CALPDC01	104	46.5							3168	Bacillaceae	99.35	
ASM3952248v1	GCF_039522485.1	GCA_039522485.1	Lentibacillus halophilus	295065		JCM 12149					GCF_039522485.1-RS_2024_05_10	2024-05-10	2863168		110	Scaffold	2024-02-23	BAAADM01	70	43.5							2887	Bacillaceae	98.59	0.43
ASM1464719v1	GCF_014647195.1	GCA_014647195.1	Oceanobacillus indicireducens	1004261		JCM 17251					GCF_014647195.1-RS_2024_09_02	2024-09-02	3871950		144	Scaffold	2020-09-12	BMOS01	89	40							3935	Oceanobacillus	68.26	12.69
IMG-taxon 2585428064 annotated assembly	GCF_900129805.1	GCA_900129805.1	Thermosyntropha lipolytica DSM 11003	1123382		DSM 11003					GCF_900129805.1-RS_2025_04_12	2025-04-12	2169229		96	Contig	2016-12-03	FQWY01	96	42							2246	Syntrophomonadaceae	89.95	3.4
ASM194560v1	GCF_001945605.1	GCA_001945605.1	Dubosiella newyorkensis	1862672		NYU-BL-A4					GCF_001945605.1-RS_2025_03_12	2025-03-12	2254642		148	Contig	2017-01-11	MPKA01	148	42.5							2415	Erysipelotrichaceae	95	2.51
IMG-taxon 2634166901 annotated assembly	GCF_900113675.1	GCA_900113675.1	Pisciglobus halotolerans	745365		DSM 27630					GCF_900113675.1-RS_2025_05_03	2025-05-03	2437433		101	Scaffold	2016-11-02	FOQE01	88	38.5							2307	Carnobacteriaceae	98.95	1.14
B015	GCF_947381485.1	GCA_947381485.1	Limosilactobacillus avium	2991831		BIEM52					GCF_947381485.1-RS_2025_12_13	2025-12-13	2158112		237	Contig	2023-04-29	CANCWN01	237	48.5							2130	Lactobacillaceae	99.35	0.74
IMG-taxon 2585428171 annotated assembly	GCF_900142165.1	GCA_900142165.1	Hespellia stercorisuis DSM 15480	1121950		DSM 15480					GCF_900142165.1-RS_2025_12_13	2025-12-13	4402942		166	Scaffold	2016-12-03	FQZY01	160	45.5							4200	Lachnospiraceae	97.5	0.62
ASM4009626v1	GCF_040096265.1	GCA_040096265.1	Ruthenibacterium intestinale	3133163		CLA-JM-H11					GCF_040096265.1-RS_2025_07_07	2025-07-07	3095593		117	Contig	2024-06-07	JBBMFA01	117	54.5							3151	Ruminococcaceae	99.07	0.7
ASM1834354v2	GCF_018343545.2	GCA_018343545.2	Neobacillus citreus	2833578		FJAT-50051					GCF_018343545.2-RS_2025_03_29	2025-03-29	6044792		220	Scaffold	2022-03-09	JAGYPE02	152	41							5956	Bacillaceae	98.53	5.49
ASM394644v1	GCF_003946445.1	GCA_003946445.1	Loigolactobacillus jiayinensis	2486016		257-1					GCF_003946445.1-RS_2025_11_23	2025-11-23	3038278		127	Contig	2018-12-14	RHOF01	127	42.5							2989	Lactobacillaceae	99	5.86
ASM1690912v1	GCF_016909125.1	GCA_016909125.1	Enterococcus lemanii	1159752		DSM 105069					GCF_016909125.1-RS_2025_03_28	2025-03-28	2720315		74	Contig	2021-02-19	JAFBFD01	74	37							2628	Enterococcus	91.78	2.05
ASM190802v1	GCF_001908025.1	GCA_001908025.1	Geobacillus proteiniphilus	860353		1017					GCF_001908025.1-RS_2025_03_28	2025-03-28	3574950		186	Contig	2016-12-19	MQMG01	186	52							3813	Geobacillus	98.46	0.55
ASM949873v1	GCF_009498735.1	GCA_009498735.1	Gracilibacillus oryzae	1672701		TD8					GCF_009498735.1-RS_2025_12_09	2025-12-09	4634286		148	Scaffold	2019-10-22	WEID01	54	37.5							4621	Bacillaceae	97.57	1.72
ASM394667v1	GCF_003946675.1	GCA_003946675.1	Lapidilactobacillus gannanensis	2486002		143-1					GCF_003946675.1-RS_2025_11_23	2025-11-23	2393386		77	Contig	2018-12-14	RHOT01	77	41							2253	Lactobacillaceae	98.96	0.3
ASM413821v1	GCF_004138215.1	GCA_004138215.1	Anaerophilus nitritigenes	2498136		MJB2					GCF_004138215.1-RS_2025_04_13	2025-04-13	3059311		112	Contig	2019-02-05	RYYS01	112	29.5							3007	Clostridiaceae	98.03	4.93
ASM143451v1	GCF_001434515.1	GCA_001434515.1	Lactobacillus hamsteri DSM 5661 = JCM 6256	1423754		DSM 5661					GCF_001434515.1-RS_2025_03_29	2025-03-29	1837804		99	Scaffold	2015-11-06	AZGI01	93	35							1822	Lactobacillus	98.39	0.24
ASM436297v1	GCF_004362975.1	GCA_004362975.1	Aminicella lysinilytica	433323		DSM 28287					GCF_004362975.1-RS_2025_12_13	2025-12-13	2286758		95	Scaffold	2019-03-22	SNXO01	91	45.5							2169	Clostridia	97.92	
ASM51309v1	GCF_000513095.1	GCA_000513095.1	Halalkalibacter wakoensis JCM 9140	1236970		JCM 9140					GCF_000513095.1-RS_2025_08_08	2025-08-08	4530938		187	Contig	2013-12-30	BAUT01	187	38.5							4662	Bacillaceae	91.74	0.16
ASM4009628v1	GCF_040096285.1	GCA_040096285.1	Ruminococcoides intestinihominis	3133161		CLA-AA-H171					GCF_040096285.1-RS_2025_07_21	2025-07-21	2259502		104	Contig	2024-06-07	JBBMEY01	104	34.5							2193	Ruminococcaceae	98.14	0.62
ASM2322776v1	GCF_023227765.1	GCA_023227765.1	Fuchsiella alkaliacetigena	957042		Z-7100					GCF_023227765.1-RS_2025_08_29	2025-08-29	2873640		116	Contig	2022-05-03	JALKBZ01	116	36							2768	Halobacteroidaceae	91.94	6.89
ASM31182v1	GCF_000311825.1	GCA_000311825.1	Peptoniphilus grossensis ph5	1118057		ph5					GCF_000311825.1-RS_2025_05_01	2025-05-01	2101866		77	Scaffold	2012-08-16	CAGX01	8	34							2038	Peptoniphilus	98.48	2.09
ASM540518v1	GCF_005405185.1	GCA_005405185.1	Secundilactobacillus hailunensis	2559923		887-11					GCF_005405185.1-RS_2025_09_02	2025-09-02	2706209		161	Scaffold	2019-03-29	BJDO01	154	44.5							2559	Lactobacillaceae	98.47	
B098	GCF_947387525.1	GCA_947387525.1	Limosilactobacillus viscerum	2993450		CIEM62					GCF_947387525.1-RS_2025_12_13	2025-12-13	1933329		148	Contig	2023-04-29	CANDNW01	148	45							1903	Lactobacillaceae	99.25	0.41
Fervidicella_assembly	GCF_000601455.1	GCA_000601455.1	Fervidicella metallireducens AeB	1403537		AeB					GCF_000601455.1-RS_2025_04_11	2025-04-11	2892465		164	Contig	2014-03-27	AZQP01	164	32							3026	Clostridiaceae	89.93	3.74
ASM173023v1	GCF_001730235.1	GCA_001730235.1	Vulcanibacillus modesticaldus	337097		BR					GCF_001730235.1-RS_2025_05_02	2025-05-02	2224341		100	Contig	2016-09-16	MIJF01	100	33.5							2360	Bacillaceae	84.96	2.36
ASM4009665v1	GCF_040096655.1	GCA_040096655.1	Blautia intestinihominis	3133152		CLA-AA-H95					GCF_040096655.1-RS_2025_07_07	2025-07-07	4095624		227	Contig	2024-06-07	JBBMEI01	227	43.5							3998	Blautia	96.96	1.04
ASM4268510v1	GCF_042685105.1	GCA_042685105.1	Enterococcus camelliae	453959		TISTR 932					GCF_042685105.1-RS_2025_11_20	2025-11-20	2383996		129	Scaffold	2024-10-07	JBHUMO01	73	38.5							2377	Enterococcus	94.98	2.43
ASM4009601v1	GCF_040096015.1	GCA_040096015.1	Peptoniphilus hominis (ex Hitch et al. 2025)	3133174		CLA-SR-H025					GCF_040096015.1-RS_2025_07_14	2025-07-14	1989360		86	Contig	2024-06-07	JBBMFO01	86	34							1984	Peptoniphilus	98.38	1.77
ASM2068720v1	GCF_020687205.1	GCA_020687205.1	Hominisplanchenecus faecis	2885351		CLA-AA-H246					GCF_020687205.1-RS_2025_12_13	2025-12-13	3266661		104	Contig	2021-10-31	JAJEQE01	104	44							3028	Lachnospiraceae	100	0.62
ASM1668099v1	GCF_016680995.1	GCA_016680995.1	Ruminococcus difficilis	2763069		M6					GCF_016680995.1-RS_2025_07_15	2025-07-15	3705135		203	Contig	2021-01-18	JAEQMG01	203	50.5							3488	Ruminococcus	87.75	24.69
ASM143587v1	GCF_001435875.1	GCA_001435875.1	Lentilactobacillus farraginis DSM 18382 = JCM 14108	1423743		DSM 18382					GCF_001435875.1-RS_2025_03_28	2025-03-28	2859511		166	Scaffold	2015-11-06	AZFY01	157	42							2856	Lactobacillaceae	99.35	0.33
ASM305761v1	GCF_003057615.1	GCA_003057615.1	Metalysinibacillus jejuensis	914327		N25					GCF_003057615.1-RS_2025_05_13	2025-05-13	2837038		230	Contig	2018-04-18	QAFW01	230	39.5							3019	Planococcaceae	86.74	6.88
IMG-taxon 2568526009 annotated assembly	GCF_900167165.1	GCA_900167165.1	Carboxydocella sporoproducens DSM 16521	1121270		DSM 16521					GCF_900167165.1-RS_2025_04_12	2025-04-12	2578924		83	Contig	2017-03-04	FUXM01	83	49							2745	Clostridiales	99.56	1.32
ASM74005v1	GCF_000740055.1	GCA_000740055.1	Secundilactobacillus oryzae JCM 18671	1291743		SG293					GCF_000740055.1-RS_2025_08_12	2025-08-12	1860394		93	Contig	2014-07-31	BBJM01	93	43							2009	Lactobacillaceae	98.69	0.08
IMG-taxon 2634166354 annotated assembly	GCF_900102365.1	GCA_900102365.1	Thomasclavelia cocleata	69824		DSM 1551					GCF_900102365.1-RS_2025_03_05	2025-03-05	2957106		96	Scaffold	2016-10-31	FOIN01	88	28.5							2829	Erysipelotrichales	99.37	0.94
ASM145705v1	GCF_001457055.1	GCA_001457055.1	Priestia veravalensis	1414648		SGD-V-76					GCF_001457055.1-RS_2025_11_23	2025-11-23	4114189		158	Scaffold	2015-12-04	LNQP01	146	37.5							4575	Bacillaceae	98.45	0.32
ASM1464663v1	GCF_014646635.1	GCA_014646635.1	Lentibacillus kapialis	340214		JCM 12580					GCF_014646635.1-RS_2024_09_02	2024-09-02	3640324		157	Scaffold	2020-09-12	BMNQ01	148	42							3630	Bacillaceae	98.2	1.4
ASM1483683v1	GCF_014836835.1	GCA_014836835.1	Clostridium faecium	2762223		N37					GCF_014836835.1-RS_2025_11_20	2025-11-20	3853386		190	Contig	2020-09-30	JACSQB01	190	28.5							3674	Clostridium	99.38	2.07
ASM70166v1	GCF_000701665.1	GCA_000701665.1	Agathobaculum desmolans ATCC 43058	1408437		ATCC 43058					GCF_000701665.1-RS_2025_12_12	2025-12-12	2646896		97	Scaffold	2014-06-11	JNJN01	95	54							2768	Clostridiales	99.12	0.44
ASM5320650v1	GCF_053206505.1	GCA_053206505.1	Streptococcus fryi	661498		SS1919					GCF_053206505.1-RS_2025_11_18	2025-11-18	1998711		81	Contig	2025-10-25	JBRUGW01	81	38.5							2033	Streptococcus	96.81	0.58
ASM1420289v1	GCF_014202895.1	GCA_014202895.1	Lactovum miscens	190387		DSM 14925					GCF_014202895.1-RS_2025_05_05	2025-05-05	1755291		62	Scaffold	2020-08-14	JACHHV01	61	36.5							1691	Streptococcaceae	94.28	1.18
ASM143712v1	GCF_001437125.1	GCA_001437125.1	Levilactobacillus paucivorans	616990		DSM 22467					GCF_001437125.1-RS_2025_03_28	2025-03-28	2362603		178	Scaffold	2015-11-06	JQCA01	167	49							2326	Lactobacillaceae	99.13	
ASM143519v1	GCF_001435195.1	GCA_001435195.1	Liquorilactobacillus satsumensis DSM 16230 = JCM 12392	1423801		DSM 16230					GCF_001435195.1-RS_2025_03_28	2025-03-28	2639652		125	Scaffold	2015-11-06	AZFQ01	55	40							2518	Lactobacillaceae	99.35	0.87
ASM1690865v1	GCF_016908655.1	GCA_016908655.1	Streptococcus saliviloxodontae	1349416		DSM 27513					GCF_016908655.1-RS_2025_03_28	2025-03-28	2051957		75	Contig	2021-02-19	JAFBEI01	75	40							1980	Streptococcus	99.29	0.77
ASM1483632v1	GCF_014836325.1	GCA_014836325.1	Clostridium gallinarum	2762246		Sa3CUN1					GCF_014836325.1-RS_2025_04_15	2025-04-15	3426635		150	Scaffold	2020-09-30	JACSQZ01	144	27							3261	Clostridium	97.83	0.62
ASM2096995v1	GCF_020969955.1	GCA_020969955.1	Allobaculum fili	2834460		539					GCF_020969955.1-RS_2025_08_08	2025-08-08	2580362		201	Contig	2021-11-24	JAHDSX01	201	50.5							2233	Erysipelotrichaceae	94.9	3.1
ASM299584v1	GCF_002995845.1	GCA_002995845.1	Clostridium luticellarii	1691940		DSM 29923					GCF_002995845.1-RS_2025_03_30	2025-03-30	3754778		165	Contig	2018-03-14	PVXP01	165	35							3744	Clostridium	98.6	
ASM1904221v1	GCF_019042215.1	GCA_019042215.1	Evansella tamaricis	2069301		CGMCC 1.15917					GCF_019042215.1-RS_2025_05_06	2025-05-06	5186571		192	Scaffold	2021-06-27	JAHQCS01	190	38							4977	Bacillaceae	98.71	1.29
ASM394632v1	GCF_003946325.1	GCA_003946325.1	Companilactobacillus furfuricola	1462575		JCM 18764					GCF_003946325.1-RS_2025_05_04	2025-05-04	2644344		95	Contig	2018-12-14	RHNT01	95	38.5							2608	Lactobacillaceae	98.47	1.14
ASM4265506v1	GCF_042655065.1	GCA_042655065.1	Ureibacillus suwonensis	313007		KACC 11287					GCF_042655065.1-RS_2025_03_02	2025-03-02	3335077		195	Contig	2024-10-06	JBHSNQ01	195	41							3418	Planococcaceae	87.49	7.17
ASM386441v1	GCF_003864415.1	GCA_003864415.1	Ligilactobacillus salitolerans	1808352		YK43					GCF_003864415.1-RS_2025_08_12	2025-08-12	2529335		167	Scaffold	2018-11-30	BFFP01	145	43.5							2529	Lactobacillaceae	98.37	1.11
IMG-taxon 2684622850 annotated assembly	GCF_900111135.1	GCA_900111135.1	Granulicatella balaenopterae	137733		DSM 15827					GCF_900111135.1-RS_2025_12_10	2025-12-10	2135967		96	Scaffold	2016-10-31	FOGF01	94	34							2000	Granulicatella	74.82	9.35
ASM1965623v1	GCF_019656235.1	GCA_019656235.1	Apilactobacillus xinyiensis	2841032		F575-4					GCF_019656235.1-RS_2025_09_02	2025-09-02	1453633		47	Contig	2021-06-16	BPLL01	47	31							1502	Lactobacillaceae	97.33	0.33
IMG-taxon 2700988698 annotated assembly	GCF_900142095.1	GCA_900142095.1	Thermoclostridium caenicola	659425		DSM 19027					GCF_900142095.1-RS_2025_04_07	2025-04-07	2890486		127	Scaffold	2019-09-11	FQZP01	125	51							2680	Ruminococcaceae	98.76	0.9
ASM436581v1	GCF_004365815.1	GCA_004365815.1	Breznakia blatticola	1754012		DSM 28867					GCF_004365815.1-RS_2025_04_19	2025-04-19	2461343		99	Scaffold	2019-03-22	SODD01	98	34							2322	Erysipelotrichaceae	97.33	0.63
ASM1920702v1	GCF_019207025.1	GCA_019207025.1	Clostridium thailandense	2794346		PL3					GCF_019207025.1-RS_2025_09_29	2025-09-29	6484535		261	Contig	2021-07-13	JAEEGC01	261	31							5948	Clostridium	99.07	2.33
ASM143650v1	GCF_001436505.1	GCA_001436505.1	Loigolactobacillus rennini DSM 20253	1423796		DSM 20253					GCF_001436505.1-RS_2025_03_28	2025-03-28	2269330		126	Scaffold	2015-11-06	AYYI01	106	40.5							2302	Lactobacillaceae	99.23	3.21
ASM1690864v1	GCF_016908645.1	GCA_016908645.1	Streptococcus loxodontisalivarius	1349415		DSM 27382					GCF_016908645.1-RS_2025_03_28	2025-03-28	2226923		95	Contig	2021-02-19	JAFBEH01	95	40.5							2134	Streptococcus	99.77	0.13
s149	GCF_000520815.1	GCA_000520815.1	Paenibacillus maysiensis	1155954		1-49					GCF_000520815.1-RS_2025_04_29	2025-04-29	5617999		350	Contig	2014-01-15	ASRY01	350	47							5501	Paenibacillus	98.87	0.56
ASM394602v1	GCF_003946025.1	GCA_003946025.1	Lacticaseibacillus songhuajiangensis	1296539		7-19					GCF_003946025.1-RS_2025_11_23	2025-11-23	2605895		91	Contig	2018-12-14	RHNR01	91	52.5							2406	Lactobacillaceae	99.02	1.72
ASM4586217v1	GCF_045862175.1	GCA_045862175.1	Lacticaseibacillus salsurae	3367729		N501-2					GCF_045862175.1-RS_2025_06_22	2025-06-22	2843466		150	Scaffold	2024-10-18	BAAFZI01	149	49							2872	Lactobacillaceae	98.9	0.84
ASM1463717v1	GCF_014637175.1	GCA_014637175.1	Compostibacillus humi	1245525		CGMCC 1.12360					GCF_014637175.1-RS_2025_09_02	2025-09-02	3376322		171	Scaffold	2020-09-12	BMEV01	169	41							3468	Bacillaceae	96.59	0.09
IMG-taxon 2636415975 annotated assembly	GCF_900114235.1	GCA_900114235.1	Marinilactibacillus piezotolerans	258723		DSM 16108					GCF_900114235.1-RS_2025_05_03	2025-05-03	2554689		128	Scaffold	2016-11-02	FOSJ01	124	35.5							2492	Carnobacteriaceae	97.34	4.75
IMG-taxon 2654588147 annotated assembly	GCF_900111795.1	GCA_900111795.1	Anoxybacillus pushchinoensis	150248		K1					GCF_900111795.1-RS_2025_04_22	2025-04-22	2625421		124	Scaffold	2016-11-02	FOJQ01	117	42							2895	Anoxybacillus	97.27	1.8
L1	GCF_000334155.1	GCA_000334155.1	Halalkalibacterium ligniniphilum	1134413		L1					GCF_000334155.1-RS_2025_11_20	2025-11-20	3856255		196	Contig	2013-01-28	ANNK01	196	41							4022	Bacillaceae	99.35	6.55
IMG-taxon 2616644817 annotated assembly	GCF_900109085.1	GCA_900109085.1	Alkalibacterium gilvum	1130080		DSM 25751					GCF_900109085.1-RS_2025_05_03	2025-05-03	2181898		96	Scaffold	2016-10-31	FNYW01	94	36.5							2166	Carnobacteriaceae	97.93	3.47
LgorillaeKZ01T_1.0	GCF_001293735.1	GCA_001293735.1	Limosilactobacillus gorillae	1450649		KZ01(T)=JCM19575(T)=DSM28356(T)					GCF_001293735.1-RS_2025_08_12	2025-08-12	1641621		63	Contig	2015-09-01	BCAH01	63	48							1642	Lactobacillaceae	99.02	
ASM2322774v1	GCF_023227745.1	GCA_023227745.1	Natroniella acetigena	52004		Z-7937					GCF_023227745.1-RS_2025_05_16	2025-05-16	2625838		116	Contig	2022-05-03	JALKBX01	116	34							2588	Halobacteroidaceae	94.17	2.58
ASM798902v1	GCF_007989025.1	GCA_007989025.1	Lapidilactobacillus concavus	287844		NBRC 106101					GCF_007989025.1-RS_2025_08_26	2025-08-26	1858186		116	Contig	2019-08-01	BJVG01	116	43.5							1787	Lactobacillaceae	99.17	0.16
ASM1180075v1	GCF_011800755.1	GCA_011800755.1	Listeria valentina	2705293		CLIP 2019/00642					GCF_011800755.1-RS_2025_05_05	2025-05-05	2763400		165	Contig	2020-03-31	JAATJW01	165	40							2813	Listeria	84.74	6.37
ASM2886394v1	GCF_028863945.1	GCA_028863945.1	Jeotgalibaca caeni	3028623		YN-L-12					GCF_028863945.1-RS_2025_03_28	2025-03-28	2665101		151	Contig	2023-02-26	JARBEA01	151	41							2593	Carnobacteriaceae	97.8	3.26
ASM68666v1	GCF_000686665.1	GCA_000686665.1	Thomasclavelia saccharogumia DSM 17460	1121333		DSM 17460					GCF_000686665.1-RS_2025_03_03	2025-03-03	3143441		139	Scaffold	2014-05-08	JMLH01	133	30							2889	Erysipelotrichales	98.11	0.63
IMG-taxon 2582581267 annotated assembly	GCF_900129265.1	GCA_900129265.1	Caloramator proteoclasticus DSM 10124	1121262		DSM 10124					GCF_900129265.1-RS_2025_04_12	2025-04-12	2655018		125	Scaffold	2016-12-03	FQVG01	122	31.5							2662	Clostridiaceae	99.3	0.75
ASM156191v1	GCF_001561915.1	GCA_001561915.1	Tepidibacillus decaturensis	1413211		Z9					GCF_001561915.1-RS_2025_12_09	2025-12-09	2963953		123	Scaffold	2016-02-16	LSKU01	3	36							2900	Bacillaceae	81.91	1.17
ASM2523471v1	GCF_025234715.1	GCA_025234715.1	Exiguobacterium himgiriensis	384621		K22_26					GCF_025234715.1-RS_2025_09_29	2025-09-29	2963334		151	Contig	2022-09-16	JANIEI01	151	51							3145	Exiguobacterium	97.9	1.18
ASM799193v1	GCF_007991935.1	GCA_007991935.1	Companilactobacillus nantensis	305793		NBRC 107153					GCF_007991935.1-RS_2025_08_26	2025-08-26	2895933		155	Contig	2019-07-31	BJZH01	155	36							2798	Lactobacillaceae	99.13	2.07
ASM1293336v1	GCF_012933365.1	GCA_012933365.1	Sulfobacillus harzensis	2729629		DSM 109850					GCF_012933365.1-RS_2025_03_28	2025-03-28	4395015		397	Contig	2020-04-29	JABBVZ01	397	58							4778	Sulfobacillus	83.16	23.49
ASM87620v1	GCF_000876205.1	GCA_000876205.1	Paucilactobacillus wasatchensis	1335616		WDC04					GCF_000876205.1-RS_2025_11_23	2025-11-23	1904253		105	Contig	2015-02-17	AWTT01	105	40							1910	Lactobacillaceae	99.26	0.33
ASM83672v1	GCF_000836725.1	GCA_000836725.1	Anoxybacillus thermarum	404937		AF/04					GCF_000836725.1-RS_2025_12_09	2025-12-09	2736908		159	Contig	2015-02-12	JXTH01	159	42							3105	Anoxybacillus	94.61	2.22
ASM103904v1	GCF_001039045.1	GCA_001039045.1	Lactiplantibacillus herbarum	1670446		TCF032-E4					GCF_001039045.1-RS_2025_03_21	2025-03-21	2899876		132	Scaffold	2015-06-24	LFEE01	55	43.5							2847	Lactobacillaceae	96.16	2.37
Clostridium polynesiense str. MS1	GCF_000820705.1	GCA_000820705.1	Clostridium polynesiense	1325933		MS1					GCF_000820705.1-RS_2025_04_11	2025-04-11	3560738		161	Contig	2014-09-18	CCXI01	161	34							3597	Clostridium	94.16	1.4
E2	GCF_947387495.1	GCA_947387495.1	Limosilactobacillus difficilis	2991838		BHUE2					GCF_947387495.1-RS_2025_12_13	2025-12-13	1876915		293	Contig	2023-04-29	CANDNU01	293	48							1868	Lactobacillaceae	99.69	
ASM394638v1	GCF_003946385.1	GCA_003946385.1	Loigolactobacillus zhaoyuanensis	2486017		187-3					GCF_003946385.1-RS_2025_11_23	2025-11-23	2698660		152	Contig	2018-12-14	RHOE01	152	42.5							2674	Lactobacillaceae	99.33	5.31
ASM2641314v1	GCF_026413145.1	GCA_026413145.1	Limosilactobacillus kribbianus	2982695		YH-lim2214					GCF_026413145.1-RS_2025_07_31	2025-07-31	2110954		107	Scaffold	2022-11-27	JAOVYZ01	105	51							2078	Lactobacillaceae	99.13	1.96
ASM1430645v1	GCF_014306455.1	GCA_014306455.1	Catenibacterium faecis	2764323		NSJ-22					GCF_014306455.1-RS_2025_08_08	2025-08-08	2580270		161	Contig	2020-08-26	JACRWG01	161	34							2679	Erysipelotrichales	100	0.33
B002	GCF_947381495.1	GCA_947381495.1	Limosilactobacillus galli	2991834		BC6G17					GCF_947381495.1-RS_2025_12_13	2025-12-13	1861581		393	Contig	2023-04-29	CANCWK01	393	50.5							1964	Lactobacillaceae	99.25	
ASM1886170v1	GCF_018861705.1	GCA_018861705.1	Clostridium psychrophilum	132926		DSM 14207					GCF_018861705.1-RS_2025_09_29	2025-09-29	4116200		285	Contig	2021-06-13	JAHLEC01	285	30							3958	Clostridium	99.69	1.99
ASM143659v1	GCF_001436595.1	GCA_001436595.1	Secundilactobacillus similis DSM 23365 = JCM 2765	1423804		DSM 23365					GCF_001436595.1-RS_2025_03_29	2025-03-29	3476170		249	Scaffold	2015-11-06	AYZM01	181	47							3200	Lactobacillaceae	99.13	0.95
ASM3953960v1	GCF_039539605.1	GCA_039539605.1	Amphibacillus indicireducens	1076330		JCM 17250					GCF_039539605.1-RS_2025_05_10	2025-05-10	2805607		193	Scaffold	2024-02-23	BAABDL01	174	37							2668	Bacillaceae	83.17	1.03
ASM304950v1	GCF_003049505.1	GCA_003049505.1	Metasolibacillus meyeri	1071052		WS4626					GCF_003049505.1-RS_2025_03_27	2025-03-27	4371228		307	Contig	2018-04-11	PYWN01	307	38							4359	Planococcaceae	90.26	8.47
ASM1682063v1	GCF_016820635.1	GCA_016820635.1	Anaeromonas gelatinilytica	2683194		D2Q-14					GCF_016820635.1-RS_2025_05_05	2025-05-05	2892849		146	Contig	2021-02-07	WSFU01	146	29							2921	Clostridiaceae	97.16	1.66
ASM999684v1	GCF_009996845.1	GCA_009996845.1	Pallidibacillus pasinlerensis	2703818		P1					GCF_009996845.1-RS_2025_12_09	2025-12-09	3189538		176	Contig	2020-01-29	JAACYS01	176	35							3271	Bacillaceae	97.3	0.7
ASM159162v1	GCF_001591625.1	GCA_001591625.1	Metabacillus fastidiosus NBRC 101226	1348628		NBRC 101226					GCF_001591625.1-RS_2025_05_25	2025-05-25	4410645		239	Contig	2016-02-27	BCVG01	239	35							4537	Bacillaceae	98.06	1.35
IMG-taxon 2585428175 annotated assembly	GCF_900142235.1	GCA_900142235.1	Tepidibacter formicigenes DSM 15518	1123349		DSM 15518					GCF_900142235.1-RS_2025_12_13	2025-12-13	2639825		151	Scaffold	2016-12-03	FRAE01	149	27.5							2731	Peptostreptococcaceae	97.35	1.32
IMG-taxon 2619619006 annotated assembly	GCF_900101165.1	GCA_900101165.1	Alkalibacterium thalassium	426701		DSM 19181					GCF_900101165.1-RS_2025_05_03	2025-05-03	2364962		132	Scaffold	2016-10-21	FNFK01	124	42							2353	Carnobacteriaceae	97.93	3.42
ASM798976v1	GCF_007989765.1	GCA_007989765.1	Furfurilactobacillus siliginis	348151		NBRC 101315					GCF_007989765.1-RS_2025_08_26	2025-08-26	2038617		117	Contig	2019-08-01	BJUD01	117	44							2062	Lactobacillaceae	98.91	0.74
ASM4009641v1	GCF_040096415.1	GCA_040096415.1	Megasphaera intestinihominis	3133159		CLA-AA-H81					GCF_040096415.1-RS_2025_07_07	2025-07-07	2382222		166	Contig	2024-06-07	JBBMEU01	166	53.5							2302	Megasphaera	99.82	0.51
ASM1430615v1	GCF_014306155.1	GCA_014306155.1	Holdemanella hominis	2764327		L34					GCF_014306155.1-RS_2025_08_08	2025-08-08	2328165		144	Contig	2020-08-26	JACRWH01	144	34							2491	Erysipelotrichaceae	96.31	0.75
ASM1117008v1	GCF_011170085.1	GCA_011170085.1	Pseudolactococcus hodotermopsidis	2709157		Hs30E4-3					GCF_011170085.1-RS_2025_06_08	2025-06-08	2297451		138	Contig	2020-02-21	BLLI01	138	39.5							2216	Lactococcus	85.82	2.86
ASM1840366v1	GCF_018403665.1	GCA_018403665.1	Paenibacillus cisolokensis	1658519		LC2-13A					GCF_018403665.1-RS_2025_08_29	2025-08-29	5305208		277	Contig	2021-04-24	BOVJ01	277	56							5493	Paenibacillus	75.85	0.44
ASM4098444v1	GCF_040984445.1	GCA_040984445.1	Streptococcus handemini	3161188		ZJ93					GCF_040984445.1-RS_2025_11_23	2025-11-23	2102137		133	Contig	2024-07-31	JBFRYH01	133	41							2194	Streptococcus	99.65	0.62
ASM3952184v1	GCF_039521845.1	GCA_039521845.1	Alkalibacterium iburiense	290589		JCM 12662					GCF_039521845.1-RS_2024_05_10	2024-05-10	2663995		220	Scaffold	2024-02-23	BAAACW01	183	38							2590	Carnobacteriaceae	97.67	2.71
ASM969607v1	GCF_009696075.1	GCA_009696075.1	Holdemanella porci	2652276		LKV-472-APC-3					GCF_009696075.1-RS_2025_12_10	2025-12-10	2070150		133	Contig	2019-11-22	VUMR01	133	34							2188	Erysipelotrichaceae	96.92	0.73
IMG-taxon 2622736585 annotated assembly	GCF_900100125.1	GCA_900100125.1	Dolosicoccus paucivorans	84521		DSM 15742					GCF_900100125.1-RS_2025_12_10	2025-12-10	1759599		107	Contig	2016-10-21	FNEL01	107	38							1799	Aerococcaceae	96.36	0.17
ASM3952200v1	GCF_039522005.1	GCA_039522005.1	Alkalibacterium indicireducens	398758		JCM 14232					GCF_039522005.1-RS_2025_05_16	2025-05-16	2449468		262	Scaffold	2024-02-23	BAAADA01	231	42							2436	Carnobacteriaceae	98.65	4.32
ASM799205v1	GCF_007992055.1	GCA_007992055.1	Companilactobacillus mindensis	167481		NBRC 107162					GCF_007992055.1-RS_2025_08_26	2025-08-26	2285531		186	Contig	2019-07-31	BJZN01	186	38							2246	Lactobacillaceae	99.11	2.81
ASM1430609v1	GCF_014306095.1	GCA_014306095.1	Lentihominibacter faecis	2764712		BX16					GCF_014306095.1-RS_2025_03_02	2025-03-02	2097162		119	Contig	2020-08-26	JACRWC01	119	47.5							2042	Clostridiales	94.53	2.05
Syntrophaceticus schinkii	GCF_000946815.1	GCA_000946815.1	Syntrophaceticus schinkii	499207		Sp3					GCF_000946815.1-RS_2025_12_13	2025-12-13	3166921		301	Contig	2015-02-07	CDRZ01	301	46.5							3485	Thermoanaerobacterales Family III. Incertae Sedis	75.38	6.54
ASM1833247v1	GCF_018332475.1	GCA_018332475.1	Bacillus sanguinis	2817476		BML-BC004					GCF_018332475.1-RS_2025_08_02	2025-08-02	5479511		732	Contig	2021-03-14	BOQB01	732	35.5							5893	Bacillus	99.41	0.3
ASM4009618v1	GCF_040096185.1	GCA_040096185.1	Faecousia intestinalis	3133167		CLA-AA-H192					GCF_040096185.1-RS_2025_07_07	2025-07-07	2980004		281	Contig	2024-06-07	JBBMFF01	281	58.5							2891	Ruminococcaceae	91.61	2.17
ASM104707v2	GCF_001047075.2	GCA_001047075.2	Fructobacillus ficulneus	157463		JCM 12225					GCF_001047075.2-RS_2025_12_10	2025-12-10	1552198		179	Scaffold	2015-06-25	BBXQ01	28	44							1600	Lactobacillaceae	91.46	1.17
Paenibacillus reamassiliensis	GCF_001368795.1	GCA_001368795.1	Paenibacillus ihuae	1232431		GD6					GCF_001368795.1-RS_2025_04_29	2025-04-29	6725359		600	Scaffold	2015-04-22	CTED01	13	49.5							6548	Paenibacillus	93.37	2.43
Nosocomiicoccus_NP2_v1	GCF_000438455.1	GCA_000438455.1	Nosocomiicoccus massiliensis	1232430		NP2					GCF_000438455.1-RS_2025_03_21	2025-03-21	1509734		154	Contig	2013-07-03	CAVG01	154	36.5							1657	Staphylococcaceae	76.35	0.66
ASM194552v1	GCF_001945525.1	GCA_001945525.1	Ileibacterium valens	1862668		NYU-BL-A3					GCF_001945525.1-RS_2025_12_14	2025-12-14	2740565		291	Contig	2017-01-11	MPJW01	291	41							2562	Erysipelotrichaceae	94.48	2.32
ASM2544769v1	GCF_025447695.1	GCA_025447695.1	Streptococcus danieliae	747656		DSM 22233					GCF_025447695.1-RS_2025_03_28	2025-03-28	1698092		193	Contig	2022-09-27	JAOBSU01	193	44.5							1702	Streptococcus	94.37	
ASM929572v1	GCF_009295725.1	GCA_009295725.1	Clostridium tarantellae	39493		DSM 3997					GCF_009295725.1-RS_2025_04_07	2025-04-07	3979886		713	Contig	2019-10-23	WHJC01	713	26							3543	Clostridium	98.76	0.98
ASM4009655v1	GCF_040096555.1	GCA_040096555.1	Coprococcus intestinihominis	3133154		CLA-AA-H190					GCF_040096555.1-RS_2025_07_07	2025-07-07	3604728		551	Contig	2024-06-07	JBBMEK01	551	43.5							3772	Coprococcus	79.93	20.86
ASM2462190v1	GCF_024621905.1	GCA_024621905.1	Terrisporobacter muris	2963284		DSM 29186					GCF_024621905.1-RS_2025_12_13	2025-12-13	4058004		602	Contig	2022-08-10	JANKBY01	602	28.5							4141	Peptostreptococcaceae	96.69	
