"","ID","gene_name","gene_desc","best_db","sporprot"
"1","K06284","abrB","transcriptional regulator of transition state genes","KEGG","sporulation_prot"
"2","K00974","cca","tRNA nucleotidyltransferase,maturation of the single-copy tRNACys,which lacks an encoded CCA 3 end","KEGG","sporulation_prot"
"3","K01449","cwlJ","spore coat protein,cell wall hydrolase","KEGG","sporulation_prot"
"4","K01142","exoA","apurinic/apyrimidinic endonuclease,multifunctional DNA-repair enzyme,important for spore dormance","KEGG","sporulation_prot"
"5","K01356","lexA","transcriptional repressor of the SOS regulon","KEGG","sporulation_prot"
"6","K03496","parA","ATPase,centromere-like function involved in forespore chromosome partitioning / negative regulation of [[category|SW.4.2 initiation,regulator of SMC complex dynamics","KEGG","sporulation_prot"
"7","K03497","parB","CTP hydrolase,chromosome positioning near the pole and transport through the polar septum / antagonist of SMC complex to the origin of replication,coordination of early steps in DNA replication with establishment of a medial division site","KEGG","sporulation_prot"
"8","K03086","sigA","RNA polymerase major sigma factor SigA","KEGG","sporulation_prot"
"9","K03091","sigH","RNA polymerase sigma factor SigH,not fully active in laboratory strains due to a mutation (V117A)","KEGG","sporulation_prot"
"10","K03664","smpB","tmRNA-binding protein","KEGG","sporulation_prot"
"11","K07699","spo0A","phosphorelay regulator,initiation of sporulation,coordinates DNA replication and initiation of sporulation by binding to sites close to the <i>oriC</i>","KEGG","sporulation_prot"
"12","K06381","spoIID","cell wall hydrolase (lytic transglycosylase),required for complete dissolution of the asymmetric septum","KEGG","sporulation_prot"
"13","K06283","spoIIID","transcriptional regulator (repressor or activator) of a subset of [3CB24D493B3282278B7DC61CE3C793DFA815F9E2|sigma E-dependent genes","KEGG","sporulation_prot"
"14","K03466","spoIIIE","ATP-dependent dsDNA translocase,resolution of chromosomal dimers after DNA replication,coordinates chromosome segregation and peptidoglycan remodeling during sporulation,transports the forespore chromosome across the sporulation septum","KEGG","sporulation_prot"
"15","K06412","spoVG","RNA-binding regulatory protein,negative effector of asymetric septation at the onset of sporulation","KEGG","sporulation_prot"
"16","K04769","spoVT","transcription activator and repressor of [5F24258282F3166B7696B9E9ABC1706E4D06C944-dependent genes","KEGG","sporulation_prot"
"17","K03698","yhaM","RNase,3 5 exoribonuclease","KEGG","sporulation_prot"
"18","K00390","yitB","phospho-adenylylsulfate sulfotransferase","KEGG","sporulation_prot"
"19","K10979","ykoV","DNA-end-binding protein Ku,non-homologous end joining DNA repair","KEGG","sporulation_prot"
"20","K07175","ylaK","similar to phosphate starvation inducible protein [6BF4F99DEF2E032A8547B920086305775D04FACF","KEGG","sporulation_prot"
"21","K03469","ypeP","similar to RNase HI","KEGG","sporulation_prot"
"22","K02647","ysfB","similar to carbohydrate diacid transcriptional activator","KEGG","sporulation_prot"
"23","K02049","ytlC","similar to anion transport ABC transporter (ATP-binding protein)","KEGG","sporulation_prot"
"24","K10716","yugO","potassium channel protein (exporter)","KEGG","sporulation_prot"
"25","K00640","cysE","serine O-acetyltransferase","KEGG","sporulation_prot"
"26","K02343","dnaX","DNA polymerase  III (gamma and tau subunits) part of the clamp-loader complex and the replisome","KEGG","sporulation_prot"
"27","K07171","endoA","abrB","KEGG","sporulation_prot"
"28","K00820","glmS","glutamine-fructose-6-phosphate transaminase","KEGG","sporulation_prot"
"29","K07738","nrdR","negative regulator of transcription of the ribonucleotide reductase <i>nrd </i>operon","KEGG","sporulation_prot"
"30","K03657","pcrA","cca","KEGG","sporulation_prot"
"1312","COG0686","ald","Alanine dehydrogenase (includes sporulation protein SpoVN)","COG","sporulation_prot"
"2100","COG0700","spmB","Spore maturation protein SpmB (function unknown)","COG","sporulation_prot"
"3100","COG0784","cheY","CheY-like REC (receiver) domain, includes chemotaxis protein CheY  and sporulation regulator Spo0F","COG","sporulation_prot"
"4100","COG1300","spoIIM","Stage II sporulation protein SpoIIM, component of the engulfment complex","COG","sporulation_prot"
"5100","COG1633","yhjR","Rubrerythrin, includes spore coat protein YhjR","COG","sporulation_prot"
"6100","COG1774","yaaT","Cell fate regulator YaaT, PSP1 superfamily (controls sporulation, competence, biofilm development)","COG","sporulation_prot"
"7100","COG1861","spsF","Spore coat polysaccharide biosynthesis protein SpsF, cytidylyltransferase family","COG","sporulation_prot"
"8100","COG1873","ylmC","Sporulation protein YlmC, YlmC/YmxH family, contains PRC-barrel domain","COG","sporulation_prot"
"9100","COG1994","spoIVFB","Zn-dependent protease (includes sporulation protein SpoIVFB)","COG","sporulation_prot"
"10100","COG2132","sufI","Multicopper oxidase with three cupredoxin domains (includes cell division protein FtsP and spore coat protein CotA)","COG","sporulation_prot"
"11100","COG2340","ykwD","Spore germination protein YkwD and related proteins with CAP (CSP/antigen 5/PR1) domain","COG","sporulation_prot"
"12100","COG2359","spoVS","Stage V sporulation protein SpoVS, predicted DNA-binding, AlbA superfamily","COG","sporulation_prot"
"1313","COG2385","spoIID","Peptidoglycan hydrolase (amidase) enhancer domain SpoIID","COG","sporulation_prot"
"1412","COG2715","spmA","Spore maturation protein SpmA (function unknown)","COG","sporulation_prot"
"1512","COG2718","yeaH","Uncharacterized conserved protein YeaH/YhbH, required for sporulation, DUF444 family","COG","sporulation_prot"
"1611","COG2719","spoVR","Stage V sporulation protein SpoVR/YcgB, involved in spore cortex formation (function unknown)","COG","sporulation_prot"
"1711","COG2755","tesA","Lysophospholipase L1 or related esterase. Includes spore coat protein LipC/YcsK","COG","sporulation_prot"
"1811","COG3314","spoVV","Spore dipicolinate transporter SpoVV/YjiH/YlbJ, contains nucleoside recognition GATE domain","COG","sporulation_prot"
"1911","COG3546","cotJC","Mn-containing catalase (includes spore coat protein CotJC)","COG","sporulation_prot"
"2011","COG3621","pATA","Patatin-like phospholipase/acyl hydrolase, includes sporulation protein CotR","COG","sporulation_prot"
"2111","COG3679","ylbF","Cell fate regulator YlbF, YheA/YmcA/DUF963 family (controls sporulation, competence, biofilm development)","COG","sporulation_prot"
"2211","COG3773","cwlJ","Cell wall hydrolase CwlJ, involved in spore germination","COG","sporulation_prot"
"2311","COG3854","spoIIIAA","Stage III sporulation protein SpoIIIAA","COG","sporulation_prot"
"2411","COG3858","sleL","Spore cortex hydrolase SleL/YaaH, N-acetylglucosaminidase of GH18 family","COG","sporulation_prot"
"2511","COG3874","ytfJ","Uncharacterized spore protein YtfJ","COG","sporulation_prot"
"2611","COG3980","spsG","Spore coat polysaccharide biosynthesis protein SpsG, predicted glycosyltransferase","COG","sporulation_prot"
"2711","COG4326","spo0M","Stage 0 sporulation-control protein Spo0M","COG","sporulation_prot"
"2811","COG4550","ymcA","Cell fate regulator YmcA, YheA/YmcA/DUF963 family (controls sporulation, competence, biofilm development)","COG","sporulation_prot"
"2911","COG4641","spore maturation protein CgeB","Spore maturation protein CgeB","COG","sporulation_prot"
"3011","COG4846","ccdC","Cytochrome c biogenesis protein CcdC","COG","sporulation_prot"
"31","COG4862","mecA","Negative regulator MecA of genetic competence, sporulation and motility","COG","sporulation_prot"
"32","COG5018","kapD","3'-5' exonuclease KapD, inhibitor of KinA-controlled sporulation","COG","sporulation_prot"
"33","COG5337","cotH","Spore coat protein CotH","COG","sporulation_prot"
"34","COG5401","gerM","Spore germination protein GerM","COG","sporulation_prot"
"35","COG5577","cotF","Spore coat protein CotF","COG","sporulation_prot"
"36","COG5801","spo0A","Stage 0 sporulation initiation regulator Spo0A (response regulator, REC-HTH domains)","COG","sporulation_prot"
"37","COG5802","spo0B","Stage 0 sporulation initiation phosphotransferase Spo0B","COG","sporulation_prot"
"38","COG5803","spo0F","Stage 0 sporulation initiation response regulator Spo0F","COG","sporulation_prot"
"39","COG5804","spo0E","Stage 0 sporulation regulatory phosphatase Spo0E","COG","sporulation_prot"
"40","COG5805","kinA","Sporulation sensor histidine kinase A (Stage II sporulation protein SpoIIF/SpoIIJ)","COG","sporulation_prot"
"41","COG5806","kinB","Sporulation sensor histidine kinase B","COG","sporulation_prot"
"42","COG5807","kinC","Sporulation sensor histidine kinase C","COG","sporulation_prot"
"43","COG5808","kinD","Sporulation sensor histidine kinase D","COG","sporulation_prot"
"44","COG5809","kinE","Sporulation sensor histidine kinase E","COG","sporulation_prot"
"45","COG5810","kbaA","Sporulation protein KbaA, activator of histidine kinase KinB","COG","sporulation_prot"
"46","COG5811","sigE","Sporulation sigma factor SigE (mother cell-specific, SpoIIGB)","COG","sporulation_prot"
"47","COG5812","sigF","Sporulation sigma factor SigF (forespore-specific, SpoIIAC)","COG","sporulation_prot"
"48","COG5813","sigG","Sporulation sigma factor SigG (forespore-specific, SpoIIIG)","COG","sporulation_prot"
"49","COG5814","sigK","Sporulation sigma factor SigK (mother cell-specific, SpoIIIC/SpoIVCB)","COG","sporulation_prot"
"50","COG5815","spoIIAA","Stage II sporulation protein SpoIIAA (antagonist of anti-sigma F factor)","COG","sporulation_prot"
"51","COG5816","spoIIB","Stage II sporulation protein SpoIIB (spatial and temporal regulation of the dissolution of septal peptidoglycan during engulfment)","COG","sporulation_prot"
"52","COG5817","spoIIE","Stage II sporulation protein SpoIIE/SpoIIH (serine phosphatase - sigma-F activation)","COG","sporulation_prot"
"53","COG5818","spoIIGA","Stage II sporulation protein SpoIIGA (protease, processing of pro-sigma-E to active sigma-E)","COG","sporulation_prot"
"54","COG5819","spoIIP","Stage II sporulation protein SpoIIP, required for dissolution of the septal cell wall","COG","sporulation_prot"
"55","COG5820","spoIIQ","Stage II sporulation protein SpoIIQ, required for engulfement","COG","sporulation_prot"
"56","COG5821","spoIIQ2","Stage II sporulation protein SpoIIQ, clostridial version, metallopeptidase M23 family","COG","sporulation_prot"
"57","COG5822","spoIIR","Stage II sporulation protein SpoIIR, required for processing of pro-sigma-E","COG","sporulation_prot"
"58","COG5823","spoIIIAB","Stage III sporulation protein SpoIIIAB, component of the engulfment complex","COG","sporulation_prot"
"59","COG5824","spoIIIAC","Stage III sporulation protein SpoIIIAC, component of the engulfment complex","COG","sporulation_prot"
"60","COG5825","spoIIIAD","Stage III sporulation protein SpoIIIAD, component of the engulfment complex","COG","sporulation_prot"
"61","COG5826","spoIIIAE","Stage III sporulation protein SpoIIIAE, component of the engulfment complex","COG","sporulation_prot"
"62","COG5827","spoIIIAF","Stage III sporulation protein SpoIIIAF, component of the engulfment complex","COG","sporulation_prot"
"63","COG5828","spoIIIAG","Stage III sporulation protein SpoIIIAG, component of the engulfment complex","COG","sporulation_prot"
"64","COG5829","spoIIIAH","Stage III sporulation protein SpoIIIAH, component of the engulfment complex","COG","sporulation_prot"
"65","COG5830","spoIIID","Stage III sporulation protein SpoIIID, transcriptional regulator of sigma-E- and sigma-K-dependent genes","COG","sporulation_prot"
"66","COG5831","spoIVA","Stage IV sporulation protein SpoIVA, required for spore cortex formation and coat assembly","COG","sporulation_prot"
"67","COG5832","spoIVB","Stage IV sporulation protein SpoIVB, serine protease, degrades SpoIIQ, SpoIVFA","COG","sporulation_prot"
"68","COG5833","spoIVFA","Stage IV sporulation protein SpoIVFA, regulates SpoIVFB","COG","sporulation_prot"
"69","COG5834","spoVAA","Stage V sporulation protein SpoVAA, subunit of dipicolinate uptake complex","COG","sporulation_prot"
"70","COG5835","spoVAB","Stage V sporulation protein SpoVAB, subunit of dipicolinate uptake complex","COG","sporulation_prot"
"71","COG5836","spoVAC","Stage V sporulation protein SpoVAC, subunit of dipicolinate uptake complex","COG","sporulation_prot"
"72","COG5837","spoVAD","Stage V sporulation protein SpoVAD, subunit of dipicolinate uptake complex","COG","sporulation_prot"
"73","COG5838","spoVAEA","Stage V sporulation protein SpoVAEA, mutants lead to the production of immature spores","COG","sporulation_prot"
"74","COG5839","spoVAEB","Stage V sporulation protein SpoVAEB, subunit of dipicolinate uptake complex","COG","sporulation_prot"
"75","COG5840","spoVAF","Stage V sporulation protein SpoVAF, subunit of dipicolinate uptake complex, GerA superfamily","COG","sporulation_prot"
"76","COG5841","spoVB","Stage V sporulation protein SpoVB/SpoIIIF, required for spore cortex synthesis","COG","sporulation_prot"
"77","COG5842","dpaA","Dipicolinate synthase subunit A (sporulation protein SpoVFA)","COG","sporulation_prot"
"78","COG5843","dpaB","Dipicolinate synthase subunit B (sporulation protein SpoVFB)","COG","sporulation_prot"
"79","COG5844","spoVM","Stage V sporulation protein SpoVM, required for spore cortex and coat synthesis","COG","sporulation_prot"
"80","COG5845","spoVT","Stage V sporulation protein SpoVT, regulator of stationary/sporulation gene expression","COG","sporulation_prot"
"81","COG5846","spoVID","Stage VI sporulation protein SpoVID (LysM domain), required for assembly of the spore coat","COG","sporulation_prot"
"82","COG5847","spoVIF","Stage VI sporulation protein SpoVIF, required for heat resistance","COG","sporulation_prot"
"83","COG5848","bofA","SigmaK-processing regulatory protein BofA (Bypass-of-forespore protein A)","COG","sporulation_prot"
"84","COG5849","bofC","SigmaK checkpoint regulator BofC  (Bypass-of-forespore protein C)","COG","sporulation_prot"
"85","COG5850","rsfA","Prespore-specific transcriptional regulator RsfA","COG","sporulation_prot"
"86","COG5851","sda","Stage 0 sporulation inhibitor Sda, checkpoint for initiation of sporulation and replication","COG","sporulation_prot"
"87","COG5852","sspA/SspB/SspC/SspD","Small acid-soluble spore protein SspA/SspB/SspC/SspD (alpha/beta-type)","COG","sporulation_prot"
"88","COG5853","sspE","Small acid-soluble spore protein SspE (gamma-type)","COG","sporulation_prot"
"89","COG5854","sspF","Small acid-soluble spore protein SspF (alpha/beta-type)","COG","sporulation_prot"
"90","COG5855","sspH","Small acid-soluble spore protein SspH/YfjU","COG","sporulation_prot"
"91","COG5856","sspI","Small acid-soluble spore protein SspI","COG","sporulation_prot"
"92","COG5857","sspK","Small acid-soluble spore protein SspK","COG","sporulation_prot"
"93","COG5858","sspL","Small acid-soluble spore protein SspL","COG","sporulation_prot"
"94","COG5859","sspN","Small acid-soluble spore protein SspN","COG","sporulation_prot"
"95","COG5860","sspO","Small acid-soluble spore protein SspO/CotK","COG","sporulation_prot"
"96","COG5861","sspP","Small acid-soluble spore protein SspP/CotL","COG","sporulation_prot"
"97","COG5862","csgA","Small acid-soluble spore protein CsgA","COG","sporulation_prot"
"98","COG5863","tlp","Small acid-soluble spore protein Tlp (thioredoxin-like protein)","COG","sporulation_prot"
"99","COG5864","sASP","Small acid-soluble spore protein SAS2, clostridial type","COG","sporulation_prot"
"100","COG5865","csfB","Forespore-specific anti-sigma-G factor CsfB/Gin","COG","sporulation_prot"
"101","COG5866","yabG","Sporulation-specific protease YabG","COG","sporulation_prot"
"102","COG5868","yabP","Sporulation protein YabP","COG","sporulation_prot"
"103","COG5869","yabQ","Spore cortex formation membrane protein YabQ","COG","sporulation_prot"
"104","COG5870","ybaK","Uncharacterized sporulation protein YbaK, contains DUF2521 domain (not related to E. coli deacylase YbaK, COG2606)","COG","sporulation_prot"
"105","COG5871","yqfC","Spore cortex protein YqfC, YabP family","COG","sporulation_prot"
"106","COG5872","yqfD","Stage IV sporulation protein YqfD","COG","sporulation_prot"
"107","COG5873","yqzE","Uncharacterized sporulation protein YqzE","COG","sporulation_prot"
"108","COG5874","ytxC","Uncharacterized sporulation protein YtxC","COG","sporulation_prot"
"109","COG5876","uncharacterized sporulation protein YozQ","Uncharacterized sporulation protein YozQ","COG","sporulation_prot"
"110","COG5878","yyaC","Uncharacterized sporulation protein YyaC,contains DUF1256 domain","COG","sporulation_prot"
"111","COG5879","cotD","Spore coat protein CotD","COG","sporulation_prot"
"112","COG5880","cotE","Spore coat protein CotE","COG","sporulation_prot"
"113","COG5881","cotI","Spore coat protein CotI/CotS, protein kinase superfamily","COG","sporulation_prot"
"114","COG5882","cotJA","Spore coat protein CotJA, required for the assembly of CotJC","COG","sporulation_prot"
"115","COG5883","cotJB","Spore coat protein CotJB","COG","sporulation_prot"
"116","COG5884","cotN","Spore coat protein CotN/TasA","COG","sporulation_prot"
"117","COG5885","cotO","Spore coat protein CotO/YjbX","COG","sporulation_prot"
"118","COG5886","cotV","Spore coat protein CotV/CotX (outer spore coat)","COG","sporulation_prot"
"119","COG5887","cotW","Spore coat protein CotW (outer spore coat)","COG","sporulation_prot"
"120","COG5888","cotY","Spore coat protein CotY/CotZ (outer spore coat)","COG","sporulation_prot"
"121","COG5889","gerQ","Spore coat protein GerQ/YwdL (inner spore coat)","COG","sporulation_prot"
"122","COG5890","yhbB","Uncharacterized sporulation proteins YjcM and YhbB, contain C-terminal amidase domain","COG","sporulation_prot"
"123","COG5891","yheC","Spore coat protein YheC/YheD, ATP-grasp superfamily","COG","sporulation_prot"
"124","COG5892","ylbD","Spore coat protein YlbD, FlgN family","COG","sporulation_prot"
"125","COG5894","yppG","Spore coat protein YppG","COG","sporulation_prot"
"126","COG5895","ypzA","Uncharacterized sporulation protein YpzA, contains DUF2564 domain","COG","sporulation_prot"
"127","COG5896","yraG","Spore coat protein YraE/YraG","COG","sporulation_prot"
"128","COG5897","ysxE","Spore coat protein YsxE, aminoglycoside phosphotransferase family","COG","sporulation_prot"
"129","COG5898","yuzC","Spore coat protein YuzC (inner spore coat)","COG","sporulation_prot"
"130","COG5899","ywqH","Spore coat protein YwqH","COG","sporulation_prot"
"131","COG5900","yybI","Spore coat protein YybI (inner spore coat)","COG","sporulation_prot"
"132","COG5901","gerAA","Spore germination receptor GerABC, GerA subunit (L-alanine receptor)","COG","sporulation_prot"
"133","COG5902","gerAB","Spore germination receptor GerABC, GerB subunit (amino acid transporter)","COG","sporulation_prot"
"134","COG5903","gerAC","Spore germination receptor GerABC, GerC subunit","COG","sporulation_prot"
"135","COG5904","gerD","Spore germination receptor GerD","COG","sporulation_prot"
"136","COG5905","gerE","Spore transcriptional regulator GerE (stand-alone HTH domain)","COG","sporulation_prot"
"137","COG5906","gerPA","Spore germination protein GerPA/GerPF (inner spore coat)","COG","sporulation_prot"
"138","COG5907","gerPB","Spore germination protein GerPB, DUF2539 family (inner spore coat)","COG","sporulation_prot"
"139","COG5908","gerPC","Spore germination protein GerPC (inner spore coat)","COG","sporulation_prot"
"140","COG5909","gerPD","Spore germination protein GerPD (inner spore coat)","COG","sporulation_prot"
"141","COG5910","gerPE","Spore germination protein GerPE (inner spore coat)","COG","sporulation_prot"
"142","COG5911","gpr","Spore germination protease Gpr","COG","sporulation_prot"
"143","COG5912","coxA","Spore cortex protein CoxA (YrbB), YhcN/YlaJ family","COG","sporulation_prot"
"144","COG5914","ypeB","Spore germination protein YpeB, HAD superfamily, activates cortex-lytic enzyme SleB","COG","sporulation_prot"
"145","COG5916","yfkD","Uncharacterized sporulation protein YfkD","COG","sporulation_prot"
"146","COG5917","yjbA","Uncharacterized sporulation protein YjbA, contains UPF0736/DUF3603 domain","COG","sporulation_prot"
"147","COG5918","ymfJ","Uncharacterized sporulation protein YmfJ, contains DUF3243 domain","COG","sporulation_prot"
"148","COG5919","yodI","Uncharacterized sporulation protein YodI","COG","sporulation_prot"
"149","COG5920","yqfT","Uncharacterized sporulation protein YqfT, contains DUF2624 domain","COG","sporulation_prot"
"150","COG5921","yqfX","Uncharacterized sporulation protein YqfX, contains DUF308 domain","COG","sporulation_prot"
"151","COG5922","yqhG","Uncharacterized sporulation protein YqhG","COG","sporulation_prot"
"152","COG5923","yrzE","Uncharacterized sporulation membrane protein YrzE, contains DUF3792 domain","COG","sporulation_prot"
"153","COG5924","ytfI","Uncharacterized sporulation protein YtfI, contains DUF2953 domain","COG","sporulation_prot"
"154","COG5925","ytrH","Uncharacterized sporulation membrane protein YtrH/SpoVIGA","COG","sporulation_prot"
"155","COG5926","ytrI","Uncharacterized sporulation protein YtrI","COG","sporulation_prot"
"156","COG5928","spoIIT/YwmB","Sporulation protein SpoIIT/YwmB, DUF1779 family","COG","sporulation_prot"
"910","COG2002","abrB","Bifunctional DNA-binding transcriptional regulator of stationary/sporulation/toxin gene expression and antitoxin component of the YhaV-PrlF toxin-antitoxin module","COG","sporulation_prot"
"1010","COG0511","accB","Biotin carboxyl carrier protein","COG","sporulation_prot"
"1110","COG0439","accC","Biotin carboxylase","COG","sporulation_prot"
"1210","COG1309","acrR","DNA-binding protein, AcrR family, includes nucleoid occlusion protein SlmA","COG","sporulation_prot"
"1310","COG4147","actP","Na+(or H+)/acetate symporter ActP","COG","sporulation_prot"
"1410","COG0123","acuC","Acetoin utilization deacetylase AcuC or a related deacetylase","COG","sporulation_prot"
"1510","COG2055","allD","Malate/lactate/ureidoglycolate dehydrogenase, LDH2 family","COG","sporulation_prot"
"1610","COG0787","alr","Alanine racemase","COG","sporulation_prot"
"1710","COG1115","alsT","Na+/alanine symporter","COG","sporulation_prot"
"1810","COG0860","amiC","N-acetylmuramoyl-L-alanine amidase","COG","sporulation_prot"
"1910","COG1680","ampC","CubicO group peptidase, beta-lactamase class C family","COG","sporulation_prot"
"2010","COG0366","amyA","Glycosidase/amylase (phosphorylase)","COG","sporulation_prot"
"2110","COG1113","ansP","L-asparagine transporter or related permease","COG","sporulation_prot"
"2210","COG0639","apaH","Diadenosine tetraphosphatase ApaH/serine/threonine protein phosphatase, PP2A family","COG","sporulation_prot"
"2310","COG1294","appB","Cytochrome bd-type quinol oxidase, subunit 2","COG","sporulation_prot"
"2410","COG1271","appC","Cytochrome bd-type quinol oxidase, subunit 1","COG","sporulation_prot"
"2510","COG4608","appF","ABC-type oligopeptide transport system, ATPase component","COG","sporulation_prot"
"2610","COG1404","aprE","Serine protease, subtilisin family","COG","sporulation_prot"
"2710","COG2814","araJ","Predicted arabinose efflux permease AraJ, MFS family","COG","sporulation_prot"
"2810","COG0624","argE","Acetylornithine deacetylase/Succinyl-diaminopimelate desuccinylase or related deacylase","COG","sporulation_prot"
"2910","COG1055","arsB","Na+/H+ antiporter NhaD or related arsenite permease","COG","sporulation_prot"
"3010","COG0136","asd","Aspartate-semialdehyde dehydrogenase","COG","sporulation_prot"
"319","COG0367","asnB","Asparagine synthetase B (glutamine-hydrolyzing)","COG","sporulation_prot"
"321","COG2057","atoA","Acyl-CoA:acetate/3-ketoacid CoA transferase, beta subunit","COG","sporulation_prot"
"331","COG2204","atoC","DNA-binding transcriptional response regulator, NtrC family, contains REC, AAA-type ATPase, and a Fis-type DNA-binding domains","COG","sporulation_prot"
"341","COG1788","atoD","Acyl CoA:acetate/3-ketoacid CoA transferase, alpha subunit","COG","sporulation_prot"
"351","COG1182","azoR","FMN-dependent NADH-azoreductase","COG","sporulation_prot"
"361","COG1215","bcsA","Glycosyltransferase, catalytic subunit of cellulose synthase and poly-beta-1,6-N-acetylglucosamine synthase","COG","sporulation_prot"
"371","COG3424","bH0617","Predicted naringenin-chalcone synthase","COG","sporulation_prot"
"381","COG0161","bioA","Adenosylmethionine-8-amino-7-oxononanoate aminotransferase","COG","sporulation_prot"
"391","COG1960","caiA","Acyl-CoA dehydrogenase related to the alkylation response protein AidB","COG","sporulation_prot"
"401","COG1024","caiD","Enoyl-CoA hydratase/carnithine racemase","COG","sporulation_prot"
"411","COG1857","cas7","CRISPR-Cas system type I effector complex subunit Cas7,  RAMP superfamily","COG","sporulation_prot"
"421","COG0517","cBS","CBS domain","COG","sporulation_prot"
"431","COG0785","ccdA","Cytochrome c biogenesis protein CcdA","COG","sporulation_prot"
"441","COG1131","ccmA","ABC-type multidrug transport system, ATPase component","COG","sporulation_prot"
"451","COG0726","cDA1","Peptidoglycan/xylan/chitin deacetylase, PgdA/NodB/CDA1 family","COG","sporulation_prot"
"461","COG1793","cDC9","ATP-dependent DNA ligase","COG","sporulation_prot"
"471","COG1455","celB","Phosphotransferase system cellobiose-specific component IIC","COG","sporulation_prot"
"481","COG1486","celF","Alpha-galactosidase/6-phospho-beta-glucosidase, family 4 of glycosyl hydrolase","COG","sporulation_prot"
"491","COG0387","chaA","Cation (Ca2+/Na+/K+)/H+ antiporter ChaA","COG","sporulation_prot"
"501","COG2059","chrA","Chromate transport protein ChrA","COG","sporulation_prot"
"511","COG3290","citA","Sensor histidine kinase DipB regulating citrate/malate metabolism","COG","sporulation_prot"
"521","COG2197","citB","DNA-binding response regulator, NarL/FixJ family, contains REC and HTH domains","COG","sporulation_prot"
"531","COG2851","citM","Mg2+/citrate symporter","COG","sporulation_prot"
"541","COG0542","clpA","ATP-dependent Clp protease, ATP-binding subunit ClpA","COG","sporulation_prot"
"551","COG0740","clpP","ATP-dependent protease ClpP, protease subunit","COG","sporulation_prot"
"561","COG1502","cls","Phosphatidylserine/phosphatidylglycerophosphate/cardiolipin synthase","COG","sporulation_prot"
"571","COG0452","coaBC","Phosphopantothenoylcysteine synthetase/decarboxylase CoaBC","COG","sporulation_prot"
"581","COG1457","codB","Purine-cytosine permease or related protein","COG","sporulation_prot"
"591","COG4465","codY","GTP-sensing pleiotropic transcriptional regulator CodY","COG","sporulation_prot"
"601","COG0561","cof","Hydroxymethylpyrimidine pyrophosphatase and other HAD family phosphatases","COG","sporulation_prot"
"611","COG1809","comA","Phosphosulfolactate synthase, CoM biosynthesis protein A","COG","sporulation_prot"
"621","COG2045","comB","Phosphosulfolactate phosphohydrolase or related enzyme","COG","sporulation_prot"
"631","COG4585","comP","Signal transduction histidine kinase ComP","COG","sporulation_prot"
"641","COG1409","cpdA","3',5'-cyclic AMP phosphodiesterase CpdA","COG","sporulation_prot"
"651","COG0699","crfC","Replication fork clamp-binding protein CrfC (dynamin-like GTPase family)","COG","sporulation_prot"
"661","COG1612","ctaA","Heme A synthase","COG","sporulation_prot"
"671","COG0793","ctpA","C-terminal processing protease CtpA/Prc, contains a PDZ domain","COG","sporulation_prot"
"681","COG5632","cwlA","N-acetylmuramoyl-L-alanine amidase CwlA","COG","sporulation_prot"
"691","COG2124","cypX","Cytochrome P450","COG","sporulation_prot"
"701","COG0529","cysC","Adenylylsulfate kinase or related kinase","COG","sporulation_prot"
"711","COG0175","cysD","3'-phosphoadenosine 5'-phosphosulfate sulfotransferase (PAPS reductase)/FAD synthetase or related enzyme","COG","sporulation_prot"
"721","COG0369","cysJ","Flavoprotein (flavin reductase) subunit CysJ of sulfite and N-hydroxylaminopurine reductases","COG","sporulation_prot"
"731","COG1686","dacC","D-alanyl-D-alanine carboxypeptidase","COG","sporulation_prot"
"741","COG0665","dadA","Glycine/D-amino acid oxidase (deaminating)","COG","sporulation_prot"
"751","COG0329","dapA","4-hydroxy-tetrahydrodipicolinate synthase/N-acetylneuraminate lyase","COG","sporulation_prot"
"761","COG3069","dcuC","C4-dicarboxylate transporter DcuC","COG","sporulation_prot"
"771","COG0265","degQ","Periplasmic serine protease, S1-C subfamily, contain C-terminal PDZ domain","COG","sporulation_prot"
"781","COG0818","dgkA","Diacylglycerol kinase","COG","sporulation_prot"
"791","COG2404","dhhP","Oligoribonuclease NrnA/c-di-AMP phosphodiesterase DhhP, DHH superfamily","COG","sporulation_prot"
"801","COG1624","disA","c-di-AMP synthetase, contains DisA_N domain","COG","sporulation_prot"
"811","COG1623","disA","c-di-AMP synthetase DisA, contains DisA_N, linker and DNA-binding domains","COG","sporulation_prot"
"821","COG3599","divIVA","Cell division septum initiation protein DivIVA, interacts with FtsZ and MinD","COG","sporulation_prot"
"831","COG1734","dksA","RNA polymerase-binding transcription factor DksA","COG","sporulation_prot"
"841","COG2362","dppA","D-aminopeptidase","COG","sporulation_prot"
"851","COG0601","dppB","ABC-type dipeptide/oligopeptide/nickel transport system, permease component","COG","sporulation_prot"
"861","COG1173","dppC","ABC-type dipeptide/oligopeptide/nickel transport system, permease component","COG","sporulation_prot"
"871","COG0444","dppD","ABC-type dipeptide/oligopeptide/nickel transport system, ATPase component","COG","sporulation_prot"
"881","COG1495","dsbB","Disulfide bond formation protein DsbB","COG","sporulation_prot"
"891","COG1651","dsbG","Protein thiol-disulfide isomerase DsbC","COG","sporulation_prot"
"901","COG4473","ecsB","Predicted ABC-type exoprotein transport system, permease component","COG","sporulation_prot"
"911","COG0148","eno","Enolase","COG","sporulation_prot"
"921","COG1020","entF","EntF, seryl-AMP synthase component  of non-ribosomal peptide synthetase","COG","sporulation_prot"
"931","COG1509","epmB","L-lysine 2,3-aminomutase (EF-P beta-lysylation pathway)","COG","sporulation_prot"
"941","COG1376","erfK","Lipoprotein-anchoring transpeptidase ErfK/SrfK","COG","sporulation_prot"
"951","COG1562","eRG9","Phytoene/squalene synthetase","COG","sporulation_prot"
"961","COG1028","fabG","NAD(P)-dependent dehydrogenase, short-chain alcohol dehydrogenase family","COG","sporulation_prot"
"971","COG0332","fabH","3-oxoacyl-[acyl-carrier-protein] synthase III","COG","sporulation_prot"
"981","COG1250","fadB","3-hydroxyacyl-CoA dehydrogenase","COG","sporulation_prot"
"991","COG0191","fba","Fructose/tagatose bisphosphate aldolase","COG","sporulation_prot"
"1001","COG1191","fliA","DNA-directed RNA polymerase specialized sigma subunit","COG","sporulation_prot"
"1011","COG0849","ftsA","Cell division ATPase FtsA","COG","sporulation_prot"
"1021","COG2919","ftsB","Cell division protein FtsB","COG","sporulation_prot"
"1031","COG2884","ftsE","Cell division ATPase FtsE","COG","sporulation_prot"
"1041","COG0768","ftsI","Cell division protein FtsI, peptidoglycan transpeptidase (Penicillin-binding protein 2)","COG","sporulation_prot"
"1051","COG1674","ftsK","DNA segregation ATPase FtsK/SpoIIIE or related protein","COG","sporulation_prot"
"1061","COG1589","ftsQ","Cell division septal protein FtsQ","COG","sporulation_prot"
"1071","COG0772","ftsW","Peptodoglycan polymerase FtsW/RodA/SpoVE","COG","sporulation_prot"
"1081","COG2177","ftsX","Cell division protein FtsX","COG","sporulation_prot"
"1091","COG0552","ftsY","Signal recognition particle GTPase FtsY","COG","sporulation_prot"
"1101","COG1210","galU","UTP-glucose-1-phosphate uridylyltransferase","COG","sporulation_prot"
"1111","COG1208","gCD1","NDP-sugar pyrophosphorylase, includes eIF-2Bgamma, eIF-2Bepsilon, and LPS biosynthesis protein s","COG","sporulation_prot"
"1121","COG3887","gdpP","Cyclic di-AMP phosphodiesterase GdpP, contains GGDEF-like and DHH domains","COG","sporulation_prot"
"1131","COG0277","glcD","FAD/FMN-containing lactate dehydrogenase/glycolate oxidase","COG","sporulation_prot"
"1141","COG4975","glcU","Glucose uptake protein GlcU","COG","sporulation_prot"
"1151","COG0297","glgA","Glycogen synthase","COG","sporulation_prot"
"1161","COG0296","glgB","1,4-alpha-glucan branching enzyme","COG","sporulation_prot"
"1171","COG0448","glgC","Glucose-1-phosphate adenylyltransferase (ADP-glucose pyrophosphorylase)","COG","sporulation_prot"
"1181","COG0058","glgP","Glucan phosphorylase","COG","sporulation_prot"
"1191","COG1126","glnQ","ABC-type polar amino acid transport system, ATPase component","COG","sporulation_prot"
"1201","COG0346","gloA","Catechol 2,3-dioxygenase or related enzyme, vicinal oxygen chelate (VOC) family","COG","sporulation_prot"
"1211","COG0491","gloB","Glyoxylase or a related metal-dependent hydrolase, beta-lactamase superfamily II","COG","sporulation_prot"
"1221","COG0705","glpG","Membrane-associated serine protease, rhomboid family","COG","sporulation_prot"
"1231","COG2066","glsA","Glutaminase","COG","sporulation_prot"
"1241","COG0372","gltA","Citrate synthase","COG","sporulation_prot"
"1251","COG2610","gntT","H+/gluconate symporter GntT or related permease, GntP/DsdX family","COG","sporulation_prot"
"1261","COG0696","gpmI","Phosphoglycerate mutase (BPG-independent), AlkP superfamily","COG","sporulation_prot"
"1271","COG3208","grsT","Surfactin synthase thioesterase subunit","COG","sporulation_prot"
"1281","COG3206","gumC","Exopolysaccharide export protein/domain GumC/Wzc1","COG","sporulation_prot"
"1291","COG4980","gvpP","Gas vesicle protein YhaH","COG","sporulation_prot"
"1301","COG2959","hemX","Proteobacterial HemX domain, involved in 2-ketogluconate production (unrelated to B. subtilis HemX, COG0755, no evidence of involvement in heme biosynthesis)","COG","sporulation_prot"
"1311","COG0553","hepA","Superfamily II DNA or RNA helicase, SNF2 family","COG","sporulation_prot"
"1321","COG1396","hipB","Transcriptional regulator, contains XRE-family HTH domain","COG","sporulation_prot"
"1331","COG0834","hisJ","ABC-type amino acid transport/signal transduction system, periplasmic component/domain","COG","sporulation_prot"
"1341","COG0765","hisM","ABC-type amino acid transport system, permease component","COG","sporulation_prot"
"1351","COG0470","holB","DNA polymerase III, delta prime subunit","COG","sporulation_prot"
"1361","COG0501","htpX","Zn-dependent protease with chaperone function","COG","sporulation_prot"
"1371","COG0680","hyaD","Ni,Fe-hydrogenase maturation factor","COG","sporulation_prot"
"1381","COG0071","ibpA","Small heat shock protein IbpA, HSP20 family","COG","sporulation_prot"
"1391","COG1414","iclR","DNA-binding transcriptional regulator, IclR family","COG","sporulation_prot"
"1401","COG0142","ispA","Geranylgeranyl pyrophosphate synthase","COG","sporulation_prot"
"1411","COG0821","ispG","4-hydroxy-3-methylbut-2-en-1-yl diphosphate synthase IspG/GcpE","COG","sporulation_prot"
"1421","COG1847","jag","Predicted RNA-binding protein Jag (SpoIIIJ-associated), conains KH and R3H domains","COG","sporulation_prot"
"1431","COG0753","katE","Catalase","COG","sporulation_prot"
"1441","COG1226","kch","Voltage-gated potassium channel Kch","COG","sporulation_prot"
"1451","COG2205","kdpD","K+-sensing histidine kinase KdpD","COG","sporulation_prot"
"1461","COG0475","kefB","Kef-type K+ transport system, membrane component KefB","COG","sporulation_prot"
"1471","COG1052","ldhA","Lactate dehydrogenase or related 2-hydroxyacid dehydrogenase","COG","sporulation_prot"
"1481","COG0119","leuA","Isopropylmalate/homocitrate/citramalate synthases","COG","sporulation_prot"
"1491","COG0682","lgt","Prolipoprotein diacylglyceryltransferase","COG","sporulation_prot"
"1501","COG3285","ligD","Eukaryotic-type DNA primase","COG","sporulation_prot"
"1511","COG2834","lolA","Outer membrane lipoprotein-sorting protein","COG","sporulation_prot"
"1521","COG1067","lonB","Predicted ATP-dependent protease","COG","sporulation_prot"
"1531","COG1522","lrp","DNA-binding transcriptional regulator, Lrp family","COG","sporulation_prot"
"1541","COG0019","lysA","Diaminopimelate decarboxylase","COG","sporulation_prot"
"1551","COG1388","lysM","LysM repeat","COG","sporulation_prot"
"1561","COG0583","lysR","DNA-binding transcriptional regulator, LysR family","COG","sporulation_prot"
"157","COG0189","lysX","Glutathione synthase, LysX or RimK-type ligase, ATP-grasp superfamily","COG","sporulation_prot"
"158","COG0662","manC","Mannose-6-phosphate isomerase, cupin superfamily","COG","sporulation_prot"
"159","COG1846","marR","DNA-binding transcriptional regulator, MarR family","COG","sporulation_prot"
"160","COG3880","mcsA","Protein-arginine kinase activator protein McsA","COG","sporulation_prot"
"161","COG3869","mcsB","Protein-arginine kinase McsB","COG","sporulation_prot"
"162","COG0318","menE/FadK","O-succinylbenzoic acid-CoA ligase MenE or related acyl-CoA synthetase (AMP-forming)","COG","sporulation_prot"
"163","COG0596","menH","2-succinyl-6-hydroxy-2,4-cyclohexadiene-1-carboxylate synthase MenH and related esterases, alpha/beta hydrolase fold","COG","sporulation_prot"
"164","COG2046","mET3","ATP sulfurylase (sulfate adenylyltransferase)","COG","sporulation_prot"
"165","COG0527","metL1","Aspartate kinase","COG","sporulation_prot"
"166","COG0474","mgtA","Magnesium-transporting ATPase (P-type)","COG","sporulation_prot"
"167","COG4799","mmdA","Acetyl-CoA carboxylase, carboxyltransferase component","COG","sporulation_prot"
"168","COG2111","mnhB","Multisubunit Na+/H+ antiporter, MnhB subunit","COG","sporulation_prot"
"169","COG1971","mntP","Putative Mn2+ efflux pump MntP","COG","sporulation_prot"
"170","COG0744","mrcB","Penicillin-binding protein 1B/1F, peptidoglycan  transglycosylase/transpeptidase","COG","sporulation_prot"
"171","COG1077","mreB","Cell shape-determining ATPase MreB, actin-like superfamily","COG","sporulation_prot"
"172","COG0668","mscS","Small-conductance mechanosensitive channel","COG","sporulation_prot"
"173","COG0246","mtlD","Mannitol-1-phosphate/altronate dehydrogenases","COG","sporulation_prot"
"174","COG0812","murB","UDP-N-acetylenolpyruvoylglucosamine reductase","COG","sporulation_prot"
"175","COG0707","murG","UDP-N-acetylglucosamine:LPS N-acetylglucosamine transferase","COG","sporulation_prot"
"176","COG0494","mutT","8-oxo-dGTP pyrophosphatase MutT and related house-cleaning NTP pyrophosphohydrolases, NUDIX family","COG","sporulation_prot"
"177","COG0673","mviM","Predicted dehydrogenase","COG","sporulation_prot"
"178","COG0171","nadE","NH3-dependent NAD+ synthetase","COG","sporulation_prot"
"179","COG1252","ndh","NADH dehydrogenase, FAD-containing subunit","COG","sporulation_prot"
"180","COG1515","nfi","Deoxyinosine 3'-endonuclease (endonuclease V)","COG","sporulation_prot"
"181","COG0739","nlpD","Murein DD-endopeptidase MepM and murein hydrolase activator NlpD, contains LysM domain","COG","sporulation_prot"
"182","COG3852","ntrB","Signal transduction histidine kinase NtrB, nitrogen specific","COG","sporulation_prot"
"183","COG1009","nuoL","Membrane H+-translocase/NADH:ubiquinone oxidoreductase subunit 5 (chain L)/Multisubunit Na+/H+ antiporter, MnhA subunit","COG","sporulation_prot"
"184","COG0536","obg","GTPase involved in cell partioning and DNA repair","COG","sporulation_prot"
"185","COG0745","ompR","DNA-binding response regulator, OmpR family, contains REC and winged-helix (wHTH) domain","COG","sporulation_prot"
"186","COG2194","opgE","Phosphoethanolamine transferase for periplasmic glucans OpgE, AlkP superfamily","COG","sporulation_prot"
"187","COG4166","oppA","ABC-type oligopeptide transport system, periplasmic component","COG","sporulation_prot"
"188","COG2140","oxdD","Oxalate decarboxylase/archaeal phosphoglucose isomerase, cupin superfamily","COG","sporulation_prot"
"189","COG0183","paaJ","Acetyl-CoA acetyltransferase","COG","sporulation_prot"
"190","COG2808","paiB","Predicted FMN-binding regulatory protein PaiB","COG","sporulation_prot"
"191","COG1192","parA","ParA-like ATPase involved in chromosome/plasmid partitioning or cellulose biosynthesis protein BcsQ","COG","sporulation_prot"
"192","COG2815","pASTA","PASTA domain, binds beta-lactams","COG","sporulation_prot"
"193","COG1164","pepF","Oligoendopeptidase F","COG","sporulation_prot"
"194","COG0628","perM","Predicted PurR-regulated permease PerM","COG","sporulation_prot"
"195","COG1267","pgpA","Phosphatidylglycerophosphatase A","COG","sporulation_prot"
"196","COG3409","pGRP","Peptidoglycan-binding (PGRP) domain of peptidoglycan hydrolases","COG","sporulation_prot"
"197","COG5434","pgu1","Polygalacturonase","COG","sporulation_prot"
"198","COG0454","phnO","N-acetyltransferase, GNAT superfamily (includes histone acetyltransferase HPA2)","COG","sporulation_prot"
"199","COG1785","phoA","Alkaline phosphatase","COG","sporulation_prot"
"200","COG2267","pldB","Lysophospholipase, alpha-beta hydrolase superfamily","COG","sporulation_prot"
"201","COG1335","pncA","Nicotinamidase-related amidase","COG","sporulation_prot"
"202","COG0531","potE","Serine transporter YbeC, amino acid:H+ symporter family","COG","sporulation_prot"
"203","COG2766","prkA","Predicted Ser/Thr protein kinase","COG","sporulation_prot"
"204","COG0345","proC","Pyrroline-5-carboxylate reductase","COG","sporulation_prot"
"205","COG0477","proP","MFS family permease, includes anhydromuropeptide permease AmpG","COG","sporulation_prot"
"206","COG2513","prpB","2-Methylisocitrate lyase and related enzymes, PEP mutase family","COG","sporulation_prot"
"207","COG2079","prpD","2-methylcitrate dehydratase PrpD","COG","sporulation_prot"
"208","COG0631","pTC1","Serine/threonine protein phosphatase PrpC","COG","sporulation_prot"
"209","COG2508","pucR","DNA-binding transcriptional regulator, PucR/PutR family","COG","sporulation_prot"
"210","COG1989","pulO","Prepilin signal peptidase PulO (type II secretory pathway) or related peptidase","COG","sporulation_prot"
"211","COG1609","purR","DNA-binding transcriptional regulator, LacI/PurR family","COG","sporulation_prot"
"212","COG0506","putA","Proline dehydrogenase","COG","sporulation_prot"
"213","COG2049","pxpB","5-oxoprolinase subunit B/Allophanate hydrolase subunit 1","COG","sporulation_prot"
"214","COG1984","pxpC","5-oxoprolinase subunit C/Allophanate hydrolase subunit 2","COG","sporulation_prot"
"215","COG0723","qcrA/PetC","Rieske Fe-S protein","COG","sporulation_prot"
"216","COG1794","racX","Amino acid racemase YgeA","COG","sporulation_prot"
"217","COG0438","rfaB","Glycosyltransferase involved in cell wall bisynthesis","COG","sporulation_prot"
"218","COG1442","rfaJ","Lipopolysaccharide biosynthesis protein, LPS:glycosyltransferase","COG","sporulation_prot"
"219","COG1088","rfbB","dTDP-D-glucose 4,6-dehydratase","COG","sporulation_prot"
"220","COG1898","rfbC","dTDP-4-dehydrorhamnose 3,5-epimerase or related enzyme","COG","sporulation_prot"
"221","COG1091","rfbD","dTDP-4-dehydrorhamnose reductase","COG","sporulation_prot"
"222","COG2244","rfbX","Membrane protein involved in the export of O-antigen and teichoic acid","COG","sporulation_prot"
"223","COG0697","rhaT","Permease of the drug/metabolite transporter (DMT) superfamily","COG","sporulation_prot"
"224","COG3209","rhsA","Uncharacterized conserved protein RhaS, contains 28 RHS repeats","COG","sporulation_prot"
"225","COG1280","rhtB","Threonine/homoserine/homoserine lactone efflux protein","COG","sporulation_prot"
"226","COG0456","rimI","Ribosomal protein S18 acetylase RimI and related acetyltransferases","COG","sporulation_prot"
"227","COG0564","rluA","Pseudouridine synthase RluA, 23S rRNA- or tRNA-specific","COG","sporulation_prot"
"228","COG1209","rmlA1","dTDP-glucose pyrophosphorylase","COG","sporulation_prot"
"229","COG0328","rnhA","Ribonuclease HI","COG","sporulation_prot"
"230","COG1426","rodZ","Cytoskeletal protein RodZ, contains Xre-like HTH and DUF4115 domains","COG","sporulation_prot"
"231","COG1595","rpoE","DNA-directed RNA polymerase specialized sigma subunit, sigma24 family","COG","sporulation_prot"
"232","COG2208","rsbU","Phosphoserine phosphatase RsbU, regulator of sigma subunit","COG","sporulation_prot"
"233","COG2172","rsbW","Anti-sigma regulatory factor (Ser/Thr protein kinase)","COG","sporulation_prot"
"234","COG0750","rseP","Membrane-associated protease RseP, regulator of RpoE activity","COG","sporulation_prot"
"235","COG5662","rsiW","Transmembrane transcriptional regulator RsiW (anti-sigma-W factor)","COG","sporulation_prot"
"236","COG4948","rspA","L-alanine-DL-glutamate epimerase or related enzyme of enolase superfamily","COG","sporulation_prot"
"237","COG1752","rssA","Predicted acylesterase/phospholipase RssA, containd patatin domain","COG","sporulation_prot"
"238","COG4570","rusA","Holliday junction resolvase RusA (prophage-encoded endonuclease)","COG","sporulation_prot"
"239","COG3856","sbp","Small basic protein Sbp (function unknown), DUF1290 domain","COG","sporulation_prot"
"240","COG0814","sdaC","Amino acid permease","COG","sporulation_prot"
"241","COG0691","smpB","tmRNA-binding protein","COG","sporulation_prot"
"242","COG0605","sodA","Superoxide dismutase","COG","sporulation_prot"
"243","COG0789","soxR","DNA-binding transcriptional regulator, MerR family","COG","sporulation_prot"
"244","COG1533","splB","DNA repair photolyase","COG","sporulation_prot"
"245","COG1475","spo0J","Chromosome segregation protein Spo0J, contains ParB-like nuclease domain","COG","sporulation_prot"
"246","COG1366","spoIIAA","Anti-anti-sigma regulatory factor (antagonist of anti-sigma factor)","COG","sporulation_prot"
"247","COG1961","spoIVCA","Site-specific DNA recombinase SpoIVCA/DNA invertase PinE","COG","sporulation_prot"
"248","COG2088","spoVG","DNA-binding protein SpoVG, cell septation regulator","COG","sporulation_prot"
"249","COG0464","spoVK","AAA+-type ATPase, SpoVK/Ycf46/Vps4 family","COG","sporulation_prot"
"250","COG0515","sPS1","Serine/threonine protein kinase","COG","sporulation_prot"
"251","COG2089","spsE","Sialic acid synthase SpsE, contains C-terminal SAF domain","COG","sporulation_prot"
"252","COG1657","sqhC","Terpene cyclase SqhC","COG","sporulation_prot"
"253","COG2135","sRAP","ssDNA abasic site-binding protein YedK/HMCES, SRAP family","COG","sporulation_prot"
"254","COG2334","srkA","Ser/Thr protein kinase RdoA involved in Cpx stress response, MazF antagonist","COG","sporulation_prot"
"255","COG1887","tagB","CDP-glycerol glycerophosphotransferase, TagB/SpsB family","COG","sporulation_prot"
"256","COG0715","tauA","ABC-type nitrate/sulfonate/bicarbonate transport system, periplasmic component","COG","sporulation_prot"
"257","COG1116","tauB","ABC-type nitrate/sulfonate/bicarbonate transport system, ATPase component","COG","sporulation_prot"
"258","COG0600","tauC","ABC-type nitrate/sulfonate/bicarbonate transport system, permease component","COG","sporulation_prot"
"259","COG0730","tauE","Sulfite exporter TauE/SafE/YfcA and related permeases, UPF0721 family","COG","sporulation_prot"
"260","COG1063","tdh","Threonine dehydrogenase or related Zn-dependent dehydrogenase","COG","sporulation_prot"
"261","COG0861","terC","Tellurite resistance membrane protein TerC","COG","sporulation_prot"
"262","COG1253","tlyC","Hemolysin-related protein, contains CBS domains, UPF0053 family","COG","sporulation_prot"
"263","COG0457","tPR","Tetratricopeptide (TPR) repeat","COG","sporulation_prot"
"264","COG0526","trxA","Thiol-disulfide isomerase or thioredoxin","COG","sporulation_prot"
"265","COG2226","ubiE","Ubiquinone/menaquinone biosynthesis C-methylase UbiE/MenG","COG","sporulation_prot"
"266","COG1004","ugd","UDP-glucose 6-dehydrogenase","COG","sporulation_prot"
"267","COG2271","uhpC","Sugar phosphate permease","COG","sporulation_prot"
"268","COG4294","uve","UV DNA damage repair endonuclease","COG","sporulation_prot"
"269","COG2721","uxaA","Altronate dehydratase","COG","sporulation_prot"
"270","COG1312","uxuA","D-mannonate dehydratase","COG","sporulation_prot"
"271","COG5002","walK","Sensor histidine kinase WalK","COG","sporulation_prot"
"272","COG0463","wcaA","Glycosyltransferase involved in cell wall bisynthesis","COG","sporulation_prot"
"273","COG1216","wcaE","Glycosyltransferase, GT2 family","COG","sporulation_prot"
"274","COG0451","wcaG","Nucleoside-diphosphate-sugar epimerase","COG","sporulation_prot"
"275","COG0399","wecE","dTDP-4-amino-4,6-dideoxygalactose transaminase","COG","sporulation_prot"
"276","COG0708","xthA","Exonuclease III","COG","sporulation_prot"
"277","COG4467","yabA","Regulator of replication initiation timing YabA","COG","sporulation_prot"
"278","COG1408","yaeI","Predicted phosphohydrolase, MPP superfamily","COG","sporulation_prot"
"279","COG0693","yajL","Protein/nucleotide deglycase, PfpI/YajL/DJ-1 family (repair of methylglyoxal-glycated proteins and nucleic acids)","COG","sporulation_prot"
"280","COG3876","ybbC","Uncharacterized conserved protein YbbC, DUF1343 family","COG","sporulation_prot"
"281","COG2323","ycaP","Uncharacterized membrane protein YcaP, DUF421 family","COG","sporulation_prot"
"282","COG1289","yccC","Uncharacterized membrane protein YccC","COG","sporulation_prot"
"283","COG3403","ycgG","Uncharacterized conserved protein YcgG, contains conserved FPC and CPF motifs","COG","sporulation_prot"
"284","COG3665","ycgI","Uncharacterized conserved protein YcgI, DUF1989 family","COG","sporulation_prot"
"285","COG3541","ycgL","Predicted nucleotidyltransferase YcgL","COG","sporulation_prot"
"286","COG1714","yckC","Uncharacterized membrane protein YckC, RDD family","COG","sporulation_prot"
"287","COG1649","yddW","Uncharacterized lipoprotein YddW, UPF0748 family","COG","sporulation_prot"
"288","COG2707","yeaL","Uncharacterized membrane protein, DUF441 family","COG","sporulation_prot"
"289","COG5444","yeeF","Predicted ribonuclease, toxin component of the YeeF-YezG toxin-antitoxin module","COG","sporulation_prot"
"290","COG2304","yfbK","Secreted protein containing bacterial Ig-like domain and vWFA domain","COG","sporulation_prot"
"291","COG1725","yhcF","DNA-binding transcriptional regulator YhcF, GntR family","COG","sporulation_prot"
"292","COG1561","yicC","Uncharacterized stationary-phase protein YicC, UPF0701 family","COG","sporulation_prot"
"293","COG0706","yidC","Membrane protein insertase Oxa1/YidC/SpoIIIJ","COG","sporulation_prot"
"294","COG1284","yitT","Uncharacterized membrane-anchored protein YitT, contains DUF161 and DUF2179 domains","COG","sporulation_prot"
"295","COG5504","yjaZ","Predicted Zn-dependent protease YjaZ, DUF2268 family","COG","sporulation_prot"
"296","COG3162","yjcH","Uncharacterized membrane protein, DUF485 family","COG","sporulation_prot"
"297","COG4195","yjqB","Phage-related replication protein YjqB, UPF0714/DUF867 family","COG","sporulation_prot"
"298","COG1273","ykoV","Non-homologous end joining protein Ku, dsDNA break repair","COG","sporulation_prot"
"299","COG3949","ykvI","Uncharacterized membrane protein YkvI","COG","sporulation_prot"
"300","COG1875","ylaK","Predicted ribonuclease YlaK, contains NYN-type RNase and PhoH-family ATPase domains","COG","sporulation_prot"
"301","COG3879","ylxW","Uncharacterized conserved protein YlxW, UPF0749 family","COG","sporulation_prot"
"302","COG2368","yoaI","Aromatic ring hydroxylase","COG","sporulation_prot"
"303","COG2720","yoaR","Vancomycin resistance protein YoaR (function unknown), contains peptidoglycan-binding and VanW domains","COG","sporulation_prot"
"304","COG1231","yobN","Monoamine oxidase","COG","sporulation_prot"
"305","COG4479","yozE","Uncharacterized conserved protein YozE, UPF0346 family","COG","sporulation_prot"
"306","COG1755","ypbQ","Uncharacterized conserved protein YpbQ, isoprenylcysteine carboxyl methyltransferase (ICMT) family","COG","sporulation_prot"
"307","COG1023","yqeC","6-phosphogluconate dehydrogenase (decarboxylating)","COG","sporulation_prot"
"308","COG3872","yqhQ","Uncharacterized conserved protein YqhQ, DUF1385 family","COG","sporulation_prot"
"309","COG2268","yqiK","Uncharacterized membrane protein YqiK, contains Band7/PHB/SPFH domain","COG","sporulation_prot"
"310","COG3881","yrrD","Uncharacterized conserved protein YrrD, contains PRC-barrel domain","COG","sporulation_prot"
"311","COG2738","yugP","Zn-dependent membrane protease YugP","COG","sporulation_prot"
"312","COG3377","yunC","Uncharacterized conserved protein YunC, DUF1805 family","COG","sporulation_prot"
"313","COG0599","yurZ","Uncharacterized conserved protein YurZ, alkylhydroperoxidase/carboxymuconolactone decarboxylase family","COG","sporulation_prot"
"314","COG2155","yuzA","Uncharacterized membrane protein YuzA, DUF378 family","COG","sporulation_prot"
"315","COG5522","ywaF","Uncharacterized membrane protein YwaF","COG","sporulation_prot"
"316","COG2849","ywqK","Antitoxin component YwqK of the YwqJK toxin-antitoxin module","COG","sporulation_prot"
"317","COG1331","yyaL","Uncharacterized conserved protein YyaL, SSP411 family, contains thoiredoxin and six-hairpin glycosidase-like domains","COG","sporulation_prot"
"318","COG3863","yycO","Uncharacterized conserved protein YycO, NlpC/P60 family","COG","sporulation_prot"
"1314","A0A2K4Z9G8","cmpA","Cortex morphogenetic protein A","DRAM","sporulation_prot"
"2101","A0AAT9J3Y0","rodZ","Cell shape determination factor","DRAM","sporulation_prot"
"3101","A0AAT9J413","figP","Spore germination membrane protein","DRAM","sporulation_prot"
"4101","A0PZS6","spoIIAB","Anti-sigma F factor (EC 2.7.11.1) (Stage II sporulation protein AB)","DRAM","sporulation_prot"
"5101","A0RAQ6","hpr","HTH-type transcriptional regulator Hpr (Protease production regulatory protein Hpr)","DRAM","sporulation_prot"
"6101","A0RH02","tlp","Small, acid-soluble spore protein Tlp","DRAM","sporulation_prot"
"7101","A0RHX9","tgl","Protein-glutamine gamma-glutamyltransferase (EC 2.3.2.13) (Transglutaminase) (TGase)","DRAM","sporulation_prot"
"8101","A0RI78","spoIIAB","Anti-sigma F factor (EC 2.7.11.1) (Stage II sporulation protein AB)","DRAM","sporulation_prot"
"9101","A0RKS4","gpmI","2,3-bisphosphoglycerate-independent phosphoglycerate mutase (BPG-independent PGAM) (Phosphoglyceromutase) (iPGM) (EC 5.4.2.12)","DRAM","sporulation_prot"
"10101","A3DEN2","sspH","Small, acid-soluble spore protein H (SASP H)","DRAM","sporulation_prot"
"11101","A4FB46","ssgB","Sporulation-specific cell division protein SsgB (Sporulation of Streptomyces griseus-like protein B) (SsgA-like protein B) (SALP B)","DRAM","sporulation_prot"
"12101","A4IKI9","sspK","Small, acid-soluble spore protein K (SASP K)","DRAM","sporulation_prot"
"1315","A4IKT9","hpr","HTH-type transcriptional regulator Hpr (Protease production regulatory protein Hpr)","DRAM","sporulation_prot"
"1413","A4IMM1","sspP","Small, acid-soluble spore protein P (SASP P)","DRAM","sporulation_prot"
"1513","A4IMM3","sspO","Small, acid-soluble spore protein O (SASP O)","DRAM","sporulation_prot"
"1612","A4IN31","sspH1","Small, acid-soluble spore protein H 1 (SASP H 1)","DRAM","sporulation_prot"
"1712","A4IN74","sspN","Small, acid-soluble spore protein N (SASP N)","DRAM","sporulation_prot"
"1812","A4IN75","tlp","Small, acid-soluble spore protein Tlp","DRAM","sporulation_prot"
"1912","A4IPX4","sspH2","Small, acid-soluble spore protein H 2 (SASP H 2)","DRAM","sporulation_prot"
"2012","A4IQI5","spoIIAB","Anti-sigma F factor (EC 2.7.11.1) (Stage II sporulation protein AB)","DRAM","sporulation_prot"
"2112","A4ISB5","sspH3","Small, acid-soluble spore protein H 3 (SASP H 3)","DRAM","sporulation_prot"
"2212","A4X5B6","ssgB","Sporulation-specific cell division protein SsgB (Sporulation of Streptomyces griseus-like protein B) (SsgA-like protein B) (SALP B)","DRAM","sporulation_prot"
"2312","A5HZY2","sspH1","Small, acid-soluble spore protein H 1 (SASP H 1)","DRAM","sporulation_prot"
"2412","A5I174","sspH2","Small, acid-soluble spore protein H 2 (SASP H 2)","DRAM","sporulation_prot"
"2512","A5N217","spoIIAB","Anti-sigma F factor (EC 2.7.11.1) (Stage II sporulation protein AB)","DRAM","sporulation_prot"
"2612","A6LRL7","spoIIAB","Anti-sigma F factor (EC 2.7.11.1) (Stage II sporulation protein AB)","DRAM","sporulation_prot"
"2712","A6M0F0","sspH","Small, acid-soluble spore protein H (SASP H)","DRAM","sporulation_prot"
"2812","A6QGC0","prkC","Serine/threonine-protein kinase PrkC (Ser/Thr-protein kinase PrkC) (EC 2.7.11.1)","DRAM","sporulation_prot"
"2912","A6TQ57","sspH","Small, acid-soluble spore protein H (SASP H)","DRAM","sporulation_prot"
"3012","A6WCJ4","ssgB","Sporulation-specific cell division protein SsgB (Sporulation of Streptomyces griseus-like protein B) (SsgA-like protein B) (SALP B)","DRAM","sporulation_prot"
"3110","A7FS46","sspH1","Small, acid-soluble spore protein H 1 (SASP H 1)","DRAM","sporulation_prot"
"3210","A7FTB7","sspH2","Small, acid-soluble spore protein H 2 (SASP H 2)","DRAM","sporulation_prot"
"3310","A7GBI7","sspH1","Small, acid-soluble spore protein H 1 (SASP H 1)","DRAM","sporulation_prot"
"3410","A7GCS6","sspH2","Small, acid-soluble spore protein H 2 (SASP H 2)","DRAM","sporulation_prot"
"3510","A7GJW0","spoVG","Putative septation protein SpoVG (Stage V sporulation protein G)","DRAM","sporulation_prot"
"3610","A7GKY7","sspK","Small, acid-soluble spore protein K (SASP K)","DRAM","sporulation_prot"
"3710","A7GL73","sspH1","Small, acid-soluble spore protein H 1 (SASP H 1)","DRAM","sporulation_prot"
"3810","A7GLZ1","hpr","HTH-type transcriptional regulator Hpr (Protease production regulatory protein Hpr)","DRAM","sporulation_prot"
"3910","A7GNL0","sspH2","Small, acid-soluble spore protein H 2 (SASP H 2)","DRAM","sporulation_prot"
"4010","A7GQU9","sspN","Small, acid-soluble spore protein N (SASP N)","DRAM","sporulation_prot"
"4110","A7GQV6","sspO","Small, acid-soluble spore protein O (SASP O)","DRAM","sporulation_prot"
"4210","A7GQV9","sspP","Small, acid-soluble spore protein P (SASP P)","DRAM","sporulation_prot"
"4310","A7GRZ1","tgl","Protein-glutamine gamma-glutamyltransferase (EC 2.3.2.13) (Transglutaminase) (TGase)","DRAM","sporulation_prot"
"4410","A7GS97","spoIIAB","Anti-sigma F factor (EC 2.7.11.1) (Stage II sporulation protein AB)","DRAM","sporulation_prot"
"4510","A7GTL2","sspI","Small, acid-soluble spore protein I (SASP I)","DRAM","sporulation_prot"
"4610","A7GUR8","gpmI","2,3-bisphosphoglycerate-independent phosphoglycerate mutase (BPG-independent PGAM) (Phosphoglyceromutase) (iPGM) (EC 5.4.2.12)","DRAM","sporulation_prot"
"4710","A7Z0H2","spoVG","Putative septation protein SpoVG (Stage V sporulation protein G)","DRAM","sporulation_prot"
"4810","A7Z2J3","sspH","Small, acid-soluble spore protein H (SASP H)","DRAM","sporulation_prot"
"4910","A7Z2M2","sspK","Small, acid-soluble spore protein K (SASP K)","DRAM","sporulation_prot"
"5010","A7Z311","hpr","HTH-type transcriptional regulator Hpr (Protease production regulatory protein Hpr)","DRAM","sporulation_prot"
"5110","A7Z565","sspP","Small, acid-soluble spore protein P (SASP P)","DRAM","sporulation_prot"
"5210","A7Z566","sspO","Small, acid-soluble spore protein O (SASP O)","DRAM","sporulation_prot"
"5310","A7Z570","sspN","Small, acid-soluble spore protein N (SASP N)","DRAM","sporulation_prot"
"5410","A7Z571","tlp","Small, acid-soluble spore protein Tlp","DRAM","sporulation_prot"
"5510","A7Z692","spoIIAB","Anti-sigma F factor (EC 2.7.11.1) (Stage II sporulation protein AB)","DRAM","sporulation_prot"
"5610","A7Z7F5","sspI","Small, acid-soluble spore protein I (SASP I)","DRAM","sporulation_prot"
"5710","A7Z8Y2","gpmI","2,3-bisphosphoglycerate-independent phosphoglycerate mutase (BPG-independent PGAM) (Phosphoglyceromutase) (iPGM) (EC 5.4.2.12)","DRAM","sporulation_prot"
"5810","A8F916","spoVG","Putative septation protein SpoVG (Stage V sporulation protein G)","DRAM","sporulation_prot"
"5910","A8FB65","sspK","Small, acid-soluble spore protein K (SASP K)","DRAM","sporulation_prot"
"6010","A8FBL1","hpr","HTH-type transcriptional regulator Hpr (Protease production regulatory protein Hpr)","DRAM","sporulation_prot"
"6110","A8FDQ8","sspP","Small, acid-soluble spore protein P (SASP P)","DRAM","sporulation_prot"
"6210","A8FDQ9","sspO","Small, acid-soluble spore protein O (SASP O)","DRAM","sporulation_prot"
"6310","A8FDR3","sspN","Small, acid-soluble spore protein N (SASP N)","DRAM","sporulation_prot"
"6410","A8FDR4","tlp","Small, acid-soluble spore protein Tlp","DRAM","sporulation_prot"
"6510","A8FET0","spoIIAB","Anti-sigma F factor (EC 2.7.11.1) (Stage II sporulation protein AB)","DRAM","sporulation_prot"
"6610","A8FGT0","tgl","Protein-glutamine gamma-glutamyltransferase (EC 2.3.2.13) (Transglutaminase) (TGase)","DRAM","sporulation_prot"
"6710","A8FHJ1","gpmI","2,3-bisphosphoglycerate-independent phosphoglycerate mutase (BPG-independent PGAM) (Phosphoglyceromutase) (iPGM) (EC 5.4.2.12)","DRAM","sporulation_prot"
"6810","A9VFH8","spoIIAB","Anti-sigma F factor (EC 2.7.11.1) (Stage II sporulation protein AB)","DRAM","sporulation_prot"
"6910","A9VI69","hpr","HTH-type transcriptional regulator Hpr (Protease production regulatory protein Hpr)","DRAM","sporulation_prot"
"7010","A9VJM6","sspI","Small, acid-soluble spore protein I (SASP I)","DRAM","sporulation_prot"
"7110","A9VN61","spoVG","Putative septation protein SpoVG (Stage V sporulation protein G)","DRAM","sporulation_prot"
"7210","A9VNW3","sspO","Small, acid-soluble spore protein O (SASP O)","DRAM","sporulation_prot"
"7310","A9VSR6","sspK","Small, acid-soluble spore protein K (SASP K)","DRAM","sporulation_prot"
"7410","A9VUC4","tgl","Protein-glutamine gamma-glutamyltransferase (EC 2.3.2.13) (Transglutaminase) (TGase)","DRAM","sporulation_prot"
"7510","B0K150","spoIIAB","Anti-sigma F factor (EC 2.7.11.1) (Stage II sporulation protein AB)","DRAM","sporulation_prot"
"7610","B0K9G3","spoIIAB","Anti-sigma F factor (EC 2.7.11.1) (Stage II sporulation protein AB)","DRAM","sporulation_prot"
"7710","B1HVK6","hpr","HTH-type transcriptional regulator Hpr (Protease production regulatory protein Hpr)","DRAM","sporulation_prot"
"7810","B1YK88","hpr","HTH-type transcriptional regulator Hpr (Protease production regulatory protein Hpr)","DRAM","sporulation_prot"
"7910","B2TLY1","spoIIAB","Anti-sigma F factor (EC 2.7.11.1) (Stage II sporulation protein AB)","DRAM","sporulation_prot"
"8010","B2V2G9","spoIIAB","Anti-sigma F factor (EC 2.7.11.1) (Stage II sporulation protein AB)","DRAM","sporulation_prot"
"8110","B7GI77","sspO","Small, acid-soluble spore protein O (SASP O)","DRAM","sporulation_prot"
"8210","B7GKG6","spoIIAB","Anti-sigma F factor (EC 2.7.11.1) (Stage II sporulation protein AB)","DRAM","sporulation_prot"
"8310","B7GKT2","sspN","Small, acid-soluble spore protein N (SASP N)","DRAM","sporulation_prot"
"8410","B7H546","racA","Chromosome-anchoring protein RacA","DRAM","sporulation_prot"
"8510","B7H6V0","tgl","Protein-glutamine gamma-glutamyltransferase (EC 2.3.2.13) (Transglutaminase) (TGase)","DRAM","sporulation_prot"
"8610","B7H965","spoIIAB","Anti-sigma F factor (EC 2.7.11.1) (Stage II sporulation protein AB)","DRAM","sporulation_prot"
"8710","B7H9R2","sspK","Small, acid-soluble spore protein K (SASP K)","DRAM","sporulation_prot"
"8810","B7HAY0","tlp","Small, acid-soluble spore protein Tlp","DRAM","sporulation_prot"
"8910","B7HAY1","sspN","Small, acid-soluble spore protein N (SASP N)","DRAM","sporulation_prot"
"9010","B7HC95","sspO","Small, acid-soluble spore protein O (SASP O)","DRAM","sporulation_prot"
"9110","B7HG19","hpr","HTH-type transcriptional regulator Hpr (Protease production regulatory protein Hpr)","DRAM","sporulation_prot"
"9210","B7HIL6","spoVG","Putative septation protein SpoVG (Stage V sporulation protein G)","DRAM","sporulation_prot"
"9310","B7HME8","tgl","Protein-glutamine gamma-glutamyltransferase (EC 2.3.2.13) (Transglutaminase) (TGase)","DRAM","sporulation_prot"
"9410","B7HN53","spoIIAB","Anti-sigma F factor (EC 2.7.11.1) (Stage II sporulation protein AB)","DRAM","sporulation_prot"
"9510","B7HPV9","spoVG","Putative septation protein SpoVG (Stage V sporulation protein G)","DRAM","sporulation_prot"
"9610","B7HQ80","racA","Chromosome-anchoring protein RacA","DRAM","sporulation_prot"
"9710","B7HRK4","sspI","Small, acid-soluble spore protein I (SASP I)","DRAM","sporulation_prot"
"9810","B7HU54","sspK","Small, acid-soluble spore protein K (SASP K)","DRAM","sporulation_prot"
"9910","B7HZH8","hpr","HTH-type transcriptional regulator Hpr (Protease production regulatory protein Hpr)","DRAM","sporulation_prot"
"10010","B7I056","tlp","Small, acid-soluble spore protein Tlp","DRAM","sporulation_prot"
"10110","B7I057","sspN","Small, acid-soluble spore protein N (SASP N)","DRAM","sporulation_prot"
"10210","B7I063","sspO","Small, acid-soluble spore protein O (SASP O)","DRAM","sporulation_prot"
"10310","B7IJW2","sspI","Small, acid-soluble spore protein I (SASP I)","DRAM","sporulation_prot"
"10410","B7IKC1","hpr","HTH-type transcriptional regulator Hpr (Protease production regulatory protein Hpr)","DRAM","sporulation_prot"
"10510","B7IRQ5","sspN","Small, acid-soluble spore protein N (SASP N)","DRAM","sporulation_prot"
"10610","B7ISF6","sspO","Small, acid-soluble spore protein O (SASP O)","DRAM","sporulation_prot"
"10710","B7ISV8","spoVG","Putative septation protein SpoVG (Stage V sporulation protein G)","DRAM","sporulation_prot"
"10810","B7IVK0","tgl","Protein-glutamine gamma-glutamyltransferase (EC 2.3.2.13) (Transglutaminase) (TGase)","DRAM","sporulation_prot"
"10910","B7IW10","sspK","Small, acid-soluble spore protein K (SASP K)","DRAM","sporulation_prot"
"11010","B7IWI6","spoIIAB","Anti-sigma F factor (EC 2.7.11.1) (Stage II sporulation protein AB)","DRAM","sporulation_prot"
"11110","B7JCX5","hpr","HTH-type transcriptional regulator Hpr (Protease production regulatory protein Hpr)","DRAM","sporulation_prot"
"11210","B7JI37","tlp","Small, acid-soluble spore protein Tlp","DRAM","sporulation_prot"
"11310","B7JI38","sspN","Small, acid-soluble spore protein N (SASP N)","DRAM","sporulation_prot"
"11410","B7JI46","sspO","Small, acid-soluble spore protein O (SASP O)","DRAM","sporulation_prot"
"11510","B7JK55","spoVG","Putative septation protein SpoVG (Stage V sporulation protein G)","DRAM","sporulation_prot"
"11610","B7JKT7","tgl","Protein-glutamine gamma-glutamyltransferase (EC 2.3.2.13) (Transglutaminase) (TGase)","DRAM","sporulation_prot"
"11710","B7JLS6","spoIIAB","Anti-sigma F factor (EC 2.7.11.1) (Stage II sporulation protein AB)","DRAM","sporulation_prot"
"11810","B7JML4","racA","Chromosome-anchoring protein RacA","DRAM","sporulation_prot"
"11910","B7JNF2","sspK","Small, acid-soluble spore protein K (SASP K)","DRAM","sporulation_prot"
"12010","B7JR69","sspI","Small, acid-soluble spore protein I (SASP I)","DRAM","sporulation_prot"
"12110","B9E5R9","spoIIAB","Anti-sigma F factor (EC 2.7.11.1) (Stage II sporulation protein AB)","DRAM","sporulation_prot"
"12210","B9IT66","hpr","HTH-type transcriptional regulator Hpr (Protease production regulatory protein Hpr)","DRAM","sporulation_prot"
"12310","B9IUC0","tlp","Small, acid-soluble spore protein Tlp","DRAM","sporulation_prot"
"12410","B9IUC1","sspN","Small, acid-soluble spore protein N (SASP N)","DRAM","sporulation_prot"
"12510","B9IUC7","sspO","Small, acid-soluble spore protein O (SASP O)","DRAM","sporulation_prot"
"12610","B9IW43","tgl","Protein-glutamine gamma-glutamyltransferase (EC 2.3.2.13) (Transglutaminase) (TGase)","DRAM","sporulation_prot"
"12710","B9IWT7","spoIIAB","Anti-sigma F factor (EC 2.7.11.1) (Stage II sporulation protein AB)","DRAM","sporulation_prot"
"12810","B9IZT9","racA","Chromosome-anchoring protein RacA","DRAM","sporulation_prot"
"12910","B9J065","sspI","Small, acid-soluble spore protein I (SASP I)","DRAM","sporulation_prot"
"13010","B9J2V0","sspK","Small, acid-soluble spore protein K (SASP K)","DRAM","sporulation_prot"
"1316","C0H3P8","ytrH","Sporulation membrane protein YtrH","DRAM","sporulation_prot"
"1322","C0H3Q2","ytzL","Uncharacterized protein YtzL","DRAM","sporulation_prot"
"1332","C0H3Q4","yuzI","Uncharacterized membrane protein YuzI","DRAM","sporulation_prot"
"1342","C0H3R0","yuzL","Uncharacterized protein YuzL","DRAM","sporulation_prot"
"1352","C0H3R1","yuzM","Uncharacterized protein YuzM","DRAM","sporulation_prot"
"1362","C0H3W2","ydzR","Spore germination protein-like protein YdzR","DRAM","sporulation_prot"
"1372","C0H3X3","yezF","Uncharacterized membrane protein YezF","DRAM","sporulation_prot"
"1382","C0H3X8","ygzC","Spore coat protein F-like protein YgzC","DRAM","sporulation_prot"
"1392","C0H3Y2","sscA","Small spore coat assembly protein A","DRAM","sporulation_prot"
"1402","C0H3Y3","yhzF","Uncharacterized membrane protein YhzF","DRAM","sporulation_prot"
"1414","C0H3Y5","yizC","Uncharacterized protein YizC","DRAM","sporulation_prot"
"1422","C0H3Y6","yizD","Uncharacterized membrane protein YizD","DRAM","sporulation_prot"
"1432","C0H3Y7","yjzK","Uncharacterized protein YjzK","DRAM","sporulation_prot"
"1442","C0H3Y8","yjcZ","Sporulation protein YjcZ","DRAM","sporulation_prot"
"1452","C0H402","ykzP","Uncharacterized protein YkzP","DRAM","sporulation_prot"
"1462","C0H404","ykzR","Probably inactive glycosylase YkzR","DRAM","sporulation_prot"
"1472","C0H409","ykzV","Uncharacterized membrane protein YkzV","DRAM","sporulation_prot"
"1482","C0H413","ylzJ","Uncharacterized protein YlzJ","DRAM","sporulation_prot"
"1492","C0H418","ynzL","Uncharacterized protein YnzL","DRAM","sporulation_prot"
"1502","C0H419","yngHB","Biotin/lipoyl attachment protein (BLAP)","DRAM","sporulation_prot"
"1514","C0H421","yozT","Uncharacterized protein YozT","DRAM","sporulation_prot"
"1522","C0H429","yoyB","Uncharacterized protein YoyB","DRAM","sporulation_prot"
"1532","C0H432","yoyE","Uncharacterized protein YoyE","DRAM","sporulation_prot"
"1542","C0H433","yoyF","Uncharacterized membrane protein YoyF","DRAM","sporulation_prot"
"1552","C0H434","yokU","Uncharacterized protein YokU","DRAM","sporulation_prot"
"1562","C0H435","yoyG","Uncharacterized membrane protein YoyG","DRAM","sporulation_prot"
"1571","C0H443","ypzF","Uncharacterized protein YpzF","DRAM","sporulation_prot"
"1581","C0H444","ypzG","Uncharacterized protein YpzG","DRAM","sporulation_prot"
"1591","C0H445","ypzH","Uncharacterized protein YpzH","DRAM","sporulation_prot"
"1601","C0H446","ypzI","Uncharacterized protein YpzI","DRAM","sporulation_prot"
"1613","C0H450","spoVAEB","Stage V sporulation protein AEB","DRAM","sporulation_prot"
"1621","C0H455","yqzO","Uncharacterized protein YqzO","DRAM","sporulation_prot"
"1631","C0H461","yrzQ","Uncharacterized protein YrzQ","DRAM","sporulation_prot"
"1641","C0H462","yrzR","Uncharacterized protein YrzR","DRAM","sporulation_prot"
"1651","C0SP79","ytaF","Probable sporulation protein YtaF","DRAM","sporulation_prot"
"1661","C0SP84","ytlA","Putative binding protein YtlA","DRAM","sporulation_prot"
"1671","C0SP90","ythA","Putative cytochrome bd menaquinol oxidase subunit I (EC 1.10.3.-)","DRAM","sporulation_prot"
"1681","C0SPA3","ylxW","UPF0749 protein YlxW","DRAM","sporulation_prot"
"1691","C0SPB9","ykoN","Uncharacterized glycosyltransferase YkoN (EC 2.4.-.-)","DRAM","sporulation_prot"
"1701","C0SPC0","yoaI","Probable 4-hydroxyphenylacetate 3-monooxygenase (EC 1.14.14.9) (4-hydroxyphenylacetate 3-hydroxylase) (4-HPA 3-hydroxylase)","DRAM","sporulation_prot"
"1713","C1EKG1","hpr","HTH-type transcriptional regulator Hpr (Protease production regulatory protein Hpr)","DRAM","sporulation_prot"
"1721","C1EN48","tlp","Small, acid-soluble spore protein Tlp","DRAM","sporulation_prot"
"1731","C1EN49","sspN","Small, acid-soluble spore protein N (SASP N)","DRAM","sporulation_prot"
"1741","C1EN57","sspO","Small, acid-soluble spore protein O (SASP O)","DRAM","sporulation_prot"
"1751","C1EPX7","tgl","Protein-glutamine gamma-glutamyltransferase (EC 2.3.2.13) (Transglutaminase) (TGase)","DRAM","sporulation_prot"
"1761","C1EQU8","spoIIAB","Anti-sigma F factor (EC 2.7.11.1) (Stage II sporulation protein AB)","DRAM","sporulation_prot"
"1771","C1ESX8","spoVG","Putative septation protein SpoVG (Stage V sporulation protein G)","DRAM","sporulation_prot"
"1781","C1ETF1","racA","Chromosome-anchoring protein RacA","DRAM","sporulation_prot"
"1791","C1EU02","sspI","Small, acid-soluble spore protein I (SASP I)","DRAM","sporulation_prot"
"1801","C1EWF4","sspK","Small, acid-soluble spore protein K (SASP K)","DRAM","sporulation_prot"
"1813","C3L8U0","sspI","Small, acid-soluble spore protein I (SASP I)","DRAM","sporulation_prot"
"1821","C3L9B6","sspO","Small, acid-soluble spore protein O (SASP O)","DRAM","sporulation_prot"
"1831","C3L9C4","sspN","Small, acid-soluble spore protein N (SASP N)","DRAM","sporulation_prot"
"1841","C3L9C5","tlp","Small, acid-soluble spore protein Tlp","DRAM","sporulation_prot"
"1851","C3LCW8","hpr","HTH-type transcriptional regulator Hpr (Protease production regulatory protein Hpr)","DRAM","sporulation_prot"
"1861","C3LHB3","sspK","Small, acid-soluble spore protein K (SASP K)","DRAM","sporulation_prot"
"1871","C3LI29","tgl","Protein-glutamine gamma-glutamyltransferase (EC 2.3.2.13) (Transglutaminase) (TGase)","DRAM","sporulation_prot"
"1881","C3LIU0","spoIIAB","Anti-sigma F factor (EC 2.7.11.1) (Stage II sporulation protein AB)","DRAM","sporulation_prot"
"1891","C3LJ21","spoVG","Putative septation protein SpoVG (Stage V sporulation protein G)","DRAM","sporulation_prot"
"1901","C3LJH8","racA","Chromosome-anchoring protein RacA","DRAM","sporulation_prot"
"1913","C3P2U9","hpr","HTH-type transcriptional regulator Hpr (Protease production regulatory protein Hpr)","DRAM","sporulation_prot"
"1921","C3P449","tlp","Small, acid-soluble spore protein Tlp","DRAM","sporulation_prot"
"1931","C3P450","sspN","Small, acid-soluble spore protein N (SASP N)","DRAM","sporulation_prot"
"1941","C3P458","sspO","Small, acid-soluble spore protein O (SASP O)","DRAM","sporulation_prot"
"1951","C3P6X0","tgl","Protein-glutamine gamma-glutamyltransferase (EC 2.3.2.13) (Transglutaminase) (TGase)","DRAM","sporulation_prot"
"1961","C3P7L0","spoIIAB","Anti-sigma F factor (EC 2.7.11.1) (Stage II sporulation protein AB)","DRAM","sporulation_prot"
"1971","C3P8Z9","racA","Chromosome-anchoring protein RacA","DRAM","sporulation_prot"
"1981","C3P9J4","spoVG","Putative septation protein SpoVG (Stage V sporulation protein G)","DRAM","sporulation_prot"
"1991","C3PAF1","sspI","Small, acid-soluble spore protein I (SASP I)","DRAM","sporulation_prot"
"2001","C3PCY0","sspK","Small, acid-soluble spore protein K (SASP K)","DRAM","sporulation_prot"
"2013","C5D2I1","tlp","Small, acid-soluble spore protein Tlp","DRAM","sporulation_prot"
"2021","C5D2I2","sspN","Small, acid-soluble spore protein N (SASP N)","DRAM","sporulation_prot"
"2031","C5D403","spoIIAB","Anti-sigma F factor (EC 2.7.11.1) (Stage II sporulation protein AB)","DRAM","sporulation_prot"
"2041","C5D5S3","sspK","Small, acid-soluble spore protein K (SASP K)","DRAM","sporulation_prot"
"2051","C5D630","sspI","Small, acid-soluble spore protein I (SASP I)","DRAM","sporulation_prot"
"2061","C5D6L6","hpr","HTH-type transcriptional regulator Hpr (Protease production regulatory protein Hpr)","DRAM","sporulation_prot"
"2071","C5D9Z3","sspP","Small, acid-soluble spore protein P (SASP P)","DRAM","sporulation_prot"
"2081","C9RZ55","splG","Spore photoproduct lyase (EC 4.1.99.14)","DRAM","sporulation_prot"
"2091","D5DNA8","gpmI","2,3-bisphosphoglycerate-independent phosphoglycerate mutase (BPG-independent PGAM) (Phosphoglyceromutase) (iPGM) (EC 5.4.2.12)","DRAM","sporulation_prot"
"2102","D5DQW6","spoIIGA","Sporulation sigma-E factor-processing peptidase (EC 3.4.23.-) (Membrane-associated aspartic protease) (Stage II sporulation protein GA)","DRAM","sporulation_prot"
"2113","D5DVF4","gpmI","2,3-bisphosphoglycerate-independent phosphoglycerate mutase (BPG-independent PGAM) (Phosphoglyceromutase) (iPGM) (EC 5.4.2.12)","DRAM","sporulation_prot"
"2121","D5TM67","cdaS","Diadenylate cyclase CdaS (DAC) (EC 2.7.7.85) (Cyclic-di-AMP synthase) (c-di-AMP synthase)","DRAM","sporulation_prot"
"2131","L8EBJ6","sscB","Probable small spore coat assembly protein B (ORF-62)","DRAM","sporulation_prot"
"2141","L8EBJ9","mciZ","Cell division inhibitor MciZ (FtsZ assembly inhibitor) (Mother cell inhibitor of FtsZ)","DRAM","sporulation_prot"
"2151","O05102","cry17Aa","Pesticidal crystal-like protein Cry17Aa (Cbm72 mosquitocidal toxin) (Insecticidal toxin CryXVIIA(a))","DRAM","sporulation_prot"
"2161","O05215","ywrA","Uncharacterized transporter YwrA","DRAM","sporulation_prot"
"2171","O05223","ywrJ","Uncharacterized protein YwrJ","DRAM","sporulation_prot"
"2181","O05224","ywrK","Putative arsenical pump membrane protein","DRAM","sporulation_prot"
"2191","O05231","kapD","Probable 3'-5' exonuclease KapD (EC 3.1.-.-)","DRAM","sporulation_prot"
"2201","O05235","yugF","Uncharacterized hydrolase YugF (EC 3.1.-.-)","DRAM","sporulation_prot"
"2213","O05241","yugS","UPF0053 protein YugS","DRAM","sporulation_prot"
"2221","O05242","yugT","Probable oligo-1,6-glucosidase 3 (EC 3.2.1.10) (Oligosaccharide alpha-1,6-glucosidase 3) (Sucrase-isomaltase 3) (Isomaltase 3)","DRAM","sporulation_prot"
"2231","O05248","yugP","Putative membrane protease YugP (EC 3.4.24.-)","DRAM","sporulation_prot"
"2241","O05257","yufS","Uncharacterized protein YufS","DRAM","sporulation_prot"
"2251","O05267","yumB","NADH dehydrogenase-like protein YumB (EC 1.6.-.-)","DRAM","sporulation_prot"
"2261","O05272","asnO","Asparagine synthetase [glutamine-hydrolyzing] 3 (EC 6.3.5.4)","DRAM","sporulation_prot"
"2271","O05390","csbX","Alpha-ketoglutarate permease","DRAM","sporulation_prot"
"2281","O05391","bofC","Protein BofC (Bypass-of-forespore protein C)","DRAM","sporulation_prot"
"2291","O05495","ydhD","Putative sporulation-specific glycosylase YdhD (EC 3.2.-.-)","DRAM","sporulation_prot"
"2301","O05497","ydhF","Uncharacterized protein YdhF","DRAM","sporulation_prot"
"2313","O06010","yraD","Spore coat protein F-like protein YraD","DRAM","sporulation_prot"
"2321","O06011","yraE","Uncharacterized protein YraE","DRAM","sporulation_prot"
"2331","O06012","adhB","Uncharacterized zinc-type alcohol dehydrogenase-like protein AdhB (EC 1.-.-.-)","DRAM","sporulation_prot"
"2341","O06014","cry9Da","Pesticidal crystal protein Cry9Da (132 kDa crystal protein) (Crystaline entomocidal protoxin) (Insecticidal delta-endotoxin CryIXD(a))","DRAM","sporulation_prot"
"2351","O06483","yfnE","Uncharacterized glycosyltransferase YfnE (EC 2.4.-.-)","DRAM","sporulation_prot"
"2361","O06484","yfnF","Uncharacterized protein YfnF","DRAM","sporulation_prot"
"2371","O06485","yfnG","Putative sugar dehydratase/epimerase YfnG","DRAM","sporulation_prot"
"2381","O06486","yfnH","Probable glucose-1-phosphate cytidylyltransferase (EC 2.7.7.33) (CDP-glucose pyrophosphorylase)","DRAM","sporulation_prot"
"2391","O06716","gerPF","Probable spore germination protein GerPF","DRAM","sporulation_prot"
"2401","O06717","gerPE","Probable spore germination protein GerPE","DRAM","sporulation_prot"
"2413","O06718","gerPD","Probable spore germination protein GerPD","DRAM","sporulation_prot"
"2421","O06719","gerPC","Probable spore germination protein GerPC","DRAM","sporulation_prot"
"2431","O06720","gerPB","Probable spore germination protein GerPB","DRAM","sporulation_prot"
"2441","O06721","gerPA","Probable spore germination protein GerPA","DRAM","sporulation_prot"
"2451","O06722","yisI","Aspartyl-phosphate phosphatase YisI (EC 3.1.3.-) (Stage 0 sporulation regulatory protein YisI)","DRAM","sporulation_prot"
"2461","O06723","yisJ","Inner spore coat protein H-like protein","DRAM","sporulation_prot"
"2471","O06727","yisN","Uncharacterized protein YisN","DRAM","sporulation_prot"
"2481","O06728","yisP","Farnesyl diphosphate phosphatase YisP (EC 3.1.7.6)","DRAM","sporulation_prot"
"2491","O06734","yisY","AB hydrolase superfamily protein YisY (EC 3.-.-.-)","DRAM","sporulation_prot"
"2501","O06735","yisZ","Probable adenylyl-sulfate kinase (EC 2.7.1.25) (APS kinase) (ATP adenosine-5'-phosphosulfate 3'-phosphotransferase) (Adenosine-5'-phosphosulfate kinase)","DRAM","sporulation_prot"
"2513","O06736","yitA","Probable sulfate adenylyltransferase (EC 2.7.7.4) (ATP-sulfurylase) (Sulfate adenylate transferase) (SAT)","DRAM","sporulation_prot"
"2521","O06737","yitB","Adenosine 5'-phosphosulfate reductase 2 (APS reductase 2) (EC 1.8.4.10) (5'-adenylylsulfate reductase 2) (Thioredoxin-dependent 5'-adenylylsulfate reductase 2)","DRAM","sporulation_prot"
"2531","O06738","yitC","Probable 2-phosphosulfolactate phosphatase (EC 3.1.3.71)","DRAM","sporulation_prot"
"2541","O06739","yitD","Phosphosulfolactate synthase (EC 4.4.1.19) ((2R)-phospho-3-sulfolactate synthase) (PSL synthase)","DRAM","sporulation_prot"
"2551","O06740","yitE","UPF0750 membrane protein YitE","DRAM","sporulation_prot"
"2561","O06741","yitF","Putative isomerase YitF (EC 5.-.-.-)","DRAM","sporulation_prot"
"2571","O06752","yitQ","Uncharacterized protein YitQ","DRAM","sporulation_prot"
"2581","O06996","cotR","Putative sporulation hydrolase CotR (EC 3.1.1.-)","DRAM","sporulation_prot"
"2591","O06997","cotQ","Uncharacterized FAD-linked oxidoreductase YvdP (EC 1.21.-.-) (Spore coat protein YvdP)","DRAM","sporulation_prot"
"2601","O06998","yvdQ","Uncharacterized protein YvdQ","DRAM","sporulation_prot"
"2613","O07002","yveA","Aspartate-proton symporter (L-aspartate transporter)","DRAM","sporulation_prot"
"2621","O07520","yhaL","Sporulation protein YhaL","DRAM","sporulation_prot"
"2631","O07530","yhdB","Uncharacterized protein YhdB","DRAM","sporulation_prot"
"2641","O07531","yhdC","Uncharacterized protein YhdC","DRAM","sporulation_prot"
"2651","O07539","yhaX","Stress response protein YhaX","DRAM","sporulation_prot"
"2661","O07544","yheC","Endospore coat-associated protein YheC","DRAM","sporulation_prot"
"2671","O07545","yheD","Endospore coat-associated protein YheD","DRAM","sporulation_prot"
"2681","O07547","yheF","Uncharacterized protein YheF","DRAM","sporulation_prot"
"2691","O07571","yhjQ","Uncharacterized cysteine-rich protein YhjQ","DRAM","sporulation_prot"
"2701","O07572","yhjR","Uncharacterized protein YhjR","DRAM","sporulation_prot"
"2713","O07599","yhfA","Uncharacterized membrane protein YhfA","DRAM","sporulation_prot"
"2721","O07611","yhfM","Uncharacterized protein YhfM","DRAM","sporulation_prot"
"2731","O07622","yhfW","Putative Rieske 2Fe-2S iron-sulfur protein YhfW (EC 1.-.-.-)","DRAM","sporulation_prot"
"2741","O07634","ylaJ","Probable spore germination lipoprotein YlaJ","DRAM","sporulation_prot"
"2751","O07635","ylaK","Protein PhoH2 (EC 3.1.-.-) (EC 5.6.2.5) (Protein YlaK) (RNA 5'-3' helicase PhoH2)","DRAM","sporulation_prot"
"2761","O07637","ylaM","Glutaminase 2 (EC 3.5.1.2)","DRAM","sporulation_prot"
"2771","O07919","yraG","Spore coat protein F-like protein YraG","DRAM","sporulation_prot"
"2781","O07949","yraF","Spore coat protein F-like protein YraF","DRAM","sporulation_prot"
"2791","O08394","yetO","Bifunctional cytochrome P450/NADPH--P450 reductase 1 (CYP102A2) (Fatty acid hydroxylase CypD) (Flavocytochrome P450 102A2) [Includes: Cytochrome P450 102A2 (EC 1.14.14.1); NADPH--cytochrome P450 reductase (EC 1.6.2.4)]","DRAM","sporulation_prot"
"2801","O08469","cypA","Cytochrome P450 (EC 1.14.-.-)","DRAM","sporulation_prot"
"2813","O30472","yodL","Uncharacterized protein YodL","DRAM","sporulation_prot"
"2821","O31442","ybeF","Uncharacterized protein YbeF","DRAM","sporulation_prot"
"2831","O31451","ybfJ","Uncharacterized protein YbfJ","DRAM","sporulation_prot"
"2841","O31473","ycgI","Uncharacterized protein YcgI","DRAM","sporulation_prot"
"2851","O31479","gerKD","Uncharacterized protein YczF","DRAM","sporulation_prot"
"2861","O31496","ydzH","Uncharacterized protein YdzH","DRAM","sporulation_prot"
"2871","O31510","yeeK","Spore coat protein YeeK","DRAM","sporulation_prot"
"2881","O31513","yesJ","Uncharacterized N-acetyltransferase YesJ (EC 2.3.1.-)","DRAM","sporulation_prot"
"2891","O31514","yesK","Uncharacterized protein YesK","DRAM","sporulation_prot"
"2901","O31533","yetF","UPF0702 transmembrane protein YetF","DRAM","sporulation_prot"
"2913","O31542","yfnD","Uncharacterized protein YfnD","DRAM","sporulation_prot"
"2921","O31552","sspH","Small, acid-soluble spore protein H (SASP H)","DRAM","sporulation_prot"
"2931","O31572","yfhD","Uncharacterized protein YfhD","DRAM","sporulation_prot"
"2941","O31573","yfhE","Uncharacterized protein YfhE","DRAM","sporulation_prot"
"2951","O31585","yfhS","Uncharacterized protein YfhS","DRAM","sporulation_prot"
"2961","O31586","ygzA","Uncharacterized protein YgzA","DRAM","sporulation_prot"
"2971","O31589","yhbB","Uncharacterized protein YhbB","DRAM","sporulation_prot"
"2981","O31596","yjaZ","Uncharacterized protein YjaZ","DRAM","sporulation_prot"
"2991","O31597","mdfA","UPF0736 protein YjbA","DRAM","sporulation_prot"
"3001","O31603","yjbE","Uncharacterized membrane protein YjbE","DRAM","sporulation_prot"
"3013","O31605","pepF","Oligopeptidase PepF (EC 3.4.24.-)","DRAM","sporulation_prot"
"3021","O31614","prpE","Bis(5'-nucleosyl)-tetraphosphatase PrpE [asymmetrical] (EC 3.6.1.17) (Ap4A hydrolase) (Diadenosine 5',5'''-P1,P4-tetraphosphate asymmetrical hydrolase) (Diadenosine tetraphosphatase)","DRAM","sporulation_prot"
"3031","O31622","cotO","Spore coat protein O","DRAM","sporulation_prot"
"3041","O31623","yjcA","Sporulation protein YjcA","DRAM","sporulation_prot"
"3051","O31625","spoVIF","Sporulation-specific transcription factor SpoVIF (Stage VI sporulation protein F)","DRAM","sporulation_prot"
"3061","O31649","yjdH","Uncharacterized protein YjdH","DRAM","sporulation_prot"
"3071","O31653","ykzH","Uncharacterized protein YkzH","DRAM","sporulation_prot"
"3081","O31659","ykzE","Uncharacterized protein YkzE","DRAM","sporulation_prot"
"3091","O31661","kinE","Sporulation kinase E (EC 2.7.13.3) (Sensor histidine kinase E)","DRAM","sporulation_prot"
"3102","O31671","kinD","Sporulation kinase D (EC 2.7.13.3) (Sensor histidine kinase D)","DRAM","sporulation_prot"
"3111","O31674","ykvI","Uncharacterized membrane protein YkvI","DRAM","sporulation_prot"
"3121","O31681","ykvP","Spore protein YkvP","DRAM","sporulation_prot"
"3131","O31682","ykvQ","Putative glycosylase YkvQ (EC 3.2.-.-)","DRAM","sporulation_prot"
"3141","O31686","ykvU","Sporulation protein YkvU","DRAM","sporulation_prot"
"3151","O31687","stoA","Sporulation thiol-disulfide oxidoreductase A (Stage IV sporulation protein H)","DRAM","sporulation_prot"
"3161","O31700","yknT","Sporulation protein cse15","DRAM","sporulation_prot"
"3171","O31725","ylmC","Probable sporulation protein YlmC","DRAM","sporulation_prot"
"3181","O31737","sivC","Uncharacterized protein YlqB","DRAM","sporulation_prot"
"3191","O31762","ymfD","Bacillibactin exporter","DRAM","sporulation_prot"
"320","O31768","ymfJ","Uncharacterized protein YmfJ","DRAM","sporulation_prot"
"3211","O31771","rodZ","Uncharacterized membrane protein YmfM","DRAM","sporulation_prot"
"322","O31773","pbpX","Putative penicillin-binding protein PbpX","DRAM","sporulation_prot"
"323","O31779","ricA","Uncharacterized protein YmcA","DRAM","sporulation_prot"
"324","O31793","ymaG","Uncharacterized protein YmaG","DRAM","sporulation_prot"
"325","O31794","gerY","Uncharacterized protein YmaF","DRAM","sporulation_prot"
"326","O31802","cotU","Uncharacterized protein YnzH","DRAM","sporulation_prot"
"327","O31805","yndA","Uncharacterized protein YndA","DRAM","sporulation_prot"
"328","O31807","ynzB","Uncharacterized protein YnzB","DRAM","sporulation_prot"
"329","O31808","yndD","Uncharacterized membrane protein YndD","DRAM","sporulation_prot"
"330","O31809","yndE","Spore germination protein YndE","DRAM","sporulation_prot"
"3311","O31810","yndF","Spore germination protein YndF","DRAM","sporulation_prot"
"332","O31815","pghL","UPF0714 protein YndL","DRAM","sporulation_prot"
"333","O31816","yndM","Uncharacterized membrane protein YndM","DRAM","sporulation_prot"
"334","O31819","ynzD","Aspartyl-phosphate phosphatase YnzD (EC 3.1.3.-) (Stage 0 sporulation regulatory protein YnzD)","DRAM","sporulation_prot"
"335","O31824","nrnB","Oligoribonuclease NrnB (EC 3.1.-.-) (NanoRNase B)","DRAM","sporulation_prot"
"336","O31825","yngE","Uncharacterized carboxylase YngE (EC 6.4.1.-)","DRAM","sporulation_prot"
"337","O31826","yngI","Putative acyl-CoA synthetase YngI (EC 6.2.1.-)","DRAM","sporulation_prot"
"338","O31831","yoaQ","Uncharacterized protein YoaQ","DRAM","sporulation_prot"
"339","O31832","yozF","Uncharacterized protein YozF","DRAM","sporulation_prot"
"340","O31846","yozN","Uncharacterized protein YozN","DRAM","sporulation_prot"
"3411","O31854","cdaS","Cyclic di-AMP synthase CdaS (c-di-AMP synthase) (EC 2.7.7.85) (Diadenylate cyclase) (DAC)","DRAM","sporulation_prot"
"342","O31861","yojB","Uncharacterized protein YojB","DRAM","sporulation_prot"
"343","O31863","yozD","Uncharacterized protein YozD","DRAM","sporulation_prot"
"344","O31864","yozE","UPF0346 protein YozE","DRAM","sporulation_prot"
"345","O31982","blyA","N-acetylmuramoyl-L-alanine amidase BlyA (EC 3.5.1.28) (Autolysin) (Cell wall hydrolase)","DRAM","sporulation_prot"
"346","O32007","ypzA","Uncharacterized protein YpzA","DRAM","sporulation_prot"
"347","O32012","ypzC","Uncharacterized protein YpzC","DRAM","sporulation_prot"
"348","O32013","ypzD","Spore germination protein-like protein YpzD","DRAM","sporulation_prot"
"349","O32019","yqzG","Uncharacterized protein YqzG","DRAM","sporulation_prot"
"350","O32020","spoIIIL","Uncharacterized protein YqzE","DRAM","sporulation_prot"
"3511","O32025","phrE","Phosphatase RapE inhibitor (Phosphatase regulator E)","DRAM","sporulation_prot"
"352","O32030","yrzA","Uncharacterized protein YrzA","DRAM","sporulation_prot"
"353","O32031","yrrS","Uncharacterized membrane protein YrrS","DRAM","sporulation_prot"
"354","O32032","pbpI","Penicillin-binding protein 4B (PBP-4B) (PBP4b) (EC 3.4.16.4) (Penicillin-binding protein I)","DRAM","sporulation_prot"
"355","O32040","yrzK","Uncharacterized protein YrzK","DRAM","sporulation_prot"
"356","O32050","yrbG","UPF0702 transmembrane protein YrbG","DRAM","sporulation_prot"
"357","O32051","yrzE","Uncharacterized membrane protein YrzE","DRAM","sporulation_prot"
"358","O32060","yrbD","Putative sodium/proton-dependent alanine carrier protein YrbD","DRAM","sporulation_prot"
"359","O32062","safA","SpoIVD-associated factor A (Morphogenetic protein SafA)","DRAM","sporulation_prot"
"360","O32066","ytzH","Uncharacterized protein YtzH","DRAM","sporulation_prot"
"3611","O32073","ytzC","Uncharacterized protein YtzC","DRAM","sporulation_prot"
"362","O32076","floT","Flotillin-like protein FloT (Bacterial flotillin homolog YuaG)","DRAM","sporulation_prot"
"363","O32085","cdoA","Cysteine dioxygenase (CDO) (EC 1.13.11.20)","DRAM","sporulation_prot"
"364","O32087","yuzA","Uncharacterized membrane protein YuzA","DRAM","sporulation_prot"
"365","O32089","yuzC","Uncharacterized protein YuzC","DRAM","sporulation_prot"
"366","O32094","yueG","Spore germination protein-like protein YueG","DRAM","sporulation_prot"
"367","O32096","yuzE","Uncharacterized protein YuzE","DRAM","sporulation_prot"
"368","O32097","yuzF","Uncharacterized protein YuzF","DRAM","sporulation_prot"
"369","O32108","yuiC","Uncharacterized protein YuiC","DRAM","sporulation_prot"
"370","O32123","yutH","Endospore coat-associated protein YutH","DRAM","sporulation_prot"
"3711","O32124","yutG","Uncharacterized protein YutG","DRAM","sporulation_prot"
"372","O32128","yutC","Uncharacterized lipoprotein YutC","DRAM","sporulation_prot"
"373","O32130","lytH","L-Ala--D-Glu endopeptidase (EC 3.4.-.-) (Peptidoglycan hydrolase) (Sporulation-specific endopeptidase)","DRAM","sporulation_prot"
"374","O32131","fisB","Sporulation protein YunB","DRAM","sporulation_prot"
"375","O32132","yunC","Uncharacterized protein YunC","DRAM","sporulation_prot"
"376","O32160","yurS","Uncharacterized protein YurS","DRAM","sporulation_prot"
"377","O32166","yurZ","Uncharacterized protein YurZ","DRAM","sporulation_prot"
"378","O32179","fadM","Proline dehydrogenase 1 (PRODH 1) (EC 1.5.5.2) (Proline oxidase 1)","DRAM","sporulation_prot"
"379","O32180","yusN","Uncharacterized protein YusN","DRAM","sporulation_prot"
"380","O32189","yusW","Uncharacterized protein YusW","DRAM","sporulation_prot"
"3811","O32217","bdbC","Disulfide bond formation protein C (Disulfide oxidoreductase C) (Thiol-disulfide oxidoreductase C)","DRAM","sporulation_prot"
"382","O32218","bdbD","Disulfide bond formation protein D (Disulfide oxidoreductase D) (Thiol-disulfide oxidoreductase D)","DRAM","sporulation_prot"
"383","O32224","azoR2","FMN-dependent NADH:quinone oxidoreductase 2 (EC 1.6.5.-) (Azo-dye reductase 2) (FMN-dependent NADH-azo compound oxidoreductase 2) (FMN-dependent NADH-azoreductase 2) (EC 1.7.1.17)","DRAM","sporulation_prot"
"384","O32225","yvaC","Uncharacterized membrane protein YvaC","DRAM","sporulation_prot"
"385","O32230","smpB","SsrA-binding protein (Small protein B)","DRAM","sporulation_prot"
"386","O32234","yvaM","AB hydrolase superfamily protein YvaM (EC 3.-.-.-)","DRAM","sporulation_prot"
"387","O32236","rghR","HTH-type transcriptional repressor RghR (RapGH repressor)","DRAM","sporulation_prot"
"388","O32267","tuaH","Putative teichuronic acid biosynthesis glycosyltransferase TuaH (EC 2.4.-.-)","DRAM","sporulation_prot"
"389","O32268","tuaG","Putative teichuronic acid biosynthesis glycosyltransferase TuaG (EC 2.4.-.-)","DRAM","sporulation_prot"
"390","O32269","tuaF","Teichuronic acid biosynthesis protein TuaF","DRAM","sporulation_prot"
"3911","O32276","usd","Protein usd","DRAM","sporulation_prot"
"392","O32277","spoIIT","Uncharacterized protein YwmB","DRAM","sporulation_prot"
"393","O32293","yycN","Uncharacterized N-acetyltransferase YycN (EC 2.3.1.-)","DRAM","sporulation_prot"
"394","O32296","yyzB","Uncharacterized protein YyzB","DRAM","sporulation_prot"
"395","O32307","cry19Aa","Pesticidal crystal protein Cry19Aa (75 kDa crystal protein) (Crystaline entomocidal protoxin) (Insecticidal delta-endotoxin CryXIXA(a))","DRAM","sporulation_prot"
"396","O32321","cry20Aa","Pesticidal crystal protein Cry20Aa (86 kDa crystal protein) (Crystaline entomocidal protoxin) (Insecticidal delta-endotoxin CryXXA(a))","DRAM","sporulation_prot"
"397","O32322","cyt2Bb1","Type-2Bb cytolytic delta-endotoxin (30 kDa cytolytic toxin)","DRAM","sporulation_prot"
"398","O32720","spoIIAA","Anti-sigma F factor antagonist (Stage II sporulation protein AA)","DRAM","sporulation_prot"
"399","O32721","spoIIAB","Anti-sigma F factor (EC 2.7.11.1) (Stage II sporulation protein AB)","DRAM","sporulation_prot"
"400","O32723","spoIIAA","Anti-sigma F factor antagonist (Stage II sporulation protein AA)","DRAM","sporulation_prot"
"4011","O32724","spoIIAB","Anti-sigma F factor (EC 2.7.11.1) (Stage II sporulation protein AB)","DRAM","sporulation_prot"
"402","O32726","spoIIAA","Anti-sigma F factor antagonist (Stage II sporulation protein AA)","DRAM","sporulation_prot"
"403","O32727","spoIIAB","Anti-sigma F factor (EC 2.7.11.1) (Stage II sporulation protein AB)","DRAM","sporulation_prot"
"404","O34314","ytlC","Uncharacterized ABC transporter ATP-binding protein YtlC (EC 7.-.-.-)","DRAM","sporulation_prot"
"405","O34317","yodS","Probable coenzyme A transferase subunit alpha (EC 2.8.3.-) (Probable CoA-transferase subunit alpha)","DRAM","sporulation_prot"
"406","O34327","rapJ","Response regulator aspartate phosphatase J (EC 3.1.3.-)","DRAM","sporulation_prot"
"407","O34345","yflJ","Uncharacterized protein YflJ","DRAM","sporulation_prot"
"408","O34346","uxuA","Mannonate dehydratase (EC 4.2.1.8) (D-mannonate hydro-lyase)","DRAM","sporulation_prot"
"409","O34354","uxaB","Altronate oxidoreductase (EC 1.1.1.58) (Tagaturonate dehydrogenase) (Tagaturonate reductase)","DRAM","sporulation_prot"
"410","O34356","ynzE","Uncharacterized protein YnzE","DRAM","sporulation_prot"
"4111","O34363","yobN","Putative L-amino-acid oxidase YobN (EC 1.4.3.2)","DRAM","sporulation_prot"
"412","O34371","yteT","Putative oxidoreductase YteT (EC 1.-.-.-)","DRAM","sporulation_prot"
"413","O34391","xlyB","N-acetylmuramoyl-L-alanine amidase XlyB (EC 3.5.1.28) (Autolysin) (Cell wall hydrolase)","DRAM","sporulation_prot"
"414","O34398","ligD","Bifunctional non-homologous end joining protein LigD (NHEJ DNA polymerase) [Includes: DNA ligase (Lig) (EC 6.5.1.1) (Polydeoxyribonucleotide synthase [ATP]); DNA repair polymerase (Pol) (Polymerase/primase)]","DRAM","sporulation_prot"
"415","O34402","yrrD","Uncharacterized protein YrrD","DRAM","sporulation_prot"
"416","O34405","ykzD","Uncharacterized protein YkzD","DRAM","sporulation_prot"
"417","O34409","yflN","Probable metallo-hydrolase YflN (EC 3.-.-.-)","DRAM","sporulation_prot"
"418","O34412","ricF","Regulatory protein YlbF","DRAM","sporulation_prot"
"419","O34413","ytcC","Putative glycosyltransferase YtcC (EC 2.4.-.-)","DRAM","sporulation_prot"
"420","O34414","yodN","Uncharacterized protein YodN","DRAM","sporulation_prot"
"4211","O34421","yngJ","Probable acyl-CoA dehydrogenase YngJ (EC 1.3.99.-)","DRAM","sporulation_prot"
"422","O34423","yjqC","Uncharacterized protein YjqC","DRAM","sporulation_prot"
"423","O34431","yloB","Calcium-transporting ATPase (EC 7.2.2.10) (Calcium pump)","DRAM","sporulation_prot"
"424","O34456","exuT","Hexuronate transporter (Aldohexuronate transport system)","DRAM","sporulation_prot"
"425","O34460","ytrI","Sporulation membrane protein YtrI","DRAM","sporulation_prot"
"426","O34466","yodR","Probable coenzyme A transferase subunit beta (EC 2.8.3.-) (Probable CoA-transferase subunit beta)","DRAM","sporulation_prot"
"427","O34472","yrrI","Putative transport protein YrrI","DRAM","sporulation_prot"
"428","O34486","yfkQ","Uncharacterized membrane protein YfkQ","DRAM","sporulation_prot"
"429","O34495","ykoP","Uncharacterized protein YkoP","DRAM","sporulation_prot"
"430","O34505","ythB","Putative cytochrome bd menaquinol oxidase subunit II","DRAM","sporulation_prot"
"4311","O34506","yngL","UPF0713 protein YngL","DRAM","sporulation_prot"
"432","O34507","prkC","Serine/threonine-protein kinase PrkC (Ser/Thr-protein kinase PrkC) (EC 2.7.11.1)","DRAM","sporulation_prot"
"433","O34541","yoaW","Uncharacterized protein YoaW","DRAM","sporulation_prot"
"434","O34544","yngH","Biotin carboxylase 2 (EC 6.3.4.14) (Acetyl-coenzyme A carboxylase biotin carboxylase subunit A 2)","DRAM","sporulation_prot"
"435","O34549","gerR","Sporulation-specific transcriptional regulator GerR","DRAM","sporulation_prot"
"436","O34554","yjfA","Uncharacterized protein YjfA","DRAM","sporulation_prot"
"437","O34563","glnH","ABC transporter glutamine-binding protein GlnH","DRAM","sporulation_prot"
"438","O34573","yfkT","Putative spore germination protein YfkT","DRAM","sporulation_prot"
"439","O34578","yjnA","Probable membrane transporter protein YjnA","DRAM","sporulation_prot"
"440","O34579","yfkD","Uncharacterized protein YfkD","DRAM","sporulation_prot"
"4411","O34585","yjzC","Uncharacterized protein YjzC","DRAM","sporulation_prot"
"442","O34586","ylbC","Uncharacterized membrane protein YlbC","DRAM","sporulation_prot"
"443","O34592","ydjP","AB hydrolase superfamily protein YdjP (EC 3.-.-.-)","DRAM","sporulation_prot"
"444","O34606","glnP","Probable glutamine ABC transporter permease protein GlnP","DRAM","sporulation_prot"
"445","O34611","yoaR","Uncharacterized protein YoaR","DRAM","sporulation_prot"
"446","O34649","ytlD","Uncharacterized ABC transporter permease protein YtlD","DRAM","sporulation_prot"
"447","O34654","yodI","Uncharacterized protein YodI","DRAM","sporulation_prot"
"448","O34656","cotI","Spore coat protein I","DRAM","sporulation_prot"
"449","O34662","yodT","Uncharacterized aminotransferase YodT (EC 2.6.-.-)","DRAM","sporulation_prot"
"450","O34671","glnM","Probable glutamine ABC transporter permease protein GlnM","DRAM","sporulation_prot"
"4511","O34673","uxaA","Altronate dehydratase (EC 4.2.1.7) (D-altronate hydro-lyase)","DRAM","sporulation_prot"
"452","O34676","kamA","L-lysine 2,3-aminomutase (LAM) (EC 5.4.3.2) (KAM)","DRAM","sporulation_prot"
"453","O34677","glnQ","Glutamine transport ATP-binding protein GlnQ (EC 7.4.2.-)","DRAM","sporulation_prot"
"454","O34682","ylbB","Uncharacterized protein YlbB","DRAM","sporulation_prot"
"455","O34701","yoaU","Uncharacterized HTH-type transcriptional regulator YoaU","DRAM","sporulation_prot"
"456","O34712","ytrA","HTH-type transcriptional repressor YtrA","DRAM","sporulation_prot"
"457","O34736","yjmC","Uncharacterized oxidoreductase YjmC (EC 1.1.1.-)","DRAM","sporulation_prot"
"458","O34752","lgt","Phosphatidylglycerol--prolipoprotein diacylglyceryl transferase (EC 2.5.1.145) (Spore germination protein GerF)","DRAM","sporulation_prot"
"459","O34755","ykoT","Uncharacterized glycosyltransferase YkoT (EC 2.4.-.-)","DRAM","sporulation_prot"
"460","O34765","spoVV","Sporulation integral membrane protein YlbJ","DRAM","sporulation_prot"
"4611","O34767","oxdD","Oxalate decarboxylase OxdD (EC 4.1.1.2)","DRAM","sporulation_prot"
"462","O34779","prpC","Protein phosphatase PrpC (EC 3.1.3.16)","DRAM","sporulation_prot"
"463","O34783","ykuS","UPF0180 protein YkuS","DRAM","sporulation_prot"
"464","O34800","spoIISB","Stage II sporulation protein SB (Antidote protein SpoIISB) (Antitoxin SpoIISB)","DRAM","sporulation_prot"
"465","O34803","yeaA","Uncharacterized protein YeaA","DRAM","sporulation_prot"
"466","O34806","gerW","Uncharacterized spore protein YtfJ","DRAM","sporulation_prot"
"467","O34811","ytwI","UPF0756 membrane protein YtwI","DRAM","sporulation_prot"
"468","O34814","ftsE","Cell division ATP-binding protein FtsE","DRAM","sporulation_prot"
"469","O34816","ldt","Putative L,D-transpeptidase YkuD (EC 2.-.-.-) (Spore protein YkuD)","DRAM","sporulation_prot"
"470","O34830","ykoS","Uncharacterized membrane protein YkoS","DRAM","sporulation_prot"
"4711","O34840","chaA","Ca(2+)/H(+) antiporter ChaA","DRAM","sporulation_prot"
"472","O34850","sprB","SPbeta prophage-derived uncharacterized protein YotN","DRAM","sporulation_prot"
"473","O34853","spoIISA","Stage II sporulation protein SA (Killer protein SpoIISA) (Toxin SpoIISA)","DRAM","sporulation_prot"
"474","O34855","yocN","Uncharacterized protein YocN","DRAM","sporulation_prot"
"475","O34859","ykoV","Non-homologous end joining protein Ku","DRAM","sporulation_prot"
"476","O34862","ytcA","Putative UDP-glucose 6-dehydrogenase YtcA (UDP-Glc dehydrogenase) (UDP-GlcDH) (UDPGDH) (EC 1.1.1.22)","DRAM","sporulation_prot"
"477","O34873","yngG","Hydroxymethylglutaryl-CoA lyase YngG (HL) (HMG-CoA lyase) (EC 4.1.3.4) (3-hydroxy-3-methylglutarate-CoA lyase)","DRAM","sporulation_prot"
"478","O34876","ftsX","Cell division protein FtsX","DRAM","sporulation_prot"
"479","O34880","ylbD","Uncharacterized protein YlbD","DRAM","sporulation_prot"
"480","O34881","ytvB","Uncharacterized protein YtvB","DRAM","sporulation_prot"
"4811","O34883","ytkC","Uncharacterized protein YtkC","DRAM","sporulation_prot"
"482","O34886","ytcB","Uncharacterized UDP-glucose epimerase YtcB (EC 4.-.-.-)","DRAM","sporulation_prot"
"483","O34891","yjzB","Uncharacterized protein YjzB","DRAM","sporulation_prot"
"484","O34893","yngF","Putative enoyl-CoA hydratase/isomerase YngF","DRAM","sporulation_prot"
"485","O34895","yodP","N-acetyltransferase YodP (EC 2.3.1.-) (Beta-lysine N(6)-acetyltransferase) (EC 2.3.1.264)","DRAM","sporulation_prot"
"486","O34896","yjmF","Uncharacterized oxidoreductase UxuB (EC 1.-.-.-)","DRAM","sporulation_prot"
"487","O34906","yoaM","Abasic site processing protein YoaM (EC 4.-.-.-) (Peptidase YoaM) (EC 3.4.-.-)","DRAM","sporulation_prot"
"488","O34917","ytfI","Uncharacterized protein YtfI","DRAM","sporulation_prot"
"489","O34928","pdaA","Peptidoglycan-N-acetylmuramic acid deacetylase PdaA (Peptidoglycan MurNAc deacetylase) (EC 3.5.1.-)","DRAM","sporulation_prot"
"490","O34954","yodH","Uncharacterized methyltransferase YodH (EC 2.1.1.-)","DRAM","sporulation_prot"
"4911","O34958","ylbE","Uncharacterized protein YlbE","DRAM","sporulation_prot"
"492","O34959","yjaV","Uncharacterized protein YjaV","DRAM","sporulation_prot"
"493","O34970","refZ","Probable HTH-type transcriptional regulator YttP (Stress response protein YttP)","DRAM","sporulation_prot"
"494","O34976","yocL","Uncharacterized protein YocL","DRAM","sporulation_prot"
"495","O34984","yodQ","Uncharacterized metallohydrolase YodQ (EC 3.-.-.-)","DRAM","sporulation_prot"
"496","O34986","shfP","Uncharacterized protein YvnB","DRAM","sporulation_prot"
"497","O34991","ytvI","Putative transport protein YtvI","DRAM","sporulation_prot"
"498","O34997","meeY","Uncharacterized membrane protein YkoY","DRAM","sporulation_prot"
"499","O35001","yjaU","Uncharacterized protein YjaU","DRAM","sporulation_prot"
"500","O35002","ctpB","Carboxy-terminal processing protease CtpB (C-terminal processing protease) (EC 3.4.21.102)","DRAM","sporulation_prot"
"5011","O35013","rppH","Putative 8-oxo-dGTP diphosphatase YtkD (8-oxo-dGTPase) (EC 3.6.1.55) (7,8-dihydro-8-oxoguanine-triphosphatase) (dGTP pyrophosphohydrolase)","DRAM","sporulation_prot"
"502","O35015","yngK","Glycosyl hydrolase YngK (EC 3.2.1.-)","DRAM","sporulation_prot"
"503","O35023","sodF","Probable superoxide dismutase [Fe] (EC 1.15.1.1)","DRAM","sporulation_prot"
"504","O35028","yfkR","Putative spore germination protein YfkR","DRAM","sporulation_prot"
"505","O35036","yfkS","Uncharacterized protein YfkS","DRAM","sporulation_prot"
"506","O35040","ykoQ","Uncharacterized metallophosphoesterase YkoQ (EC 3.1.-.-)","DRAM","sporulation_prot"
"507","O35045","yjmD","Uncharacterized zinc-type alcohol dehydrogenase-like protein YjmD (EC 1.-.-.-)","DRAM","sporulation_prot"
"508","O66042","mecA","Adapter protein MecA","DRAM","sporulation_prot"
"509","O66377","cry1Fb","Pesticidal crystal protein Cry1Fb (132 kDa crystal protein) (Crystaline entomocidal protoxin) (Insecticidal delta-endotoxin CryIF(b))","DRAM","sporulation_prot"
"510","O68685","gerPC","Probable spore germination protein GerPC","DRAM","sporulation_prot"
"5111","O68687","gerPE","Probable spore germination protein GerPE","DRAM","sporulation_prot"
"512","O85467","gerIA","Spore germination protein GerIA","DRAM","sporulation_prot"
"513","O85805","cry1Be","Pesticidal crystal protein Cry1Be (139 kDa crystal protein) (Crystaline entomocidal protoxin) (Insecticidal delta-endotoxin CryIB(e))","DRAM","sporulation_prot"
"514","O86170","cry19Ba","Pesticidal crystal protein Cry19Ba (78 kDa crystal protein) (Crystaline entomocidal protoxin) (Insecticidal delta-endotoxin CryXIXB(a))","DRAM","sporulation_prot"
"515","O87404","cry1Ic","Pesticidal crystal protein Cry1Ic (81 kDa crystal protein) (Crystaline entomocidal protoxin) (Insecticidal delta-endotoxin CryII(c))","DRAM","sporulation_prot"
"516","O87905","cry24Aa","Pesticidal crystal protein Cry24Aa (Crystaline entomocidal protoxin) (Crystal protein) (Insecticidal delta-endotoxin CryXXIVA(a)) (Insecticidal protein Jeg72)","DRAM","sporulation_prot"
"517","O87906","cry25Aa","Pesticidal crystal protein Cry25Aa (76 kDa crystal protein) (Crystaline entomocidal protoxin) (Insecticidal delta-endotoxin CryXXVA(a)) (Insecticidal protein Jeg74)","DRAM","sporulation_prot"
"518","P00781","apr","Subtilisin DY (EC 3.4.21.62)","DRAM","sporulation_prot"
"519","P00782","apr","Subtilisin BPN' (EC 3.4.21.62) (Alkaline protease) (Subtilisin DFE) (Subtilisin Novo)","DRAM","sporulation_prot"
"520","P00783","apr","Subtilisin amylosacchariticus (EC 3.4.21.62)","DRAM","sporulation_prot"
"5211","P02958","sspC","Small, acid-soluble spore protein C (SASP)","DRAM","sporulation_prot"
"522","P02959","sasP-A","Small, acid-soluble spore protein A (SASP)","DRAM","sporulation_prot"
"523","P02960","sasP-C","Small, acid-soluble spore protein C (SASP)","DRAM","sporulation_prot"
"524","P02961","sasP-B","Small, acid-soluble spore protein gamma-type (SASP)","DRAM","sporulation_prot"
"525","P02964","sigH","RNA polymerase sigma-H factor (Sigma-30)","DRAM","sporulation_prot"
"526","P02966","tps","Development-specific protein S (Spore coat protein S)","DRAM","sporulation_prot"
"527","P02967","ops","Development-specific protein S homolog","DRAM","sporulation_prot"
"528","P04189","aprE","Subtilisin E (EC 3.4.21.62)","DRAM","sporulation_prot"
"529","P04831","sspA","Small, acid-soluble spore protein A (SASP)","DRAM","sporulation_prot"
"530","P04832","sspB","Small, acid-soluble spore protein B (SASP)","DRAM","sporulation_prot"
"5311","P04833","sspD","Small, acid-soluble spore protein D (SASP)","DRAM","sporulation_prot"
"532","P04834","sASP-C4","Small, acid-soluble spore protein C4 (SASP)","DRAM","sporulation_prot"
"533","P04835","sASP-C5","Small, acid-soluble spore protein C5 (SASP)","DRAM","sporulation_prot"
"534","P05043","spo0E","Aspartyl-phosphate phosphatase Spo0E (EC 3.1.3.-) (Stage 0 sporulation protein E) (Stage 0 sporulation regulatory protein Spo0E)","DRAM","sporulation_prot"
"535","P05068","cry1Ac","Pesticidal crystal protein Cry1Ac (133 kDa crystal protein) (Crystaline entomocidal protoxin) (Insecticidal delta-endotoxin CryIA(c))","DRAM","sporulation_prot"
"536","P05516","binA","Binary larvicide subunit BinA (41.9 kDa insecticidal toxin) (Larvicidal toxin protein P42)","DRAM","sporulation_prot"
"537","P05519","cry4Ba","Pesticidal crystal protein Cry4B protoxin (128 kDa crystal protein) (130 kDa mosquito-larvicidal delta-endotoxin) (Bt8) (Crystaline entomocidal protoxin) (Insecticidal delta-endotoxin CryIVB(a)) (Pesticidal crystal protein Cry4Ba protoxin)","DRAM","sporulation_prot"
"538","P06222","sigE","RNA polymerase sigma-E factor (P31) (Sigma-29) (Stage II sporulation protein GB)","DRAM","sporulation_prot"
"539","P06533","sinR","HTH-type transcriptional regulator SinR","DRAM","sporulation_prot"
"540","P06534","spo0A","Stage 0 sporulation protein A (Stage 0 sporulation protein C) (Stage 0 sporulation protein G)","DRAM","sporulation_prot"
"5411","P06535","spo0B","Sporulation initiation phosphotransferase B (EC 2.7.-.-) (Stage 0 sporulation protein B) (Stage 0 sporulation protein D)","DRAM","sporulation_prot"
"542","P06552","sasP-1","Small, acid-soluble spore protein 1 (SASP)","DRAM","sporulation_prot"
"543","P06553","sasP-1","Small, acid-soluble spore protein 1 (SASP)","DRAM","sporulation_prot"
"544","P06569","ytxC","Uncharacterized protein YtxC (ORF-281)","DRAM","sporulation_prot"
"545","P06575","binA","Binary larvicide subunit BinA (41.9 kDa insecticidal toxin) (Binary paracrystalline larvicide subunit BinA)","DRAM","sporulation_prot"
"546","P06628","spo0F","Sporulation initiation phosphotransferase F (EC 2.7.-.-) (Stage 0 sporulation protein F)","DRAM","sporulation_prot"
"547","P06630","eag","Uncharacterized protein eag","DRAM","sporulation_prot"
"548","P06653","lytA","Autolysin (EC 3.5.1.28) (Cell wall hydrolase) (Mucopeptide aminohydrolase) (Murein hydrolase) (N-acetylmuramoyl-L-alanine amidase)","DRAM","sporulation_prot"
"549","P07372","spoIID","Stage II sporulation protein D (Stage II sporulation protein C)","DRAM","sporulation_prot"
"550","P07373","spoVE","Stage V sporulation protein E","DRAM","sporulation_prot"
"5511","P07518","apr","Subtilisin (EC 3.4.21.62) (Alkaline mesentericopeptidase)","DRAM","sporulation_prot"
"552","P07784","sspE","Small, acid-soluble spore protein gamma-type (SASP)","DRAM","sporulation_prot"
"553","P07785","sspE","Small, acid-soluble spore protein gamma-type (SASP)","DRAM","sporulation_prot"
"554","P07786","small, acid-soluble spore protein gamma-type (SASP)","Small, acid-soluble spore protein gamma-type (SASP)","DRAM","sporulation_prot"
"555","P07787","small, acid-soluble spore protein gamma-type (SASP)","Small, acid-soluble spore protein gamma-type (SASP)","DRAM","sporulation_prot"
"556","P07788","cotA","Laccase (EC 1.10.3.2) (Bilirubin oxidase) (EC 1.3.3.5) (Spore coat protein A)","DRAM","sporulation_prot"
"557","P07789","cotB","Spore coat protein B","DRAM","sporulation_prot"
"558","P07790","cotC","Spore coat protein C","DRAM","sporulation_prot"
"559","P07791","cotD","Spore coat protein D","DRAM","sporulation_prot"
"560","P07860","sigF","RNA polymerase sigma-F factor (Sporulation sigma factor) (Stage II sporulation protein AC)","DRAM","sporulation_prot"
"5611","P07868","gerAA","Spore germination protein A1","DRAM","sporulation_prot"
"562","P07869","gerAB","Spore germination protein A2","DRAM","sporulation_prot"
"563","P07870","gerAC","Spore germination protein A3","DRAM","sporulation_prot"
"564","P07999","gdhB","Glucose 1-dehydrogenase B (EC 1.1.1.47)","DRAM","sporulation_prot"
"565","P08164","nadE","NH(3)-dependent NAD(+) synthetase (EC 6.3.1.5) (General stress protein 38) (GSP38) (Spore outgrowth factor B) (Sporulation protein OutB)","DRAM","sporulation_prot"
"566","P08874","abrB","Transition state regulatory protein AbrB","DRAM","sporulation_prot"
"567","P09662","cry10Aa","Pesticidal crystal protein Cry10Aa (78 kDa crystal protein) (Crystaline entomocidal protoxin) (Insecticidal delta-endotoxin CryXA(a))","DRAM","sporulation_prot"
"568","P0A366","cry1Aa","Pesticidal crystal protein Cry1Aa (133 kDa crystal protein) (Crystaline entomocidal protoxin) (Insecticidal delta-endotoxin CryIA(a))","DRAM","sporulation_prot"
"569","P0A367","cry1Aa","Pesticidal crystal protein Cry1Aa (133 kDa crystal protein) (Crystaline entomocidal protoxin) (Insecticidal delta-endotoxin CryIA(a))","DRAM","sporulation_prot"
"570","P0A368","cry1Aa","Pesticidal crystal protein Cry1Aa (133 kDa crystal protein) (Crystaline entomocidal protoxin) (Insecticidal delta-endotoxin CryIA(a))","DRAM","sporulation_prot"
"5711","P0A369","cry1Aa","Pesticidal crystal protein Cry1Aa (133 kDa crystal protein) (Crystaline entomocidal protoxin) (Insecticidal delta-endotoxin CryIA(a))","DRAM","sporulation_prot"
"572","P0A370","cry1Ab","Pesticidal crystal protein Cry1Ab (130 kDa crystal protein) (Crystaline entomocidal protoxin) (Insecticidal delta-endotoxin CryIA(b))","DRAM","sporulation_prot"
"573","P0A371","cry1Ab","Pesticidal crystal protein Cry1Ab (130 kDa crystal protein) (Crystaline entomocidal protoxin) (Insecticidal delta-endotoxin CryIA(b))","DRAM","sporulation_prot"
"574","P0A372","cry1Ab","Pesticidal crystal protein Cry1Ab (130 kDa crystal protein) (Crystaline entomocidal protoxin) (Insecticidal delta-endotoxin CryIA(b))","DRAM","sporulation_prot"
"575","P0A373","cry1Ba","Pesticidal crystal protein Cry1Ba (140 kDa crystal protein) (Crystaline entomocidal protoxin) (Insecticidal delta-endotoxin CryIB(a))","DRAM","sporulation_prot"
"576","P0A374","cry1Ba","Pesticidal crystal protein Cry1Ba (140 kDa crystal protein) (Crystaline entomocidal protoxin) (Insecticidal delta-endotoxin CryIB(a))","DRAM","sporulation_prot"
"577","P0A375","cry1Ca","Pesticidal crystal protein Cry1Ca (134 kDa crystal protein) (Crystaline entomocidal protoxin) (Insecticidal delta-endotoxin CryIC(a))","DRAM","sporulation_prot"
"578","P0A376","cry1Ca","Pesticidal crystal protein Cry1Ca (134 kDa crystal protein) (Crystaline entomocidal protoxin) (Insecticidal delta-endotoxin CryIC(a))","DRAM","sporulation_prot"
"579","P0A377","cry2Aa","Pesticidal crystal protein Cry2Aa (71 kDa crystal protein) (Crystaline entomocidal protoxin) (Insecticidal delta-endotoxin CryIIA(a)) (Mosquito factor) (P2 crystal protein)","DRAM","sporulation_prot"
"580","P0A378","cry2Aa","Pesticidal crystal protein Cry2Aa (71 kDa crystal protein) (Crystaline entomocidal protoxin) (Insecticidal delta-endotoxin CryIIA(a)) (Mosquito factor) (P2 crystal protein)","DRAM","sporulation_prot"
"5811","P0A379","cry3Aa","Pesticidal crystal protein Cry3Aa (73 kDa crystal protein) (Crystaline entomocidal protoxin) (Insecticidal delta-endotoxin CryIIIA(a))","DRAM","sporulation_prot"
"582","P0A380","cry3Aa","Pesticidal crystal protein Cry3Aa (73 kDa crystal protein) (Crystaline entomocidal protoxin) (Insecticidal delta-endotoxin CryIIIA(a))","DRAM","sporulation_prot"
"583","P0A381","cry3Aa","Pesticidal crystal protein Cry3Aa (73 kDa crystal protein) (Crystaline entomocidal protoxin) (Insecticidal delta-endotoxin CryIIIA(a))","DRAM","sporulation_prot"
"584","P0A382","cyt1Aa","Type-1Aa cytolytic delta-endotoxin (27 kDa cytolytic toxin)","DRAM","sporulation_prot"
"585","P0A383","cyt1Aa","Type-1Aa cytolytic delta-endotoxin (27 kDa cytolytic toxin)","DRAM","sporulation_prot"
"586","P0A3T6","gerPB","Probable spore germination protein GerPB","DRAM","sporulation_prot"
"587","P0A3T7","gerPB","Probable spore germination protein GerPB","DRAM","sporulation_prot"
"588","P0A3T8","gerPD","Probable spore germination protein GerPD","DRAM","sporulation_prot"
"589","P0A3T9","gerPD","Probable spore germination protein GerPD","DRAM","sporulation_prot"
"590","P0A3V0","sleB","Spore cortex-lytic enzyme (SCLE) (Germination-specific amidase)","DRAM","sporulation_prot"
"5911","P0A3V1","sleB","Spore cortex-lytic enzyme (SCLE) (Germination-specific amidase)","DRAM","sporulation_prot"
"592","P0A4F2","sasP-1","Small, acid-soluble spore protein 1 (SASP)","DRAM","sporulation_prot"
"593","P0A4F3","sasP-1","Small, acid-soluble spore protein 1 (SASP)","DRAM","sporulation_prot"
"594","P0A4F4","sasP-2","Small, acid-soluble spore protein 2 (SASP)","DRAM","sporulation_prot"
"595","P0A4F5","sasP-2","Small, acid-soluble spore protein 2 (SASP)","DRAM","sporulation_prot"
"596","P0A4F6","sspF","Protein SspF","DRAM","sporulation_prot"
"597","P0A4F7","sspF","Protein SspF","DRAM","sporulation_prot"
"598","P0A4I3","spo0A","Stage 0 sporulation protein A","DRAM","sporulation_prot"
"599","P0A4I4","spo0A","Stage 0 sporulation protein A","DRAM","sporulation_prot"
"600","P0CY50","comX","ComX pheromone (Competence pheromone)","DRAM","sporulation_prot"
"6011","P0DPJ9","sleL","Cortical fragment-lytic enzyme (CFLE) (EC 3.2.1.-) (Spore peptidoglycan N-acetylglucosaminidase)","DRAM","sporulation_prot"
"602","P10565","binB","Binary larvicide subunit BinB (63 kDa toxin crystal protein) (Binary paracrystalline larvicide subunit BinB) (Larvicidal toxin 51.4 kDa protein)","DRAM","sporulation_prot"
"603","P10570","sASP-C1","Small, acid-soluble spore protein C1 (SASP)","DRAM","sporulation_prot"
"604","P10571","sASP-C2","Small, acid-soluble spore protein C2 (SASP)","DRAM","sporulation_prot"
"605","P10572","sASP-C3","Small, acid-soluble spore protein C3 (SASP)","DRAM","sporulation_prot"
"606","P10727","spoIIAA","Anti-sigma F factor antagonist (Stage II sporulation protein AA)","DRAM","sporulation_prot"
"607","P10728","spoIIAB","Anti-sigma F factor (EC 2.7.11.1) (Stage II sporulation protein AB)","DRAM","sporulation_prot"
"608","P11065","hpr","DNA-binding transcriptional repressor ScoC (HTH-type transcriptional regulator Hpr) (Protease production regulatory protein Hpr)","DRAM","sporulation_prot"
"609","P11470","gerE","Spore germination protein GerE","DRAM","sporulation_prot"
"610","P11863","cotT","Spore coat protein T","DRAM","sporulation_prot"
"6111","P12254","sigK","RNA polymerase sigma-K factor (Sigma-27) (Stage IV sporulation protein CB)","DRAM","sporulation_prot"
"612","P12310","gdh","Glucose 1-dehydrogenase (EC 1.1.1.47)","DRAM","sporulation_prot"
"613","P12690","sapA","Spore-associated protein A","DRAM","sporulation_prot"
"614","P12946","ctaA","Heme A synthase (HAS) (EC 1.17.99.9) (Cytochrome aa3-controlling protein)","DRAM","sporulation_prot"
"615","P12963","binA","Binary larvicide subunit BinA (41.9 kDa insecticidal toxin)","DRAM","sporulation_prot"
"616","P12964","binB","Binary larvicide subunit BinB (51.4 kDa insecticidal toxin)","DRAM","sporulation_prot"
"617","P13243","fbaA","Probable fructose-bisphosphate aldolase (FBP aldolase) (FBPA) (EC 4.1.2.13) (Fructose-1,6-bisphosphate aldolase)","DRAM","sporulation_prot"
"618","P13251","spoIID","Stage II sporulation protein D","DRAM","sporulation_prot"
"619","P13792","phoP","Alkaline phosphatase synthesis transcriptional regulatory protein PhoP","DRAM","sporulation_prot"
"620","P13801","spoIIGA","Sporulation sigma-E factor-processing peptidase (EC 3.4.23.-) (Membrane-associated aspartic protease) (Stage II sporulation protein GA)","DRAM","sporulation_prot"
"6211","P14016","cotE","Spore coat protein E","DRAM","sporulation_prot"
"622","P14892","cwlA","N-acetylmuramoyl-L-alanine amidase CwlA (EC 3.5.1.28) (Autolysin) (Cell wall hydrolase)","DRAM","sporulation_prot"
"623","P15281","spoIIID","Stage III sporulation protein D (14 kDa transcription factor)","DRAM","sporulation_prot"
"624","P15378","comC","Prepilin leader peptidase/N-methyltransferase (Late competence protein ComC) [Includes: Leader peptidase (EC 3.4.23.43) (Prepilin peptidase); N-methyltransferase (EC 2.1.1.-)]","DRAM","sporulation_prot"
"625","P16449","kbaA","KinB-signaling pathway activation protein","DRAM","sporulation_prot"
"626","P16450","gerD","Spore germination protein GerD","DRAM","sporulation_prot"
"627","P16480","cry4Aa","Pesticidal crystal protein Cry4Aa (135 kDa crystal protein) (Crystaline entomocidal protoxin) (Insecticidal delta-endotoxin CryIVA(a))","DRAM","sporulation_prot"
"628","P16497","kinA","Sporulation kinase A (EC 2.7.13.3) (Stage II sporulation protein F) (Stage II sporulation protein J)","DRAM","sporulation_prot"
"629","P16655","divIB","Cell division protein DivIB (Cell division and sporulation protein) (Division initiation protein DivIB)","DRAM","sporulation_prot"
"630","P17531","rpoD","RNA polymerase sigma factor RpoD (Sigma-80)","DRAM","sporulation_prot"
"6311","P17556","ald","Alanine dehydrogenase (EC 1.4.1.1)","DRAM","sporulation_prot"
"632","P17557","ald","Alanine dehydrogenase (EC 1.4.1.1)","DRAM","sporulation_prot"
"633","P17867","spoIVCA","Putative DNA recombinase (Stage IV sporulation protein CA)","DRAM","sporulation_prot"
"634","P17869","sigH","RNA polymerase sigma-H factor (Sigma-30) (Stage 0 sporulation protein H)","DRAM","sporulation_prot"
"635","P17896","spoIVB","SpoIVB peptidase (EC 3.4.21.116) (Sporulation factor IV B protease) (Stage IV sporulation protein B) [Cleaved into: SpoIVB peptidase 45 kDa isoform; SpoIVB peptidase 43 kDa isoform; SpoIVB peptidase 42 kDa isoform]","DRAM","sporulation_prot"
"636","P17969","cry3Ba","Pesticidal crystal protein Cry3Ba (75 kDa crystal protein) (Crystaline entomocidal protoxin) (Insecticidal delta-endotoxin CryIIIB(a))","DRAM","sporulation_prot"
"637","P18568","binB","Binary larvicide subunit BinB (51.4 kDa insecticidal toxin) (BinB protein) (Larvicidal toxin protein P51)","DRAM","sporulation_prot"
"638","P18579","murB","UDP-N-acetylenolpyruvoylglucosamine reductase (EC 1.3.1.98) (UDP-N-acetylmuramate dehydrogenase)","DRAM","sporulation_prot"
"639","P19405","phoB","Alkaline phosphatase 3 (EC 3.1.3.1) (Alkaline phosphatase III) (APase III)","DRAM","sporulation_prot"
"640","P19415","cry1Da","Pesticidal crystal protein Cry1Da (132 kDa crystal protein) (Crystaline entomocidal protoxin) (Insecticidal delta-endotoxin CryID(a))","DRAM","sporulation_prot"
"6411","P19471","55.5 kDa and 49.5 kDa sporulation proteins (ORF1590 and ORF1422)","55.5 kDa and 49.5 kDa sporulation proteins (ORF1590 and ORF1422)","DRAM","sporulation_prot"
"642","P19638","dgkA","Undecaprenol kinase (UdpK) (EC 2.7.1.66)","DRAM","sporulation_prot"
"643","P19940","sigG","RNA polymerase sigma-G factor (Stage III sporulation protein G)","DRAM","sporulation_prot"
"644","P20964","obg","GTPase Obg (EC 3.6.5.-) (GTP-binding protein Obg) (OrfA) (Spo0B-associated GTP-binding protein)","DRAM","sporulation_prot"
"645","P21158","csgA","C-signal (17-kDa C-factor protein) (p17) (C-factor) (Cell surface-associated intercellular C-signal)","DRAM","sporulation_prot"
"646","P21254","cry2Ab","Pesticidal crystal protein Cry2Ab (71 kDa crystal protein) (Crystaline entomocidal protoxin) (Insecticidal delta-endotoxin CryIIA(b))","DRAM","sporulation_prot"
"647","P21256","cry11Aa","Pesticidal crystal protein Cry11Aa (72 kDa crystal protein) (Crystaline entomocidal protoxin) (Insecticidal delta-endotoxin CryXIA(a))","DRAM","sporulation_prot"
"648","P21340","paiA","Spermidine/spermine N(1)-acetyltransferase (SSAT) (Protease synthase and sporulation negative regulatory protein PAI 1) (Spermidine N(1)-acetyltransferase) (SAT) (EC 2.3.1.57)","DRAM","sporulation_prot"
"649","P21341","paiB","Protease synthase and sporulation protein PAI 2","DRAM","sporulation_prot"
"650","P21458","spoIIIE","DNA translocase SpoIIIE (Stage III sporulation protein E)","DRAM","sporulation_prot"
"6511","P21886","sspC1","Small, acid-soluble spore protein C1 (ASSP) (SASP) (SSP-2)","DRAM","sporulation_prot"
"652","P21887","sspC2","Small, acid-soluble spore protein C2 (ASSP) (SASP) (SSP-3)","DRAM","sporulation_prot"
"653","P22065","small, acid-soluble spore protein alpha (ASSP) (SASP)","Small, acid-soluble spore protein alpha (ASSP) (SASP)","DRAM","sporulation_prot"
"654","P22066","small, acid-soluble spore protein beta (ASSP) (SASP)","Small, acid-soluble spore protein beta (ASSP) (SASP)","DRAM","sporulation_prot"
"655","P22322","gpr","Germination protease (EC 3.4.24.78) (GPR endopeptidase) (Germination proteinase) (Spore protease)","DRAM","sporulation_prot"
"656","P23261","cotF","Spore coat protein F [Cleaved into: 5 kDa coat protein; 8 kDa coat protein]","DRAM","sporulation_prot"
"657","P23545","phoR","Alkaline phosphatase synthesis sensor protein PhoR (EC 2.7.13.3)","DRAM","sporulation_prot"
"658","P23630","lysA","Diaminopimelate decarboxylase (DAP decarboxylase) (DAPDC) (EC 4.1.1.20)","DRAM","sporulation_prot"
"659","P24136","oppD","Oligopeptide transport ATP-binding protein OppD (EC 7.4.2.6) (Stage 0 sporulation protein KD)","DRAM","sporulation_prot"
"660","P24137","oppF","Oligopeptide transport ATP-binding protein OppF (EC 7.4.2.6) (Stage 0 sporulation protein KE)","DRAM","sporulation_prot"
"6611","P24138","oppB","Oligopeptide transport system permease protein OppB (Stage 0 sporulation protein KB)","DRAM","sporulation_prot"
"662","P24139","oppC","Oligopeptide transport system permease protein OppC (Stage 0 sporulation protein KC)","DRAM","sporulation_prot"
"663","P24141","oppA","Oligopeptide-binding protein OppA (Stage 0 sporulation protein KA)","DRAM","sporulation_prot"
"664","P24282","bofA","Sigma-K factor-processing regulatory protein BofA (Bypass-of-forespore protein A)","DRAM","sporulation_prot"
"665","P24556","lytA","Autolysin (EC 3.5.1.28) (N-acetylmuramoyl-L-alanine amidase)","DRAM","sporulation_prot"
"666","P24808","cwlA","N-acetylmuramoyl-L-alanine amidase CwlA (EC 3.5.1.28) (Autolysin) (Cell wall hydrolase)","DRAM","sporulation_prot"
"667","P25149","ywaF","Uncharacterized protein YwaF (ORF1)","DRAM","sporulation_prot"
"668","P26497","parB","Stage 0 sporulation protein J","DRAM","sporulation_prot"
"669","P26764","sigF","RNA polymerase sigma-F factor (Sporulation sigma factor) (Stage II sporulation protein AC)","DRAM","sporulation_prot"
"670","P26767","putative sporulation sigma factor-processing peptidase (EC 3.4.23.-)","Putative sporulation sigma factor-processing peptidase (EC 3.4.23.-)","DRAM","sporulation_prot"
"6711","P26777","spoIIAA","Anti-sigma F factor antagonist (Stage II sporulation protein AA)","DRAM","sporulation_prot"
"672","P26778","spoIIAB","Anti-sigma F factor (EC 2.7.11.1) (Stage II sporulation protein AB)","DRAM","sporulation_prot"
"673","P26902","dppA","D-aminopeptidase (EC 3.4.11.-)","DRAM","sporulation_prot"
"674","P26903","dppB","Dipeptide transport system permease protein DppB","DRAM","sporulation_prot"
"675","P26904","dppC","Dipeptide transport system permease protein DppC","DRAM","sporulation_prot"
"676","P26905","dppD","Dipeptide transport ATP-binding protein DppD (EC 7.4.2.9)","DRAM","sporulation_prot"
"677","P26906","dppE","Dipeptide-binding protein DppE","DRAM","sporulation_prot"
"678","P26936","spoIVFA","Stage IV sporulation protein FA","DRAM","sporulation_prot"
"679","P26937","spoIVFB","Stage IV sporulation protein FB (EC 3.4.24.-)","DRAM","sporulation_prot"
"680","P27206","srfAA","Surfactin synthase subunit 1","DRAM","sporulation_prot"
"6811","P27642","spoVAA","Stage V sporulation protein AA","DRAM","sporulation_prot"
"682","P27643","spoVK","Stage V sporulation protein K","DRAM","sporulation_prot"
"683","P27755","pru","Protein U","DRAM","sporulation_prot"
"684","P28015","spoVG","Putative septation protein SpoVG (Stage V sporulation protein G)","DRAM","sporulation_prot"
"685","P28016","spoVG","Putative septation protein SpoVG (Stage V sporulation protein G)","DRAM","sporulation_prot"
"686","P28264","ftsA","Cell division protein FtsA","DRAM","sporulation_prot"
"687","P28265","sbp","Small basic protein","DRAM","sporulation_prot"
"688","P28842","sub1","Subtilisin (EC 3.4.21.62)","DRAM","sporulation_prot"
"689","P29142","aprJ","Subtilisin J (EC 3.4.21.62)","DRAM","sporulation_prot"
"690","P29599","subtilisin BL (EC 3.4.21.62) (Alkaline protease)","Subtilisin BL (EC 3.4.21.62) (Alkaline protease)","DRAM","sporulation_prot"
"6911","P29600","subtilisin Savinase (EC 3.4.21.62) (Alkaline protease)","Subtilisin Savinase (EC 3.4.21.62) (Alkaline protease)","DRAM","sporulation_prot"
"692","P31112","hepS","Heptaprenyl diphosphate synthase component 1 (HepPP synthase subunit 1) (EC 2.5.1.30) (Spore germination protein C1)","DRAM","sporulation_prot"
"693","P31114","hepT","Heptaprenyl diphosphate synthase component 2 (HepPP synthase subunit 2) (EC 2.5.1.30) (Spore germination protein C3)","DRAM","sporulation_prot"
"694","P31845","spoVAF","Stage V sporulation protein AF","DRAM","sporulation_prot"
"695","P32959","pbpE","Penicillin-binding protein 4* (PBP 4*) (PBP 4A) (Penicillin-binding protein E)","DRAM","sporulation_prot"
"696","P32960","racX","Broad specificity amino-acid racemase RacX (EC 5.1.1.10)","DRAM","sporulation_prot"
"697","P33657","sigE","RNA polymerase sigma-E factor (Stage II sporulation protein GB)","DRAM","sporulation_prot"
"698","P33658","sigG","RNA polymerase sigma-G factor","DRAM","sporulation_prot"
"699","P35142","sspA","Small, acid-soluble spore protein gamma-type (SASP)","DRAM","sporulation_prot"
"700","P35145","sigF","RNA polymerase sigma-F factor (Sporulation sigma factor) (Stage II sporulation protein AC)","DRAM","sporulation_prot"
"7011","P35147","spoIIAA","Anti-sigma F factor antagonist (Stage II sporulation protein AA)","DRAM","sporulation_prot"
"702","P35148","spoIIAB","Anti-sigma F factor (EC 2.7.11.1) (Stage II sporulation protein AB)","DRAM","sporulation_prot"
"703","P35149","spoIVA","Stage IV sporulation protein A (EC 3.6.1.-) (Coat morphogenetic protein SpoIVA)","DRAM","sporulation_prot"
"704","P35150","dacB","D-alanyl-D-alanine carboxypeptidase DacB (DD-carboxypeptidase) (DD-peptidase) (EC 3.4.16.4) (Penicillin-binding protein 5*) (PBP-5*) (Penicillin-binding protein 5a) (PBP-5a)","DRAM","sporulation_prot"
"705","P35157","spmA","Spore maturation protein A","DRAM","sporulation_prot"
"706","P35158","spmB","Spore maturation protein B","DRAM","sporulation_prot"
"707","P35835","aprN","Subtilisin NAT (EC 3.4.21.62) (Nattokinase) (NK)","DRAM","sporulation_prot"
"708","P37454","exoA","Exodeoxyribonuclease (EC 3.1.11.2)","DRAM","sporulation_prot"
"709","P37466","veg","Protein Veg","DRAM","sporulation_prot"
"710","P37471","divIC","Cell division protein DivIC","DRAM","sporulation_prot"
"7111","P37475","spoIIE","Stage II sporulation protein E (EC 3.1.3.16) (Stage II sporulation protein H)","DRAM","sporulation_prot"
"712","P37479","yycE","Uncharacterized protein YycE","DRAM","sporulation_prot"
"713","P37484","gdpP","Cyclic-di-AMP phosphodiesterase GdpP (c-di-AMP phosphodiesterase YybT) (EC 3.1.4.59) (Cyclic-di-AMP hydrolase GdpP) (Cyclic-di-AMP phosphodiesterase YybT)","DRAM","sporulation_prot"
"714","P37488","yybP","Uncharacterized lipoprotein YybP","DRAM","sporulation_prot"
"715","P37495","yybI","Uncharacterized protein YybI","DRAM","sporulation_prot"
"716","P37512","yyaL","Uncharacterized protein YyaL","DRAM","sporulation_prot"
"717","P37517","ccpB","Catabolite control protein B","DRAM","sporulation_prot"
"718","P37520","yyaD","Uncharacterized protein YyaD","DRAM","sporulation_prot"
"719","P37521","yyaC","Uncharacterized protein YyaC","DRAM","sporulation_prot"
"720","P37522","parA","Sporulation initiation inhibitor protein Soj (EC 3.6.4.-) (Suppressor of spo0J)","DRAM","sporulation_prot"
"7211","P37526","yaaC","Uncharacterized protein YaaC","DRAM","sporulation_prot"
"722","P37531","yaaH","Cortical fragment-lytic enzyme (CFLE) (EC 3.2.1.-) (Spore germination protein) (Spore peptidoglycan N-acetylglucosaminidase)","DRAM","sporulation_prot"
"723","P37534","csfB","Anti-sigma-G factor Gin (Protein CsfB)","DRAM","sporulation_prot"
"724","P37541","ricT","Stage 0 sporulation protein YaaT","DRAM","sporulation_prot"
"725","P37542","yabA","Replication initiation control protein YabA","DRAM","sporulation_prot"
"726","P37548","yabG","Sporulation-specific protease YabG (EC 3.4.-.-)","DRAM","sporulation_prot"
"727","P37549","sspF","Protein SspF","DRAM","sporulation_prot"
"728","P37553","fin","Anti-sigma-F factor Fin (Suppressor of recU and recB SubA)","DRAM","sporulation_prot"
"729","P37554","spoVT","Stage V sporulation protein T","DRAM","sporulation_prot"
"730","P37558","yabP","Spore protein YabP","DRAM","sporulation_prot"
"7311","P37559","shfA","Spore protein YabQ","DRAM","sporulation_prot"
"732","P37561","yabS","Uncharacterized protein YabS","DRAM","sporulation_prot"
"733","P37562","yabT","Serine/threonine-protein kinase YabT (EC 2.7.11.1)","DRAM","sporulation_prot"
"734","P37569","mcsA","Protein-arginine kinase activator protein","DRAM","sporulation_prot"
"735","P37570","mcsB","Protein-arginine kinase (EC 2.7.14.1)","DRAM","sporulation_prot"
"736","P37571","clpC","Negative regulator of genetic competence ClpC/MecB","DRAM","sporulation_prot"
"737","P37573","disA","DNA integrity scanning protein DisA (Cyclic di-AMP synthase) (c-di-AMP synthase) (DNA integrity scanning protein A) (Diadenylate cyclase) (DAC) (EC 2.7.7.85)","DRAM","sporulation_prot"
"738","P37575","spoIIB","Stage II sporulation protein B","DRAM","sporulation_prot"
"739","P37585","murG","UDP-N-acetylglucosamine--N-acetylmuramyl-(pentapeptide) pyrophosphoryl-undecaprenol N-acetylglucosamine transferase (EC 2.4.1.227) (Undecaprenyl-PP-MurNAc-pentapeptide-UDPGlcNAc GlcNAc transferase)","DRAM","sporulation_prot"
"740","P37817","spoVM","Stage V sporulation protein M","DRAM","sporulation_prot"
"7411","P37869","eno","Enolase (EC 4.2.1.11) (2-phospho-D-glycerate hydro-lyase) (2-phosphoglycerate dehydratase)","DRAM","sporulation_prot"
"742","P37873","spoIIM","Stage II sporulation protein M","DRAM","sporulation_prot"
"743","P37874","ygxB","Uncharacterized protein YgxB (ORF1)","DRAM","sporulation_prot"
"744","P37875","spoVR","Stage V sporulation protein R","DRAM","sporulation_prot"
"745","P37955","splA","Transcriptional regulator SplA","DRAM","sporulation_prot"
"746","P37956","splB","Spore photoproduct lyase (EC 4.1.99.14)","DRAM","sporulation_prot"
"747","P37958","mecA","Adapter protein MecA 1","DRAM","sporulation_prot"
"748","P37963","spoVID","Stage VI sporulation protein D","DRAM","sporulation_prot"
"749","P37964","ysxE","Uncharacterized protein YsxE (ORF2)","DRAM","sporulation_prot"
"750","P37968","spoIIP","Stage II sporulation protein P","DRAM","sporulation_prot"
"7511","P38050","pbpF","Penicillin-binding protein 1F (PBP-1F) (Penicillin-binding protein F) [Includes: Penicillin-insensitive transglycosylase (EC 2.4.99.28) (Peptidoglycan TGase); Penicillin-sensitive transpeptidase (EC 3.4.16.4) (DD-transpeptidase)]","DRAM","sporulation_prot"
"752","P38422","dacF","D-alanyl-D-alanine carboxypeptidase DacF (DD-carboxypeptidase) (DD-peptidase) (EC 3.4.16.4) (Penicillin-binding protein DacF) (PBP)","DRAM","sporulation_prot"
"753","P38425","yqxA","Uncharacterized protein YqxA (ORF79)","DRAM","sporulation_prot"
"754","P38490","ypeB","Sporulation protein YpeB (PSPA12)","DRAM","sporulation_prot"
"755","P38492","ypfB","Uncharacterized protein YpfB","DRAM","sporulation_prot"
"756","P38586","devT","CRISPR-associated protein Cas8a1/Csx13 (CRISPR-associated protein Cas8a1/Csx13, Myxan subtype) (Fruiting body developmental protein T)","DRAM","sporulation_prot"
"757","P39043","dipeptidyl-peptidase 6 (EC 3.4.22.-) (Dipeptidyl-peptidase VI) (DPP VI) (Endopeptidase II) (Gamma-D-glutamyl-L-diamino acid endopeptidase II) (Gamma-D-glutamyl-MESO-diaminopimelate peptidase II)","Dipeptidyl-peptidase 6 (EC 3.4.22.-) (Dipeptidyl-peptidase VI) (DPP VI) (Endopeptidase II) (Gamma-D-glutamyl-L-diamino acid endopeptidase II) (Gamma-D-glutamyl-MESO-diaminopimelate peptidase II)","DRAM","sporulation_prot"
"758","P39065","acuA","Acetoin utilization protein AcuA (EC 2.3.1.-) (Protein acetyltransferase AcuA)","DRAM","sporulation_prot"
"759","P39066","acuB","Acetoin utilization protein AcuB","DRAM","sporulation_prot"
"760","P39067","acuC","Acetoin utilization protein AcuC","DRAM","sporulation_prot"
"7611","P39072","gerM","Spore germination protein GerM","DRAM","sporulation_prot"
"762","P39118","glgB","1,4-alpha-glucan branching enzyme GlgB (EC 2.4.1.18) (1,4-alpha-D-glucan:1,4-alpha-D-glucan 6-glucosyl-transferase) (Alpha-(1->4)-glucan branching enzyme) (Glycogen branching enzyme) (BE)","DRAM","sporulation_prot"
"763","P39122","glgC","Glucose-1-phosphate adenylyltransferase (EC 2.7.7.27) (ADP-glucose pyrophosphorylase) (ADPGlc PPase) (ADP-glucose synthase)","DRAM","sporulation_prot"
"764","P39123","glgP","Glycogen phosphorylase (EC 2.4.1.1)","DRAM","sporulation_prot"
"765","P39124","glgD","Glycogen biosynthesis protein GlgD","DRAM","sporulation_prot"
"766","P39125","glgA","Glycogen synthase (EC 2.4.1.21) (Starch [bacterial glycogen] synthase)","DRAM","sporulation_prot"
"767","P39130","lplD","Alpha-galacturonidase (EC 3.2.1.67)","DRAM","sporulation_prot"
"768","P39134","prkA","ATP-dependent protease PrkA (EC 3.4.21.53)","DRAM","sporulation_prot"
"769","P39151","spoIIR","Stage II sporulation protein R","DRAM","sporulation_prot"
"770","P39482","gdhI","Glucose 1-dehydrogenase 1 (EC 1.1.1.47) (GLCDH-I)","DRAM","sporulation_prot"
"7711","P39569","gerBA","Spore germination protein B1","DRAM","sporulation_prot"
"772","P39570","gerBB","Spore germination protein B2","DRAM","sporulation_prot"
"773","P39571","gerBC","Spore germination protein B3","DRAM","sporulation_prot"
"774","P39584","ywbA","Putative permease IIC component YwbA (Putative PTS system EIIC component)","DRAM","sporulation_prot"
"775","P39585","ywbB","Uncharacterized protein YwbB","DRAM","sporulation_prot"
"776","P39599","ywcA","Uncharacterized symporter YwcA","DRAM","sporulation_prot"
"777","P39600","ywcB","Uncharacterized protein YwcB","DRAM","sporulation_prot"
"778","P39603","ywcE","Spore morphogenesis and germination protein YwcE","DRAM","sporulation_prot"
"779","P39620","gerQ","Spore coat protein GerQ","DRAM","sporulation_prot"
"780","P39621","spsA","Spore coat polysaccharide biosynthesis protein SpsA","DRAM","sporulation_prot"
"7811","P39622","spsB","Spore coat polysaccharide biosynthesis protein SpsB","DRAM","sporulation_prot"
"782","P39623","spsC","Spore coat polysaccharide biosynthesis protein SpsC","DRAM","sporulation_prot"
"783","P39624","spsD","Spore coat polysaccharide biosynthesis protein SpsD (EC 2.3.1.-)","DRAM","sporulation_prot"
"784","P39625","spsE","Spore coat polysaccharide biosynthesis protein SpsE","DRAM","sporulation_prot"
"785","P39626","spsF","Spore coat polysaccharide biosynthesis protein SpsF","DRAM","sporulation_prot"
"786","P39627","spsG","Spore coat polysaccharide biosynthesis protein SpsG","DRAM","sporulation_prot"
"787","P39629","spsI","Glucose-1-phosphate thymidylyltransferase (EC 2.7.7.24) (Spore coat polysaccharide biosynthesis protein SpsI) (dTDP-glucose pyrophosphorylase) (dTDP-glucose synthase)","DRAM","sporulation_prot"
"788","P39630","spsJ","dTDP-glucose 4,6-dehydratase (EC 4.2.1.46) (Spore coat polysaccharide biosynthesis protein SpsJ)","DRAM","sporulation_prot"
"789","P39631","spsK","Spore coat polysaccharide biosynthesis protein SpsK","DRAM","sporulation_prot"
"790","P39632","sivA","Probable biofilm-surface layer protein B","DRAM","sporulation_prot"
"7911","P39650","rsfA","Prespore-specific transcriptional regulator RsfA","DRAM","sporulation_prot"
"792","P39668","htrC","Uncharacterized serine protease YyxA (EC 3.4.21.-)","DRAM","sporulation_prot"
"793","P39696","comER","ComE operon protein 4","DRAM","sporulation_prot"
"794","P39751","mbl","Cell shape-determining protein Mbl (Actin-like Mbl protein) (Rod shape-determining protein Mbl)","DRAM","sporulation_prot"
"795","P39764","kinC","Sporulation kinase C (EC 2.7.13.3)","DRAM","sporulation_prot"
"796","P39773","gpmI","2,3-bisphosphoglycerate-independent phosphoglycerate mutase (BPG-independent PGAM) (Phosphoglyceromutase) (iPGM) (EC 5.4.2.12) (Vegetative protein 107) (VEG107)","DRAM","sporulation_prot"
"797","P39791","yppC","Uncharacterized protein YppC (ORFX)","DRAM","sporulation_prot"
"798","P39800","xlyA","N-acetylmuramoyl-L-alanine amidase XlyA (EC 3.5.1.28) (Autolysin) (Cell wall hydrolase)","DRAM","sporulation_prot"
"799","P39801","cotG","Spore coat protein G","DRAM","sporulation_prot"
"800","P40288","glucose 1-dehydrogenase (EC 1.1.1.47)","Glucose 1-dehydrogenase (EC 1.1.1.47)","DRAM","sporulation_prot"
"8011","P40397","yhxC","Uncharacterized oxidoreductase YhxC (EC 1.-.-.-) (ORFX)","DRAM","sporulation_prot"
"802","P40407","namZ","Peptidoglycan beta-N-acetylmuramidase NamZ (EC 3.2.1.92) (Exo-beta-N-acetylmuramidase NamZ) (ORF2)","DRAM","sporulation_prot"
"803","P40419","glcU","Probable glucose uptake protein GlcU","DRAM","sporulation_prot"
"804","P40420","glcU","Glucose uptake protein GlcU","DRAM","sporulation_prot"
"805","P40746","tgl","Protein-glutamine gamma-glutamyltransferase (EC 2.3.2.13) (Transglutaminase) (TGase)","DRAM","sporulation_prot"
"806","P40769","yhfN","Uncharacterized metalloprotease YhfN (EC 3.4.24.-) (PSP23)","DRAM","sporulation_prot"
"807","P40866","spoVAA","Stage V sporulation protein AA","DRAM","sporulation_prot"
"808","P40867","spoVAB","Stage V sporulation protein AB","DRAM","sporulation_prot"
"809","P40868","spoVAC","Stage V sporulation protein AC","DRAM","sporulation_prot"
"810","P40869","spoVAD","Stage V sporulation protein AD","DRAM","sporulation_prot"
"8111","P40870","spoVAEA","Stage V sporulation protein AE","DRAM","sporulation_prot"
"812","P41028","spoIV","Putative stage IV sporulation protein","DRAM","sporulation_prot"
"813","P41371","ssp1","Small, acid-soluble spore protein 1 (SSP-1)","DRAM","sporulation_prot"
"814","P42012","spo0A","Stage 0 sporulation protein A","DRAM","sporulation_prot"
"815","P42061","appA","Oligopeptide-binding protein AppA","DRAM","sporulation_prot"
"816","P42062","appB","Oligopeptide transport system permease protein AppB","DRAM","sporulation_prot"
"817","P42063","appC","Oligopeptide transport system permease protein AppC","DRAM","sporulation_prot"
"818","P42064","appD","Oligopeptide transport ATP-binding protein AppD","DRAM","sporulation_prot"
"819","P42065","appF","Oligopeptide transport ATP-binding protein AppF","DRAM","sporulation_prot"
"820","P42089","cgeA","Spore crust protein CgeA","DRAM","sporulation_prot"
"8211","P42090","cgeB","Spore protein CgeB","DRAM","sporulation_prot"
"822","P42091","cgeC","Protein CgeC","DRAM","sporulation_prot"
"823","P42092","cgeD","Protein CgeD","DRAM","sporulation_prot"
"824","P42093","cgeE","Uncharacterized N-acetyltransferase CgeE (EC 2.3.1.-)","DRAM","sporulation_prot"
"825","P42234","katE","Catalase-2 (EC 1.11.1.6)","DRAM","sporulation_prot"
"826","P42249","cwlJ","Cell wall hydrolase CwlJ","DRAM","sporulation_prot"
"827","P42308","citH","Citrate transporter","DRAM","sporulation_prot"
"828","P42314","hbuT","Uncharacterized transporter YxjC","DRAM","sporulation_prot"
"829","P42315","scoA","Probable succinyl-CoA:3-ketoacid coenzyme A transferase subunit A (EC 2.8.3.5) (Succinyl-CoA:3-oxoacid CoA-transferase) (OXCT A)","DRAM","sporulation_prot"
"830","P42316","scoB","Probable succinyl-CoA:3-ketoacid coenzyme A transferase subunit B (EC 2.8.3.5) (OXCT B) (Succinyl-CoA:3-oxoacid CoA-transferase)","DRAM","sporulation_prot"
"8311","P42317","yxjF","Uncharacterized oxidoreductase YxjF (EC 1.-.-.-)","DRAM","sporulation_prot"
"832","P42401","yckC","Uncharacterized protein YckC (ORF3)","DRAM","sporulation_prot"
"833","P42402","yckD","Uncharacterized protein YckD (ORF4)","DRAM","sporulation_prot"
"834","P42407","ytdA","Putative UTP--glucose-1-phosphate uridylyltransferase (EC 2.7.7.9) (Alpha-D-glucosyl-1-phosphate uridylyltransferase) (UDP-glucose pyrophosphorylase) (UDPGP) (Uridine diphosphoglucose pyrophosphorylase)","DRAM","sporulation_prot"
"835","P42408","yteA","Uncharacterized protein YteA (ORFQ)","DRAM","sporulation_prot"
"836","P42425","lonB","Lon protease 2 (EC 3.4.21.53) (ATP-dependent protease La 2)","DRAM","sporulation_prot"
"837","P42968","kipR","HTH-type transcriptional regulator KipR (Kip operon repressor protein)","DRAM","sporulation_prot"
"838","P42969","lipC","Spore germination lipase LipC (EC 3.-.-.-)","DRAM","sporulation_prot"
"839","P42983","nucB","Sporulation-specific extracellular nuclease (EC 3.-.-.-)","DRAM","sporulation_prot"
"840","P45453","comX","ComX pheromone (Competence pheromone)","DRAM","sporulation_prot"
"8411","P45693","spoVS","Stage V sporulation protein S","DRAM","sporulation_prot"
"842","P45706","ccdA","Cytochrome c-type biogenesis protein CcdA","DRAM","sporulation_prot"
"843","P45707","sirA","Sporulation inhibitor of replication protein SirA","DRAM","sporulation_prot"
"844","P45742","yhbH","Stress response UPF0229 protein YhbH","DRAM","sporulation_prot"
"845","P45855","mmgA","Acetyl-CoA acetyltransferase (EC 2.3.1.9) (Acetoacetyl-CoA thiolase)","DRAM","sporulation_prot"
"846","P45856","mmgB","Probable 3-hydroxybutyryl-CoA dehydrogenase (EC 1.1.1.157) (Beta-hydroxybutyryl-CoA dehydrogenase) (BHBD)","DRAM","sporulation_prot"
"847","P45857","mmgC","Acyl-CoA dehydrogenase (EC 1.3.99.-)","DRAM","sporulation_prot"
"848","P45858","mmgD","Citrate/2-methylcitrate synthase (EC 2.3.3.-) (EC 2.3.3.16) (2-methylcitrate synthase) (2-MCS) (MCS) (Citrate synthase)","DRAM","sporulation_prot"
"849","P45859","mmgE","Citrate/2-methylcitrate dehydratase (EC 4.2.1.-)","DRAM","sporulation_prot"
"850","P45864","ywjD","UV DNA damage endonuclease (UV-endonuclease) (UVED) (EC 3.-.-.-)","DRAM","sporulation_prot"
"8511","P45865","ywjE","Minor cardiolipin synthase ClsB","DRAM","sporulation_prot"
"852","P45870","racA","Chromosome-anchoring protein RacA","DRAM","sporulation_prot"
"853","P45874","ywkF","Uncharacterized protein YwkF","DRAM","sporulation_prot"
"854","P45911","yqaN","Uncharacterized protein YqaN","DRAM","sporulation_prot"
"855","P45912","yqaO","Uncharacterized protein YqaO","DRAM","sporulation_prot"
"856","P45943","rapE","Response regulator aspartate phosphatase E (EC 3.1.3.-)","DRAM","sporulation_prot"
"857","P45944","yqcI","Uncharacterized protein YqcI","DRAM","sporulation_prot"
"858","P45945","yqcK","Probable trivalent organoarsenical cleaving enzyme (EC 1.13.11.-) (C-As lyase) (Methylarsonous acid demethylase) (MAs(III) demethylase)","DRAM","sporulation_prot"
"859","P46914","cotS","Spore coat protein S (Coat protein 40 kDa component 2) (COT40-2)","DRAM","sporulation_prot"
"860","P46915","cotSA","Spore coat protein SA (EC 2.4.-.-)","DRAM","sporulation_prot"
"8611","P46916","ytxO","Uncharacterized protein YtxO (ORFY)","DRAM","sporulation_prot"
"862","P49600","spoIIE","Stage II sporulation protein E (EC 3.1.3.16)","DRAM","sporulation_prot"
"863","P49779","yqhV","Uncharacterized protein YqhV","DRAM","sporulation_prot"
"864","P49780","spoIIIAC","Stage III sporulation protein AC","DRAM","sporulation_prot"
"865","P49781","spoIIIAD","Stage III sporulation protein AD","DRAM","sporulation_prot"
"866","P49782","spoIIIAE","Stage III sporulation protein AE","DRAM","sporulation_prot"
"867","P49783","spoIIIAF","Stage III sporulation protein AF","DRAM","sporulation_prot"
"868","P49784","spoIIIAG","Stage III sporulation protein AG","DRAM","sporulation_prot"
"869","P49785","spoIIIAH","Stage III sporulation protein AH","DRAM","sporulation_prot"
"870","P49853","ykjA","UPF0702 transmembrane protein YkjA (ORF3)","DRAM","sporulation_prot"
"8711","P49939","gerKA","Spore germination protein KA","DRAM","sporulation_prot"
"872","P49940","gerKB","Spore germination protein KB","DRAM","sporulation_prot"
"873","P49941","gerKC","Spore germination protein KC","DRAM","sporulation_prot"
"874","P50734","mecB","Adapter protein MecA 2","DRAM","sporulation_prot"
"875","P50739","sleB","Spore cortex-lytic enzyme (SCLE)","DRAM","sporulation_prot"
"876","P50741","yphA","Uncharacterized protein YphA","DRAM","sporulation_prot"
"877","P50742","seaA","Uncharacterized protein YphB","DRAM","sporulation_prot"
"878","P50832","yppD","Uncharacterized protein YppD","DRAM","sporulation_prot"
"879","P50835","yppG","Uncharacterized protein YppG","DRAM","sporulation_prot"
"880","P50836","ypqA","Uncharacterized protein YpqA","DRAM","sporulation_prot"
"8811","P50841","yptA","Uncharacterized protein YptA","DRAM","sporulation_prot"
"882","P50850","swsB","Uncharacterized protein YlxY","DRAM","sporulation_prot"
"883","P50862","ybaK","Uncharacterized protein YbaK","DRAM","sporulation_prot"
"884","P50864","cwlD","Germination-specific N-acetylmuramoyl-L-alanine amidase (EC 3.5.1.28) (Autolysin) (Cell wall hydrolase)","DRAM","sporulation_prot"
"885","P50865","pdaB","Probable polysaccharide deacetylase PdaB (EC 3.-.-.-)","DRAM","sporulation_prot"
"886","P51835","ftsY","Signal recognition particle receptor FtsY (SRP receptor) (EC 3.6.5.4)","DRAM","sporulation_prot"
"887","P52928","spo0A","Stage 0 sporulation protein A","DRAM","sporulation_prot"
"888","P52929","spo0A","Stage 0 sporulation protein A","DRAM","sporulation_prot"
"889","P52930","spo0A","Stage 0 sporulation protein A","DRAM","sporulation_prot"
"890","P52931","spo0A","Stage 0 sporulation protein A","DRAM","sporulation_prot"
"8911","P52932","spo0A","Stage 0 sporulation protein A","DRAM","sporulation_prot"
"892","P52933","spo0A","Stage 0 sporulation protein A","DRAM","sporulation_prot"
"893","P52934","spo0A","Stage 0 sporulation protein A","DRAM","sporulation_prot"
"894","P52936","spo0A","Stage 0 sporulation protein A homolog","DRAM","sporulation_prot"
"895","P52937","spo0A","Stage 0 sporulation protein A homolog","DRAM","sporulation_prot"
"896","P52938","spo0A","Stage 0 sporulation protein A homolog","DRAM","sporulation_prot"
"897","P52939","spo0A","Stage 0 sporulation protein A homolog","DRAM","sporulation_prot"
"898","P52940","spo0A","Stage 0 sporulation protein A homolog","DRAM","sporulation_prot"
"899","P52941","spo0A","Stage 0 sporulation protein A homolog","DRAM","sporulation_prot"
"900","P52942","spo0F","Sporulation initiation phosphotransferase F (EC 2.7.-.-) (Stage 0 sporulation protein F)","DRAM","sporulation_prot"
"9011","P52968","su-1","Small, acid-soluble spore protein 1 (SASP)","DRAM","sporulation_prot"
"902","P52969","su-2","Small, acid-soluble spore protein 2 (SASP)","DRAM","sporulation_prot"
"903","P52971","sspF","Protein SspF","DRAM","sporulation_prot"
"904","P54157","bpsA","Putative chalcone synthase (EC 2.3.1.74) (Naringenin-chalcone synthase)","DRAM","sporulation_prot"
"905","P54158","bpsB","Uncharacterized protein YpbQ","DRAM","sporulation_prot"
"906","P54164","ypeP","Uncharacterized protein YpeP","DRAM","sporulation_prot"
"907","P54165","ypeQ","Uncharacterized protein YpeQ","DRAM","sporulation_prot"
"908","P54379","csgA","Sigma-G-dependent sporulation-specific SASP protein","DRAM","sporulation_prot"
"909","P54393","ypjB","Uncharacterized protein YpjB","DRAM","sporulation_prot"
"9102","P54426","ybxH","Uncharacterized protein YbxH (ORF3)","DRAM","sporulation_prot"
"9111","P54430","yrkC","Uncharacterized protein YrkC","DRAM","sporulation_prot"
"912","P54448","yqeC","Putative 6-phosphogluconate dehydrogenase YqeC (EC 1.1.1.-)","DRAM","sporulation_prot"
"913","P54450","cwlH","N-acetylmuramoyl-L-alanine amidase CwlH (EC 3.5.1.28) (Autolysin) (Cell wall hydrolase)","DRAM","sporulation_prot"
"914","P54451","yqeF","Uncharacterized lipoprotein YqeF","DRAM","sporulation_prot"
"915","P54468","yqfC","Uncharacterized protein YqfC","DRAM","sporulation_prot"
"916","P54469","yqfD","Uncharacterized protein YqfD","DRAM","sporulation_prot"
"917","P54474","yqfQ","Uncharacterized protein YqfQ","DRAM","sporulation_prot"
"918","P54477","yqfT","Uncharacterized protein YqfT","DRAM","sporulation_prot"
"919","P54481","yqfX","Uncharacterized protein YqfX","DRAM","sporulation_prot"
"920","P54482","ispG","4-hydroxy-3-methylbut-2-en-1-yl diphosphate synthase (flavodoxin) (EC 1.17.7.3) (1-hydroxy-2-methyl-2-(E)-butenyl 4-diphosphate synthase)","DRAM","sporulation_prot"
"9211","P54483","spoIIIM","Uncharacterized protein YqfZ","DRAM","sporulation_prot"
"922","P54487","yqgE","Uncharacterized protein YqgE","DRAM","sporulation_prot"
"923","P54492","yqgO","Uncharacterized protein YqgO","DRAM","sporulation_prot"
"924","P54507","tasA","Major biofilm matrix component (Spore coat-associated protein N) (Translocation-dependent antimicrobial spore component)","DRAM","sporulation_prot"
"925","P54508","yqhG","Uncharacterized protein YqhG","DRAM","sporulation_prot"
"926","P54509","yqhH","Uncharacterized ATP-dependent helicase YqhH (EC 3.6.4.-)","DRAM","sporulation_prot"
"927","P54513","yqhO","Uncharacterized protein YqhO (EC 3.1.1.-)","DRAM","sporulation_prot"
"928","P54514","yqhP","Uncharacterized protein YqhP","DRAM","sporulation_prot"
"929","P54515","yqhQ","Uncharacterized protein YqhQ","DRAM","sporulation_prot"
"930","P54516","figP","Uncharacterized protein YqhR","DRAM","sporulation_prot"
"9311","P54528","mmgF","2-methylisocitrate lyase (2-MIC) (MICL) (EC 4.1.3.-)","DRAM","sporulation_prot"
"932","P54539","yqjB","Putative L,D-transpeptidase YqjB (EC 2.-.-.-)","DRAM","sporulation_prot"
"933","P54540","yqjC","Uncharacterized protein YqjC","DRAM","sporulation_prot"
"934","P54597","yhcM","Uncharacterized protein YhcM","DRAM","sporulation_prot"
"935","P54598","yhcN","Probable spore germination lipoprotein YhcN","DRAM","sporulation_prot"
"936","P54599","yhcO","Uncharacterized protein YhcO","DRAM","sporulation_prot"
"937","P54601","yhcQ","Spore coat protein F-like protein YhcQ","DRAM","sporulation_prot"
"938","P54604","yhcT","Uncharacterized RNA pseudouridine synthase YhcT (EC 5.4.99.-) (RNA pseudouridylate synthase) (RNA-uridine isomerase)","DRAM","sporulation_prot"
"939","P54606","yhcV","CBS domain-containing protein YhcV","DRAM","sporulation_prot"
"940","P54943","yxeD","Uncharacterized protein YxeD","DRAM","sporulation_prot"
"9411","P54944","yxeE","Protein YxeE","DRAM","sporulation_prot"
"942","P55339","ecsA","ABC-type transporter ATP-binding protein EcsA","DRAM","sporulation_prot"
"943","P55340","ecsB","Protein EcsB","DRAM","sporulation_prot"
"944","P56953","cry1Cb","Pesticidal crystal protein Cry1Cb (133 kDa crystal protein) (Crystaline entomocidal protoxin) (Insecticidal delta-endotoxin CryIC(b))","DRAM","sporulation_prot"
"945","P56955","cry5Ac","Pesticidal crystal protein Cry5Ac (135 kDa crystal protein) (Crystaline entomocidal protoxin) (Insecticidal delta-endotoxin CryVA(c))","DRAM","sporulation_prot"
"946","P56956","cry21Aa","Pesticidal crystal protein Cry21Aa (132 kDa crystal protein) (Crystaline entomocidal protoxin) (Insecticidal delta-endotoxin CryXXIA(a))","DRAM","sporulation_prot"
"947","P56957","cry22Aa","Pesticidal crystal protein Cry22Aa (79 kDa crystal protein) (Crystaline entomocidal protoxin) (Insecticidal delta-endotoxin CryXXIIA(a))","DRAM","sporulation_prot"
"948","P57091","cry18Ba","Parasporal crystal protein Cry18Ba (76 kDa crystal protein) (Crystaline parasporal protoxin) (Parasporal delta-endotoxin CryXVIIIB(a))","DRAM","sporulation_prot"
"949","P57092","cry18Ca","Parasporal crystal protein Cry18Ca (78 kDa crystal protein) (Crystaline parasporal protoxin) (Parasporal delta-endotoxin CryXVIIIC(a))","DRAM","sporulation_prot"
"950","P58253","spo0A","Stage 0 sporulation protein A homolog","DRAM","sporulation_prot"
"9511","P59104","cwlJ","Cell wall hydrolase CwlJ","DRAM","sporulation_prot"
"952","P59105","sleB","Spore cortex-lytic enzyme (SCLE)","DRAM","sporulation_prot"
"953","P59106","oB1805","Sporulation protein YpeB","DRAM","sporulation_prot"
"954","P59174","gpmI","2,3-bisphosphoglycerate-independent phosphoglycerate mutase (BPG-independent PGAM) (Phosphoglyceromutase) (iPGM) (EC 5.4.2.12)","DRAM","sporulation_prot"
"955","P59623","spoIIAB","Anti-sigma F factor (EC 2.7.11.1) (Stage II sporulation protein AB)","DRAM","sporulation_prot"
"956","P59624","spoIIAB","Anti-sigma F factor (EC 2.7.11.1) (Stage II sporulation protein AB)","DRAM","sporulation_prot"
"957","P60495","pxpB","5-oxoprolinase subunit B (5-OPase subunit B) (EC 3.5.2.9) (5-oxoprolinase (ATP-hydrolyzing) subunit B) (Antikinase KipI) (Kinase A inhibitor) (Sporulation inhibitor KipI)","DRAM","sporulation_prot"
"958","P62164","gerPA","Probable spore germination protein GerPA","DRAM","sporulation_prot"
"959","P62165","gerPA","Probable spore germination protein GerPA","DRAM","sporulation_prot"
"960","P62177","sigE","RNA polymerase sigma-35 factor","DRAM","sporulation_prot"
"9611","P62178","sigE","RNA polymerase sigma-35 factor","DRAM","sporulation_prot"
"962","P62179","sigE","RNA polymerase sigma-35 factor","DRAM","sporulation_prot"
"963","P62180","sigK","RNA polymerase sigma-28 factor","DRAM","sporulation_prot"
"964","P62181","sigK","RNA polymerase sigma-28 factor","DRAM","sporulation_prot"
"965","P62182","sigK","RNA polymerase sigma-28 factor","DRAM","sporulation_prot"
"966","P62183","gerPF","Probable spore germination protein GerPF","DRAM","sporulation_prot"
"967","P62185","gerPF","Probable spore germination protein GerPF","DRAM","sporulation_prot"
"968","P62186","gerPF","Probable spore germination protein GerPF","DRAM","sporulation_prot"
"969","P70877","spoIIAA","Anti-sigma F factor antagonist (Stage II sporulation protein AA)","DRAM","sporulation_prot"
"970","P70878","spoIIAB","Anti-sigma F factor (EC 2.7.11.1) (Stage II sporulation protein AB)","DRAM","sporulation_prot"
"9711","P70958","ywmA","Uncharacterized protein YwmA","DRAM","sporulation_prot"
"972","P70962","rapB","Response regulator aspartate phosphatase B (EC 3.1.3.-) (Protein-aspartate phosphatase RapB) (Stage 0 sporulation protein P)","DRAM","sporulation_prot"
"973","P70997","pbpG","Penicillin-binding protein 2D (PBP-2D) (PBP2d) [Includes: Penicillin-insensitive transglycosylase (EC 2.4.99.28) (Peptidoglycan TGase); Penicillin-sensitive transpeptidase (EC 3.4.16.4) (DD-transpeptidase)]","DRAM","sporulation_prot"
"974","P71014","bslA","Biofilm-surface layer protein A (ORF-1)","DRAM","sporulation_prot"
"975","P71021","divIVA","Septum site-determining protein DivIVA (Cell division initiation protein DivIVA) (Minicell-associated protein DivIVA)","DRAM","sporulation_prot"
"976","P71031","sspO","Small, acid-soluble spore protein O (SASP O)","DRAM","sporulation_prot"
"977","P71032","sspP","Small, acid-soluble spore protein P (SASP P)","DRAM","sporulation_prot"
"978","P71042","ywnG","Uncharacterized protein YwnG","DRAM","sporulation_prot"
"979","P71044","spoIIQ","Stage II sporulation protein Q","DRAM","sporulation_prot"
"980","P71045","ywnJ","Uncharacterized membrane protein YwnJ","DRAM","sporulation_prot"
"9811","P71073","adeR","DNA-binding transcriptional activator AdeR (PucR-type transcriptional activator AdeR)","DRAM","sporulation_prot"
"982","P71079","fabL","Enoyl-[acyl-carrier-protein] reductase [NADPH] FabL (ENR) (EC 1.3.1.104) (Enoyl-acyl carrier protein reductase III) (NADPH-dependent enoyl-ACP reductase)","DRAM","sporulation_prot"
"983","P71088","spo0M","Sporulation-control protein spo0M (Stage 0 sporulation protein M)","DRAM","sporulation_prot"
"984","P84583","small, acid-soluble spore protein 1 (SASP-1)","Small, acid-soluble spore protein 1 (SASP-1)","DRAM","sporulation_prot"
"985","P84584","small, acid-soluble spore protein 2 (SASP-2)","Small, acid-soluble spore protein 2 (SASP-2)","DRAM","sporulation_prot"
"986","P84585","small, acid-soluble spore protein gamma-type (SASP-gamma)","Small, acid-soluble spore protein gamma-type (SASP-gamma)","DRAM","sporulation_prot"
"987","P84613","insecticidal crystal toxin protein","Insecticidal crystal toxin protein","DRAM","sporulation_prot"
"988","P94377","katX","Catalase X (EC 1.11.1.6)","DRAM","sporulation_prot"
"989","P94381","ycgF","Putative amino acid efflux protein YcgF","DRAM","sporulation_prot"
"990","P94382","ycgG","Uncharacterized protein YcgG","DRAM","sporulation_prot"
"9911","P94383","ycgH","Uncharacterized transporter YcgH","DRAM","sporulation_prot"
"992","P94389","ycgL","Uncharacterized protein YcgL","DRAM","sporulation_prot"
"993","P94409","yclG","Uncharacterized protein YclG","DRAM","sporulation_prot"
"994","P94416","phrC","Competence and sporulation stimulating factor (CSF) (Extracellular signaling peptide CSF) (RapC inhibitor)","DRAM","sporulation_prot"
"995","P94446","coxA","Sporulation cortex protein CoxA","DRAM","sporulation_prot"
"996","P94494","yncD","Alanine racemase 2 (EC 5.1.1.1)","DRAM","sporulation_prot"
"997","P94495","yncE","Uncharacterized protein YncE","DRAM","sporulation_prot"
"998","P94496","yteV","Sporulation protein cse60","DRAM","sporulation_prot"
"999","P94497","yobW","Protein csk22","DRAM","sporulation_prot"
"1000","P94537","sspI","Small, acid-soluble spore protein I (SASP I)","DRAM","sporulation_prot"
"10011","P94563","ysnD","Uncharacterized protein YsnD","DRAM","sporulation_prot"
"1002","P94573","ywoC","Uncharacterized isochorismatase family protein YwoC (EC 3.-.-.-)","DRAM","sporulation_prot"
"1003","P94574","ywoD","Uncharacterized MFS-type transporter YwoD","DRAM","sporulation_prot"
"1004","P94594","cyt1Ab1","Type-1Ab cytolytic delta-endotoxin (27 kDa cytolytic toxin)","DRAM","sporulation_prot"
"1005","P96315","cry1Af","Pesticidal crystal protein Cry1Af (Crystaline entomocidal protoxin) (Insecticidal delta-endotoxin CryIA(f))","DRAM","sporulation_prot"
"1006","P96617","ydcA","Putative rhomboid protease YdcA (EC 3.4.21.-)","DRAM","sporulation_prot"
"1007","P96619","ssdC","Sporulation protein YdcC","DRAM","sporulation_prot"
"1008","P96652","lrpA","HTH-type transcriptional regulator LrpA","DRAM","sporulation_prot"
"1009","P96653","lrpB","HTH-type transcriptional regulator LrpB","DRAM","sporulation_prot"
"10102","P96696","ydfR","UPF0702 transmembrane protein YdfR","DRAM","sporulation_prot"
"10111","P96697","ydfS","UPF0702 transmembrane protein YdfS","DRAM","sporulation_prot"
"1012","P96698","cotP","Spore coat protein P","DRAM","sporulation_prot"
"1013","P96699","ydgA","Uncharacterized protein YdgA","DRAM","sporulation_prot"
"1014","P96700","ydgB","Uncharacterized protein YdgB","DRAM","sporulation_prot"
"1015","P96720","ywqH","Protein YwqH","DRAM","sporulation_prot"
"1016","P96721","ywqI","Protein YwqI","DRAM","sporulation_prot"
"1017","P96722","ywqJ","Toxin YwqJ","DRAM","sporulation_prot"
"1018","P96723","ywqK","Immunity protein YwqK","DRAM","sporulation_prot"
"1019","P96724","ywqL","Endonuclease V (EC 3.1.21.7) (Deoxyinosine 3'endonuclease) (Deoxyribonuclease V) (DNase V)","DRAM","sporulation_prot"
"1020","Q00213","sh-1","Small, acid-soluble spore protein 1 (SASP)","DRAM","sporulation_prot"
"10211","Q00758","spoVB","Stage V sporulation protein B (Stage III sporulation protein F)","DRAM","sporulation_prot"
"1022","Q00828","rapA","Response regulator aspartate phosphatase A (EC 3.1.3.-) (Glucose starvation-inducible protein A) (Protein-aspartate phosphatase RapA) (Stage 0 sporulation protein L)","DRAM","sporulation_prot"
"1023","Q00829","phrA","Phosphatase RapA inhibitor (Phosphatase regulator A)","DRAM","sporulation_prot"
"1024","Q01367","spoIIIAA","Stage III sporulation protein AA","DRAM","sporulation_prot"
"1025","Q01368","spoIIIAB","Stage III sporulation protein AB","DRAM","sporulation_prot"
"1026","Q01620","jag","RNA-binding protein KhpB (RNA-binding protein EloR)","DRAM","sporulation_prot"
"1027","Q01625","yidC1","Membrane protein insertase MisCA (Foldase YidC 2) (Membrane integrase YidC 2) (Membrane protein YidC 2) (Stage III sporulation protein J) (SpoIIIJ)","DRAM","sporulation_prot"
"1028","Q03415","gamma-D-glutamyl-L-diamino acid endopeptidase 1 (EC 3.4.19.11) (Endopeptidase I) (Gamma-D-glutamyl-L-diamino acid endopeptidase I) (Gamma-D-glutamyl-meso-diaminopimelate peptidase I)","Gamma-D-glutamyl-L-diamino acid endopeptidase 1 (EC 3.4.19.11) (Endopeptidase I) (Gamma-D-glutamyl-L-diamino acid endopeptidase I) (Gamma-D-glutamyl-meso-diaminopimelate peptidase I)","DRAM","sporulation_prot"
"1029","Q03524","spoVD","Stage V sporulation protein D (EC 3.4.16.4) (Sporulation-specific penicillin-binding protein)","DRAM","sporulation_prot"
"1030","Q03744","cry1Ad","Pesticidal crystal protein Cry1Ad (133 kDa crystal protein) (Crystaline entomocidal protoxin) (Insecticidal delta-endotoxin CryIA(d))","DRAM","sporulation_prot"
"10311","Q03745","cry1Eb","Pesticidal crystal protein Cry1Eb (134 kDa crystal protein) (Crystaline entomocidal protoxin) (Insecticidal delta-endotoxin CryIE(b))","DRAM","sporulation_prot"
"1032","Q03746","cry1Fa","Pesticidal crystal protein Cry1Fa (134 kDa crystal protein) (Crystaline entomocidal protoxin) (Insecticidal delta-endotoxin CryIF(a))","DRAM","sporulation_prot"
"1033","Q03748","cry1Ae","Pesticidal crystal protein Cry1Ae (134 kDa crystal protein) (Crystaline entomocidal protoxin) (Insecticidal delta-endotoxin CryIA(e))","DRAM","sporulation_prot"
"1034","Q03749","cry7Aa","Pesticidal crystal protein Cry7Aa (129 kDa crystal protein) (Crystaline entomocidal protoxin) (Insecticidal delta-endotoxin CryVIIA(a))","DRAM","sporulation_prot"
"1035","Q04470","cyt2Aa1","Type-2Aa cytolytic delta-endotoxin (29 kDa cytolytic toxin)","DRAM","sporulation_prot"
"1036","Q04747","srfAB","Surfactin synthase subunit 2","DRAM","sporulation_prot"
"1037","Q04795","dapG","Aspartokinase 1 (EC 2.7.2.4) (Aspartate kinase 1) (Aspartokinase I)","DRAM","sporulation_prot"
"1038","Q04796","dapA","4-hydroxy-tetrahydrodipicolinate synthase (HTPA synthase) (EC 4.3.3.7)","DRAM","sporulation_prot"
"1039","Q04797","asd","Aspartate-semialdehyde dehydrogenase (ASA dehydrogenase) (ASADH) (EC 1.2.1.11) (Aspartate-beta-semialdehyde dehydrogenase)","DRAM","sporulation_prot"
"1040","Q04809","spoVFA","Dipicolinate synthase subunit A (DPA synthase subunit A) (EC 1.3.1.-) (Spore dipicolinate synthase subunit A) (Stage V sporulation protein FA)","DRAM","sporulation_prot"
"10411","Q04810","spoVFB","Dipicolinate synthase subunit B (DPA synthase subunit B) (EC 1.3.1.-) (Spore dipicolinate synthase subunit B) (Stage V sporulation protein FB)","DRAM","sporulation_prot"
"1042","Q04811","ymxH","Uncharacterized protein YmxH (ORFZ)","DRAM","sporulation_prot"
"1043","Q05523","dacA","D-alanyl-D-alanine carboxypeptidase DacA (CPase) (DD-carboxypeptidase) (DD-peptidase) (EC 3.4.16.4) (Penicillin-binding protein 5) (PBP-5)","DRAM","sporulation_prot"
"1044","Q06117","cry3Bb","Pesticidal crystal protein Cry3Bb (74 kDa crystal protein) (Crystaline entomocidal protoxin) (Insecticidal delta-endotoxin CryIIIB(b))","DRAM","sporulation_prot"
"1045","Q06320","cwlC","Sporulation-specific N-acetylmuramoyl-L-alanine amidase (EC 3.5.1.28) (Autolysin) (Cell wall hydrolase)","DRAM","sporulation_prot"
"1046","Q06823","hspA","Spore protein SP21","DRAM","sporulation_prot"
"1047","Q07765","devR","CRISPR-associated protein Cas7/Cst2/DevR (CRISPR-associated protein Cas7/Cst2/DevR, subtype I-B/Tneap) (Fruiting body developmental protein R)","DRAM","sporulation_prot"
"1048","Q07766","devS","CRISPR-associated protein Cas5 (Fruiting body developmental protein S)","DRAM","sporulation_prot"
"1049","Q07868","pbpB","Penicillin-binding protein 2B (PBP-2B) (EC 3.4.16.4) (Penicillin-binding protein B) (Penicillin-sensitive peptidoglycan D,D-transpeptidase)","DRAM","sporulation_prot"
"1050","Q08309","cotV","Spore coat protein V","DRAM","sporulation_prot"
"10511","Q08310","cotW","Spore coat protein W","DRAM","sporulation_prot"
"1052","Q08311","cotY","Spore coat protein Y","DRAM","sporulation_prot"
"1053","Q08312","cotZ","Spore coat protein Z","DRAM","sporulation_prot"
"1054","Q08313","cotX","Spore coat protein X","DRAM","sporulation_prot"
"1055","Q08352","ald","Alanine dehydrogenase (EC 1.4.1.1) (Stage V sporulation protein N)","DRAM","sporulation_prot"
"1056","Q08429","kapB","Kinase-associated lipoprotein B","DRAM","sporulation_prot"
"1057","Q08430","kinB","Sporulation kinase B (EC 2.7.13.3)","DRAM","sporulation_prot"
"1058","Q08787","srfAC","Surfactin synthase subunit 3","DRAM","sporulation_prot"
"1059","Q08788","srfAD","Surfactin synthase thioesterase subunit (EC 3.1.2.-) (Cold shock protein CSI16)","DRAM","sporulation_prot"
"1060","Q0SRC7","spoIIAB","Anti-sigma F factor (EC 2.7.11.1) (Stage II sporulation protein AB)","DRAM","sporulation_prot"
"10611","Q0TNR1","spoIIAB","Anti-sigma F factor (EC 2.7.11.1) (Stage II sporulation protein AB)","DRAM","sporulation_prot"
"1062","Q182S9","cD630_25890","Probable endoribonuclease YicC (EC 3.1.26.-) (CD25890)","DRAM","sporulation_prot"
"1063","Q182W3","spoIVA","Stage IV sporulation protein A (EC 3.6.1.-) (Coat morphogenetic protein SpoIVA)","DRAM","sporulation_prot"
"1064","Q186G8","cotA","Spore coat protein CotA","DRAM","sporulation_prot"
"1065","Q18C29","cotB","Spore coat protein CotB","DRAM","sporulation_prot"
"1066","Q2J7H0","francci3_3418","Sporulation-specific cell division protein Francci3_3418 (Sporulation of Streptomyces griseus-like protein Francci3_3418) (SsgA-like protein Francci3_3418) (SALP Francci3_3418)","DRAM","sporulation_prot"
"1067","Q2JDA6","ssgB","Sporulation-specific cell division protein SsgB (Sporulation of Streptomyces griseus-like protein B) (SsgA-like protein B) (SALP B)","DRAM","sporulation_prot"
"1068","Q45058","cotM","Spore coat protein M","DRAM","sporulation_prot"
"1069","Q45060","tlp","Small, acid-soluble spore protein Tlp","DRAM","sporulation_prot"
"1070","Q45069","ynfE","Uncharacterized protein YnfE","DRAM","sporulation_prot"
"10711","Q45358","cry18Aa","Parasporal crystal protein Cry18Aa (79 kDa crystal protein) (Crystaline parasporal protoxin) (Parasporal delta-endotoxin CryXVIIIA(a))","DRAM","sporulation_prot"
"1072","Q45478","ylyA","Uncharacterized protein YlyA (ORF-T)","DRAM","sporulation_prot"
"1073","Q45492","ykpC","Uncharacterized protein YkpC","DRAM","sporulation_prot"
"1074","Q45535","cotH","Inner spore coat protein H","DRAM","sporulation_prot"
"1075","Q45536","cotJA","Protein CotJA","DRAM","sporulation_prot"
"1076","Q45537","cotJB","Protein CotJB","DRAM","sporulation_prot"
"1077","Q45538","cotJC","Protein CotJC","DRAM","sporulation_prot"
"1078","Q45544","ylxX","UPF0749 protein YlxX","DRAM","sporulation_prot"
"1079","Q45605","yycQ","Uncharacterized protein YycQ","DRAM","sporulation_prot"
"1080","Q45606","yycP","Uncharacterized protein YycP","DRAM","sporulation_prot"
"10811","Q45607","yycO","Uncharacterized protein YycO","DRAM","sporulation_prot"
"1082","Q45704","cry8Aa","Pesticidal crystal protein Cry8Aa (131 kDa crystal protein) (Crystaline entomocidal protoxin) (Insecticidal delta-endotoxin CryVIIIA(a))","DRAM","sporulation_prot"
"1083","Q45705","cry8Ba","Pesticidal crystal protein Cry8Ba (134 kDa crystal protein) (Crystaline entomocidal protoxin) (Insecticidal delta-endotoxin CryVIIIB(a))","DRAM","sporulation_prot"
"1084","Q45706","cry8Ca","Pesticidal crystal protein Cry8Ca (130 kDa crystal protein) (Crystaline entomocidal protoxin) (Insecticidal delta-endotoxin CryVIIIC(a))","DRAM","sporulation_prot"
"1085","Q45707","cry7Ab","Pesticidal crystal protein Cry7Ab (130 kDa crystal protein) (Crystaline entomocidal protoxin) (Insecticidal delta-endotoxin CryVIIA(b))","DRAM","sporulation_prot"
"1086","Q45708","cry7Ab","Pesticidal crystal protein Cry7Ab (130 kDa crystal protein) (Crystaline entomocidal protoxin) (Insecticidal delta-endotoxin CryVIIA(b))","DRAM","sporulation_prot"
"1087","Q45709","cry1Ib","Pesticidal crystal protein Cry1Ib (81 kDa crystal protein) (Crystaline entomocidal protoxin) (Insecticidal delta-endotoxin CryII(b))","DRAM","sporulation_prot"
"1088","Q45710","cry14Aa","Pesticidal crystal protein Cry14Aa (132 kDa crystal protein) (Crystaline entomocidal protoxin) (Insecticidal delta-endotoxin CryXIVA(a))","DRAM","sporulation_prot"
"1089","Q45712","cry5Ba","Pesticidal crystal protein Cry5Ba (140 kDa crystal protein) (Crystaline entomocidal protoxin) (Insecticidal delta-endotoxin CryVB(a))","DRAM","sporulation_prot"
"1090","Q45715","cry1Ka","Pesticidal crystal protein Cry1Ka (137 kDa crystal protein) (Crystaline entomocidal protoxin) (Insecticidal delta-endotoxin CryIK(a))","DRAM","sporulation_prot"
"10911","Q45716","cry1Jb","Pesticidal crystal protein Cry1Jb (134 kDa crystal protein) (Crystaline entomocidal protoxin) (Insecticidal delta-endotoxin CryIJ(b))","DRAM","sporulation_prot"
"1092","Q45718","cry1Hb","Pesticidal crystal protein Cry1Hb (131 kDa crystal protein) (Crystaline entomocidal protoxin) (Insecticidal delta-endotoxin CryIH(b))","DRAM","sporulation_prot"
"1093","Q45723","cyt2Ba1","Type-2Ba cytolytic delta-endotoxin (29 kDa cytolytic toxin)","DRAM","sporulation_prot"
"1094","Q45729","cry15Aa","Pesticidal crystal protein Cry15Aa (38 kDa crystal protein) (Crystaline entomocidal protoxin) (Insecticidal delta-endotoxin CryXVA(a))","DRAM","sporulation_prot"
"1095","Q45730","cry11Ba","Pesticidal crystal protein Cry11Ba (81 kDa crystal protein) (Crystaline entomocidal protoxin) (Insecticidal delta-endotoxin CryXIB(a))","DRAM","sporulation_prot"
"1096","Q45733","cry9Ca","Pesticidal crystal protein Cry9Ca (130 kDa crystal protein) (Crystaline entomocidal protoxin) (Insecticidal delta-endotoxin CryIXC(a))","DRAM","sporulation_prot"
"1097","Q45738","cry1Ja","Pesticidal crystal protein Cry1Ja (133 kDa crystal protein) (Crystaline entomocidal protoxin) (Insecticidal delta-endotoxin CryIJ(a))","DRAM","sporulation_prot"
"1098","Q45739","cry1Bb","Pesticidal crystal protein Cry1Bb (140 kDa crystal protein) (Crystaline entomocidal protoxin) (Insecticidal delta-endotoxin CryIB(b))","DRAM","sporulation_prot"
"1099","Q45743","cry2Ac","Pesticidal crystal protein Cry2Ac (70 kDa crystal protein) (Crystaline entomocidal protoxin) (Insecticidal delta-endotoxin CryIIA(c))","DRAM","sporulation_prot"
"1100","Q45744","cry3Ca","Pesticidal crystal protein Cry3Ca (73 kDa crystal protein) (Crystaline entomocidal protoxin) (Insecticidal delta-endotoxin CryIIIC(a))","DRAM","sporulation_prot"
"11011","Q45746","cry1Ga","Pesticidal crystal protein Cry1Ga (132 kDa crystal protein) (Crystaline entomocidal protoxin) (Insecticidal delta-endotoxin CryIG(a))","DRAM","sporulation_prot"
"1102","Q45747","cry1Db","Pesticidal crystal protein Cry1Db (131 kDa crystal protein) (Crystaline entomocidal protoxin) (Insecticidal delta-endotoxin CryID(b))","DRAM","sporulation_prot"
"1103","Q45748","cry1Ha","Pesticidal crystal protein Cry1Ha (133 kDa crystal protein) (Crystaline entomocidal protoxin) (Insecticidal delta-endotoxin CryIH(a))","DRAM","sporulation_prot"
"1104","Q45752","cry1Ia","Pesticidal crystal protein Cry1Ia (81 kDa crystal protein) (Crystaline entomocidal protoxin) (Insecticidal delta-endotoxin CryII(a))","DRAM","sporulation_prot"
"1105","Q45753","cry5Ab","Pesticidal crystal protein Cry5Ab (142 kDa crystal protein) (Crystaline entomocidal protoxin) (Insecticidal delta-endotoxin CryVA(b))","DRAM","sporulation_prot"
"1106","Q45754","cry12Aa","Pesticidal crystal protein Cry12Aa (142 kDa crystal protein) (Crystaline entomocidal protoxin) (Insecticidal delta-endotoxin CryXIIA(a))","DRAM","sporulation_prot"
"1107","Q45755","cry13Aa","Pesticidal crystal protein Cry13Aa (88 kDa crystal protein) (Crystaline entomocidal protoxin) (Insecticidal delta-endotoxin CryXIIIA(a))","DRAM","sporulation_prot"
"1108","Q45757","cry6Aa","Pesticidal crystal protein Cry6Aa (Crystaline entomocidal protoxin) (Crystal protein) (Insecticidal delta-endotoxin CryVIA(a))","DRAM","sporulation_prot"
"1109","Q45758","cry6Ba","Pesticidal crystal protein Cry6Ba (Crystaline entomocidal protoxin) (Crystal protein) (Insecticidal delta-endotoxin CryVIB(a))","DRAM","sporulation_prot"
"11102","Q45760","cry5Aa","Pesticidal crystal protein Cry5Aa (152 kDa crystal protein) (Crystaline entomocidal protoxin) (Insecticidal delta-endotoxin CryVA(a))","DRAM","sporulation_prot"
"11111","Q45774","cry1Bc","Pesticidal crystal protein Cry1Bc (140 kDa crystal protein) (Crystaline entomocidal protoxin) (Insecticidal delta-endotoxin CryIB(c))","DRAM","sporulation_prot"
"1112","Q45790","cyt1Ba1","Type-1Ba cytolytic delta-endotoxin","DRAM","sporulation_prot"
"1113","Q45832","spoIIGA","Probable sporulation sigma-E factor-processing peptidase (EC 3.4.23.-) (Membrane-associated aspartic protease) (Stage II sporulation protein GA)","DRAM","sporulation_prot"
"1114","Q45882","cry16Aa","Pesticidal crystal-like protein Cry16Aa (Cbm71 mosquitocidal toxin) (Insecticidal toxin CryXVIA(a))","DRAM","sporulation_prot"
"1115","Q47N25","ssgB","Sporulation-specific cell division protein SsgB (Sporulation of Streptomyces griseus-like protein B) (SsgA-like protein B) (SALP B)","DRAM","sporulation_prot"
"1116","Q57458","cry1Ea","Pesticidal crystal protein Cry1Ea (133 kDa crystal protein) (Crystaline entomocidal protoxin) (Insecticidal delta-endotoxin CryIE(a))","DRAM","sporulation_prot"
"1117","Q59HN7","phrH","Phosphatase RapH inhibitor (Phosphatase regulator H)","DRAM","sporulation_prot"
"1118","Q59HN8","rapH","Response regulator aspartate phosphatase H (EC 3.1.3.-) (PSP28)","DRAM","sporulation_prot"
"1119","Q5BU39","mstX","Protein mistic (Membrane-integrating protein MstX)","DRAM","sporulation_prot"
"1120","Q5KVB2","racA","Chromosome-anchoring protein RacA","DRAM","sporulation_prot"
"11211","Q5KWD9","sspI","Small, acid-soluble spore protein I (SASP I)","DRAM","sporulation_prot"
"1122","Q5KXJ2","spoIIAB","Anti-sigma F factor (EC 2.7.11.1) (Stage II sporulation protein AB)","DRAM","sporulation_prot"
"1123","Q5KY22","sspH1","Small, acid-soluble spore protein H 1 (SASP H 1)","DRAM","sporulation_prot"
"1124","Q5KZP0","tlp","Small, acid-soluble spore protein Tlp","DRAM","sporulation_prot"
"1125","Q5KZP1","sspN","Small, acid-soluble spore protein N (SASP N)","DRAM","sporulation_prot"
"1126","Q5KZT7","sspH2","Small, acid-soluble spore protein H 2 (SASP H 2)","DRAM","sporulation_prot"
"1127","Q5L0A5","sspO","Small, acid-soluble spore protein O (SASP O)","DRAM","sporulation_prot"
"1128","Q5L0A7","sspP","Small, acid-soluble spore protein P (SASP P)","DRAM","sporulation_prot"
"1129","Q5L293","hpr","HTH-type transcriptional regulator Hpr (Protease production regulatory protein Hpr)","DRAM","sporulation_prot"
"1130","Q5L2U0","sspK","Small, acid-soluble spore protein K (SASP K)","DRAM","sporulation_prot"
"11311","Q5WAC9","spoVG","Putative septation protein SpoVG (Stage V sporulation protein G)","DRAM","sporulation_prot"
"1132","Q5WC42","aBC3535","Putative L,D-transpeptidase YkuD (EC 2.-.-.-) (Spore protein YkuD homolog)","DRAM","sporulation_prot"
"1133","Q5WD36","tlp","Small, acid-soluble spore protein Tlp","DRAM","sporulation_prot"
"1134","Q5WDK8","gpmI","2,3-bisphosphoglycerate-independent phosphoglycerate mutase (BPG-independent PGAM) (Phosphoglyceromutase) (iPGM) (EC 5.4.2.12)","DRAM","sporulation_prot"
"1135","Q5WEJ3","sspI","Small, acid-soluble spore protein I (SASP I)","DRAM","sporulation_prot"
"1136","Q5WG37","ywcE","Spore morphogenesis and germination protein YwcE","DRAM","sporulation_prot"
"1137","Q5WGB8","racA","Chromosome-anchoring protein RacA","DRAM","sporulation_prot"
"1138","Q5WH26","spoIIAB","Anti-sigma F factor (EC 2.7.11.1) (Stage II sporulation protein AB)","DRAM","sporulation_prot"
"1139","Q5WHU1","hpr","HTH-type transcriptional regulator Hpr (Protease production regulatory protein Hpr)","DRAM","sporulation_prot"
"1140","Q5WIG0","sspK","Small, acid-soluble spore protein K (SASP K)","DRAM","sporulation_prot"
"11411","Q631M1","gpmI","2,3-bisphosphoglycerate-independent phosphoglycerate mutase (BPG-independent PGAM) (Phosphoglyceromutase) (iPGM) (EC 5.4.2.12)","DRAM","sporulation_prot"
"1142","Q633N2","sspI","Small, acid-soluble spore protein I (SASP I)","DRAM","sporulation_prot"
"1143","Q635K7","spoIIAB","Anti-sigma F factor (EC 2.7.11.1) (Stage II sporulation protein AB)","DRAM","sporulation_prot"
"1144","Q635W3","tgl","Protein-glutamine gamma-glutamyltransferase (EC 2.3.2.13) (Transglutaminase) (TGase)","DRAM","sporulation_prot"
"1145","Q637L7","tlp","Small, acid-soluble spore protein Tlp","DRAM","sporulation_prot"
"1146","Q63BQ9","racA","Chromosome-anchoring protein RacA","DRAM","sporulation_prot"
"1147","Q63EV6","hpr","HTH-type transcriptional regulator Hpr (Protease production regulatory protein Hpr)","DRAM","sporulation_prot"
"1148","Q63G33","sspH","Small, acid-soluble spore protein H (SASP H)","DRAM","sporulation_prot"
"1149","Q63HI5","spoVG","Putative septation protein SpoVG (Stage V sporulation protein G)","DRAM","sporulation_prot"
"1150","Q65DM3","ywcE","Spore morphogenesis and germination protein YwcE","DRAM","sporulation_prot"
"11511","Q65DU9","racA","Chromosome-anchoring protein RacA","DRAM","sporulation_prot"
"1152","Q65EN1","gpmI","2,3-bisphosphoglycerate-independent phosphoglycerate mutase (BPG-independent PGAM) (Phosphoglyceromutase) (iPGM) (EC 5.4.2.12)","DRAM","sporulation_prot"
"1153","Q65FN2","tgl","Protein-glutamine gamma-glutamyltransferase (EC 2.3.2.13) (Transglutaminase) (TGase)","DRAM","sporulation_prot"
"1154","Q65GD0","sspI","Small, acid-soluble spore protein I (SASP I)","DRAM","sporulation_prot"
"1155","Q65GP2","sspH","Small, acid-soluble spore protein H (SASP H)","DRAM","sporulation_prot"
"1156","Q65HU3","spoIIAB","Anti-sigma F factor (EC 2.7.11.1) (Stage II sporulation protein AB)","DRAM","sporulation_prot"
"1157","Q65IG4","gerT","Spore germination protein GerT","DRAM","sporulation_prot"
"1158","Q65J23","tlp","Small, acid-soluble spore protein Tlp","DRAM","sporulation_prot"
"1159","Q65J24","sspN","Small, acid-soluble spore protein N (SASP N)","DRAM","sporulation_prot"
"1160","Q65J28","sspO","Small, acid-soluble spore protein O (SASP O)","DRAM","sporulation_prot"
"11611","Q65J29","sspP","Small, acid-soluble spore protein P (SASP P)","DRAM","sporulation_prot"
"1162","Q65K99","bLi01617","Putative L,D-transpeptidase YkuD (EC 2.-.-.-) (Spore protein YkuD homolog)","DRAM","sporulation_prot"
"1163","Q65LS8","hpr","HTH-type transcriptional regulator Hpr (Protease production regulatory protein Hpr)","DRAM","sporulation_prot"
"1164","Q65MA1","sspK","Small, acid-soluble spore protein K (SASP K)","DRAM","sporulation_prot"
"1165","Q65NA4","lipC","Spore germination lipase LipC (EC 3.-.-.-)","DRAM","sporulation_prot"
"1166","Q65PH2","spoVG","Putative septation protein SpoVG (Stage V sporulation protein G)","DRAM","sporulation_prot"
"1167","Q6B4J5","exsA","Spore coat assembly protein ExsA","DRAM","sporulation_prot"
"1168","Q6HBF2","gpmI","2,3-bisphosphoglycerate-independent phosphoglycerate mutase (BPG-independent PGAM) (Phosphoglyceromutase) (iPGM) (EC 5.4.2.12)","DRAM","sporulation_prot"
"1169","Q6HCW5","sspI","Small, acid-soluble spore protein I (SASP I)","DRAM","sporulation_prot"
"1170","Q6HE93","spoIIAB","Anti-sigma F factor (EC 2.7.11.1) (Stage II sporulation protein AB)","DRAM","sporulation_prot"
"11711","Q6HEJ9","tgl","Protein-glutamine gamma-glutamyltransferase (EC 2.3.2.13) (Transglutaminase) (TGase)","DRAM","sporulation_prot"
"1172","Q6HFI9","tlp","Small, acid-soluble spore protein Tlp","DRAM","sporulation_prot"
"1173","Q6HJ78","racA","Chromosome-anchoring protein RacA","DRAM","sporulation_prot"
"1174","Q6HMB8","hpr","HTH-type transcriptional regulator Hpr (Protease production regulatory protein Hpr)","DRAM","sporulation_prot"
"1175","Q6HNK1","sspH","Small, acid-soluble spore protein H (SASP H)","DRAM","sporulation_prot"
"1176","Q6HPW9","spoVG","Putative septation protein SpoVG (Stage V sporulation protein G)","DRAM","sporulation_prot"
"1177","Q72XY4","gpmI","2,3-bisphosphoglycerate-independent phosphoglycerate mutase (BPG-independent PGAM) (Phosphoglyceromutase) (iPGM) (EC 5.4.2.12)","DRAM","sporulation_prot"
"1178","Q72ZH9","sspI","Small, acid-soluble spore protein I (SASP I)","DRAM","sporulation_prot"
"1179","Q731M3","spoIIAB","Anti-sigma F factor (EC 2.7.11.1) (Stage II sporulation protein AB)","DRAM","sporulation_prot"
"1180","Q733L9","sspP","Small, acid-soluble spore protein P (SASP P)","DRAM","sporulation_prot"
"11811","Q733M2","sspO","Small, acid-soluble spore protein O (SASP O)","DRAM","sporulation_prot"
"1182","Q733M9","sspN","Small, acid-soluble spore protein N (SASP N)","DRAM","sporulation_prot"
"1183","Q733N0","tlp","Small, acid-soluble spore protein Tlp","DRAM","sporulation_prot"
"1184","Q738S2","racA","Chromosome-anchoring protein RacA","DRAM","sporulation_prot"
"1185","Q73AH3","sspH2","Small, acid-soluble spore protein H 2 (SASP H 2)","DRAM","sporulation_prot"
"1186","Q73CB7","hpr","HTH-type transcriptional regulator Hpr (Protease production regulatory protein Hpr)","DRAM","sporulation_prot"
"1187","Q73DN1","sspH1","Small, acid-soluble spore protein H 1 (SASP H 1)","DRAM","sporulation_prot"
"1188","Q73DY6","sspK","Small, acid-soluble spore protein K (SASP K)","DRAM","sporulation_prot"
"1189","Q73FG0","spoVG","Putative septation protein SpoVG (Stage V sporulation protein G)","DRAM","sporulation_prot"
"1190","Q795M8","yugO","Putative potassium channel protein YugO","DRAM","sporulation_prot"
"11911","Q796C3","sqhC","Sporulenol synthase (EC 4.2.1.137) (Tetraprenyl-beta-curcumene cyclase)","DRAM","sporulation_prot"
"1192","Q796K9","ykwB","Uncharacterized N-acetyltransferase YkwB (EC 2.3.1.-)","DRAM","sporulation_prot"
"1193","Q796Q1","yitG","Uncharacterized MFS-type transporter YitG","DRAM","sporulation_prot"
"1194","Q796Y5","ygaK","Uncharacterized FAD-linked oxidoreductase YgaK (EC 1.-.-.-)","DRAM","sporulation_prot"
"1195","Q7AKG8","rsrA","Anti-sigma factor RsrA (Regulator of SigR) (Sigma-R anti-sigma factor RsrA)","DRAM","sporulation_prot"
"1196","Q7AKI9","whiD","Transcriptional regulator WhiD (Transcriptional regulator WhiB3)","DRAM","sporulation_prot"
"1197","Q7AKN0","whiB","Transcriptional regulator WhiB","DRAM","sporulation_prot"
"1198","Q7WY56","spsL","Spore coat polysaccharide biosynthesis protein SpsL","DRAM","sporulation_prot"
"1199","Q7WY58","sspJ","Small, acid-soluble spore protein J (SASP J)","DRAM","sporulation_prot"
"1200","Q7WY59","sspG","Small, acid-soluble spore protein G (SASP G)","DRAM","sporulation_prot"
"12011","Q7WY62","sda","Sporulation inhibitor sda (Histidine kinase KinA inhibitor)","DRAM","sporulation_prot"
"1202","Q7WY63","antE","Protein AntE","DRAM","sporulation_prot"
"1203","Q7WY65","sspM","Small, acid-soluble spore protein M (SASP M)","DRAM","sporulation_prot"
"1204","Q7WY66","sspL","Small, acid-soluble spore protein L (SASP L)","DRAM","sporulation_prot"
"1205","Q7WY67","gerT","Spore germination protein GerT","DRAM","sporulation_prot"
"1206","Q7WY68","yozQ","Uncharacterized protein YozQ","DRAM","sporulation_prot"
"1207","Q7WY69","sspN","Small, acid-soluble spore protein N (SASP N)","DRAM","sporulation_prot"
"1208","Q7WY75","sspK","Small, acid-soluble spore protein K (SASP K)","DRAM","sporulation_prot"
"1209","Q7WY77","pxpC","5-oxoprolinase subunit C (5-OPase subunit C) (EC 3.5.2.9) (5-oxoprolinase (ATP-hydrolyzing) subunit C) (KipI antagonist) (Protein KipA)","DRAM","sporulation_prot"
"12102","Q813W6","hpr","HTH-type transcriptional regulator Hpr (Protease production regulatory protein Hpr)","DRAM","sporulation_prot"
"12111","Q815K7","gpmI","2,3-bisphosphoglycerate-independent phosphoglycerate mutase (BPG-independent PGAM) (Phosphoglyceromutase) (iPGM) (EC 5.4.2.12)","DRAM","sporulation_prot"
"1212","Q817I4","sspI","Small, acid-soluble spore protein I (SASP I)","DRAM","sporulation_prot"
"1213","Q819B3","spoIIAB","Anti-sigma F factor (EC 2.7.11.1) (Stage II sporulation protein AB)","DRAM","sporulation_prot"
"1214","Q819L3","tgl","Protein-glutamine gamma-glutamyltransferase (EC 2.3.2.13) (Transglutaminase) (TGase)","DRAM","sporulation_prot"
"1215","Q81AF2","sspP","Small, acid-soluble spore protein P (SASP P)","DRAM","sporulation_prot"
"1216","Q81AF5","sspO","Small, acid-soluble spore protein O (SASP O)","DRAM","sporulation_prot"
"1217","Q81AG1","sspN","Small, acid-soluble spore protein N (SASP N)","DRAM","sporulation_prot"
"1218","Q81AG2","tlp","Small, acid-soluble spore protein Tlp","DRAM","sporulation_prot"
"1219","Q81DD0","spoIISB","Stage II sporulation protein SB (Antidote protein SpoIISB) (Antitoxin SpoIISB)","DRAM","sporulation_prot"
"1220","Q81DD1","spoIISA","Stage II sporulation protein SA (Killer protein SpoIISA) (Toxin SpoIISA)","DRAM","sporulation_prot"
"12211","Q81DW0","racA","Chromosome-anchoring protein RacA","DRAM","sporulation_prot"
"1222","Q81FB5","sspH2","Small, acid-soluble spore protein H 2 (SASP H 2)","DRAM","sporulation_prot"
"1223","Q81FS9","mecA2","Adapter protein MecA 2","DRAM","sporulation_prot"
"1224","Q81GK5","mecA1","Adapter protein MecA 1","DRAM","sporulation_prot"
"1225","Q81I11","sspH1","Small, acid-soluble spore protein H 1 (SASP H 1)","DRAM","sporulation_prot"
"1226","Q81I94","sspK","Small, acid-soluble spore protein K (SASP K)","DRAM","sporulation_prot"
"1227","Q81J99","spoVG","Putative septation protein SpoVG (Stage V sporulation protein G)","DRAM","sporulation_prot"
"1228","Q81JG1","hpr","HTH-type transcriptional regulator Hpr (Protease production regulatory protein Hpr)","DRAM","sporulation_prot"
"1229","Q81L28","sspI","Small, acid-soluble spore protein I (SASP I)","DRAM","sporulation_prot"
"1230","Q81MF4","spoIIAB","Anti-sigma F factor (EC 2.7.11.1) (Stage II sporulation protein AB)","DRAM","sporulation_prot"
"12311","Q81MS1","tgl","Protein-glutamine gamma-glutamyltransferase (EC 2.3.2.13) (Transglutaminase) (TGase)","DRAM","sporulation_prot"
"1232","Q81QD4","spoIISB","Stage II sporulation protein SB (Antidote protein SpoIISB) (Antitoxin SpoIISB)","DRAM","sporulation_prot"
"1233","Q81QD6","spoIISA","Stage II sporulation protein SA (Killer protein SpoIISA) (Toxin SpoIISA)","DRAM","sporulation_prot"
"1234","Q81QX8","racA","Chromosome-anchoring protein RacA","DRAM","sporulation_prot"
"1235","Q81SD1","sspH2","Small, acid-soluble spore protein H 2 (SASP H 2)","DRAM","sporulation_prot"
"1236","Q81SW4","spoIVA","Stage IV sporulation protein A (EC 3.6.1.-) (Coat morphogenetic protein SpoIVA)","DRAM","sporulation_prot"
"1237","Q81SY4","mecA2","Adapter protein MecA 2","DRAM","sporulation_prot"
"1238","Q81TR3","mecA1","Adapter protein MecA 1","DRAM","sporulation_prot"
"1239","Q81V87","sspH1","Small, acid-soluble spore protein H 1 (SASP H 1)","DRAM","sporulation_prot"
"1240","Q81VZ2","spoVG","Putative septation protein SpoVG (Stage V sporulation protein G)","DRAM","sporulation_prot"
"12411","Q81WH6","prkC","Serine/threonine-protein kinase PrkC (Ser/Thr-protein kinase PrkC) (EC 2.7.11.1)","DRAM","sporulation_prot"
"1242","Q81X77","gpmI","2,3-bisphosphoglycerate-independent phosphoglycerate mutase (BPG-independent PGAM) (Phosphoglyceromutase) (iPGM) (EC 5.4.2.12)","DRAM","sporulation_prot"
"1243","Q81Y79","sspO","Small, acid-soluble spore protein O (SASP O)","DRAM","sporulation_prot"
"1244","Q81Y87","sspN","Small, acid-soluble spore protein N (SASP N)","DRAM","sporulation_prot"
"1245","Q81Y88","tlp","Small, acid-soluble spore protein Tlp","DRAM","sporulation_prot"
"1246","Q81YW1","sspK","Small, acid-soluble spore protein K (SASP K)","DRAM","sporulation_prot"
"1247","Q8CUT7","sspP","Small, acid-soluble spore protein P (SASP P)","DRAM","sporulation_prot"
"1248","Q8CX61","ald","Alanine dehydrogenase (EC 1.4.1.1)","DRAM","sporulation_prot"
"1249","Q8EPH2","sspI","Small, acid-soluble spore protein I (SASP I)","DRAM","sporulation_prot"
"1250","Q8EQ73","spoIIAB","Anti-sigma F factor (EC 2.7.11.1) (Stage II sporulation protein AB)","DRAM","sporulation_prot"
"12511","Q8ETS4","tlp","Small, acid-soluble spore protein Tlp","DRAM","sporulation_prot"
"1252","Q8RAA8","spoIIAB","Anti-sigma F factor (EC 2.7.11.1) (Stage II sporulation protein AB)","DRAM","sporulation_prot"
"1253","Q8RB27","sspI","Small, acid-soluble spore protein I (SASP I)","DRAM","sporulation_prot"
"1254","Q8XIR5","spoIIAB","Anti-sigma F factor (EC 2.7.11.1) (Stage II sporulation protein AB)","DRAM","sporulation_prot"
"1255","Q939S9","insecticidal crystal protein Cry35Ab1 (44 kDa insecticidal crystal protein)","Insecticidal crystal protein Cry35Ab1 (44 kDa insecticidal crystal protein)","DRAM","sporulation_prot"
"1256","Q939T0","insecticidal crystal protein Cry34Ab1 (14 kDa insecticidal crystal protein)","Insecticidal crystal protein Cry34Ab1 (14 kDa insecticidal crystal protein)","DRAM","sporulation_prot"
"1257","Q93LK7","gerQC","Spore germination protein GerQC","DRAM","sporulation_prot"
"1258","Q93LK8","gerQB","Spore germination protein GerQB","DRAM","sporulation_prot"
"1259","Q93LK9","gerQA","Spore germination protein GerQA","DRAM","sporulation_prot"
"1260","Q93N68","gerLC","Spore germination protein GerLC","DRAM","sporulation_prot"
"12611","Q93N69","gerLB","Spore germination protein GerLB","DRAM","sporulation_prot"
"1262","Q93N70","gerLA","Spore germination protein GerLA","DRAM","sporulation_prot"
"1263","Q97GQ9","spoIIAB","Anti-sigma F factor (EC 2.7.11.1) (Stage II sporulation protein AB)","DRAM","sporulation_prot"
"1264","Q97L63","splB","Spore photoproduct lyase (EC 4.1.99.14)","DRAM","sporulation_prot"
"1265","Q99027","comP","Sensor histidine kinase ComP (EC 2.7.13.3)","DRAM","sporulation_prot"
"1266","Q99031","cry9Aa","Pesticidal crystal protein Cry9Aa (130 kDa crystal protein) (Crystaline entomocidal protoxin) (Insecticidal delta-endotoxin CryIXA(a))","DRAM","sporulation_prot"
"1267","Q99171","tepA","Translocation-enhancing protein TepA","DRAM","sporulation_prot"
"1268","Q9JMQ1","exuR","Probable HTH-type transcriptional repressor ExuR (Probable galacturonate locus repressor)","DRAM","sporulation_prot"
"1269","Q9K2S2","mrpA","Na(+)/H(+) antiporter subunit A (Mrp complex subunit A) (Multiple resistance and pH homeostasis protein A)","DRAM","sporulation_prot"
"1270","Q9K3E4","sleL","Cortical fragment-lytic enzyme (CFLE) (EC 3.2.1.-) (Germination-specific spore peptidoglycan hydrolase) (Spore peptidoglycan N-acetylglucosaminidase)","DRAM","sporulation_prot"
"12711","Q9K5N0","soj","Sporulation initiation inhibitor protein Soj (EC 3.6.4.-)","DRAM","sporulation_prot"
"1272","Q9K5W7","tgl","Protein-glutamine gamma-glutamyltransferase (EC 2.3.2.13) (Transglutaminase) (TGase)","DRAM","sporulation_prot"
"1273","Q9K6A3","cwlJ","Cell wall hydrolase CwlJ","DRAM","sporulation_prot"
"1274","Q9K716","gpmI","2,3-bisphosphoglycerate-independent phosphoglycerate mutase (BPG-independent PGAM) (Phosphoglyceromutase) (iPGM) (EC 5.4.2.12)","DRAM","sporulation_prot"
"1275","Q9K893","sspI","Small, acid-soluble spore protein I (SASP I)","DRAM","sporulation_prot"
"1276","Q9K8Z3","mecA2","Adapter protein MecA 2","DRAM","sporulation_prot"
"1277","Q9KAI6","sspP","Small, acid-soluble spore protein P (SASP P)","DRAM","sporulation_prot"
"1278","Q9KAI7","sspO","Small, acid-soluble spore protein O (SASP O)","DRAM","sporulation_prot"
"1279","Q9KAJ2","sspN","Small, acid-soluble spore protein N (SASP N)","DRAM","sporulation_prot"
"1280","Q9KAK0","tlp","Small, acid-soluble spore protein Tlp","DRAM","sporulation_prot"
"12811","Q9KB63","ywcE","Spore morphogenesis and germination protein YwcE","DRAM","sporulation_prot"
"1282","Q9KB75","sspH","Small, acid-soluble spore protein H (SASP H)","DRAM","sporulation_prot"
"1283","Q9KC68","racA","Chromosome-anchoring protein RacA","DRAM","sporulation_prot"
"1284","Q9KCE0","sleB","Spore cortex-lytic enzyme (SCLE)","DRAM","sporulation_prot"
"1285","Q9KCF1","mecA1","Adapter protein MecA 1","DRAM","sporulation_prot"
"1286","Q9KCN2","spoIIAB","Anti-sigma F factor (EC 2.7.11.1) (Stage II sporulation protein AB)","DRAM","sporulation_prot"
"1287","Q9KDL8","ccdA","Cytochrome c-type biogenesis protein CcdA","DRAM","sporulation_prot"
"1288","Q9KDM7","hpr","HTH-type transcriptional regulator Hpr (Protease production regulatory protein Hpr)","DRAM","sporulation_prot"
"1289","Q9KEC6","sspK","Small, acid-soluble spore protein K (SASP K)","DRAM","sporulation_prot"
"1290","Q9KGJ7","spoVG","Putative septation protein SpoVG (Stage V sporulation protein G)","DRAM","sporulation_prot"
"12911","Q9KI10","gerN","Na(+)/H(+)-K(+) antiporter GerN","DRAM","sporulation_prot"
"1292","Q9L268","ssgB","Sporulation-specific cell division protein SsgB (Sporulation of Streptomyces griseus-like protein B) (SsgA-like protein B) (SALP B)","DRAM","sporulation_prot"
"1293","Q9RC82","bH1632","Sporulation protein YpeB","DRAM","sporulation_prot"
"1294","Q9RMG3","cry2Ad","Pesticidal crystal protein Cry2Ad (71 kDa crystal protein) (Crystaline entomocidal protoxin) (Insecticidal delta-endotoxin CryIIA(d))","DRAM","sporulation_prot"
"1295","Q9RNV1","ftsK","DNA translocase FtsK (DNA translocase SpoIIIE)","DRAM","sporulation_prot"
"1296","Q9S515","cry1Ag","Pesticidal crystal protein Cry1Ag (134 kDa crystal protein) (Crystaline entomocidal protoxin) (Insecticidal delta-endotoxin CryIA(g))","DRAM","sporulation_prot"
"1297","Q9S597","cry27Aa","Pesticidal crystal protein Cry27Aa (94 kDa crystal protein) (Crystaline entomocidal protoxin) (Insecticidal delta-endotoxin CryXXVIIA(a))","DRAM","sporulation_prot"
"1298","Q9WX11","bldN","ECF RNA polymerase sigma factor BldN (Sigma BldN) (Alternative RNA polymerase sigma factor BldN)","DRAM","sporulation_prot"
"1299","Q9X519","gpmI","2,3-bisphosphoglycerate-independent phosphoglycerate mutase (23PGA-independent) (BPG-independent PGAM) (Phosphoglyceromutase) (iPGM) (EC 5.4.2.12)","DRAM","sporulation_prot"
"1300","Q9X597","cry26Aa","Pesticidal crystal protein Cry26Aa (131 kDa crystal protein) (Crystaline entomocidal protoxin) (Insecticidal delta-endotoxin CryXXVIA(a))","DRAM","sporulation_prot"
"13011","Q9X682","cry28Aa","Pesticidal crystal protein Cry28Aa (126 kDa crystal protein) (Crystaline entomocidal protoxin) (Insecticidal delta-endotoxin CryXXVIIIA(a))","DRAM","sporulation_prot"
"1302","Q9XDL1","cry1Id","Pesticidal crystal protein Cry1Id (81 kDa crystal protein) (Crystaline entomocidal protoxin) (Insecticidal delta-endotoxin CryII(d))","DRAM","sporulation_prot"
"1303","Q9ZAZ5","cry1Bd","Pesticidal crystal protein Cry1Bd (140 kDa crystal protein) (Crystaline entomocidal protoxin) (Insecticidal delta-endotoxin CryIB(d))","DRAM","sporulation_prot"
"1304","Q9ZAZ6","cry1Gb","Pesticidal crystal protein Cry1Gb (133 kDa crystal protein) (Crystaline entomocidal protoxin) (Insecticidal delta-endotoxin CryIG(b))","DRAM","sporulation_prot"
"1305","Q9ZFB3","gerXC","Spore germination protein XC","DRAM","sporulation_prot"
"1306","Q9ZFB4","gerXA","Spore germination protein XA","DRAM","sporulation_prot"
"1307","Q9ZFB5","gerXB","Spore germination protein XB","DRAM","sporulation_prot"
"1308","Q9ZIU5","cry11Bb","Pesticidal crystal protein Cry11Bb (84 kDa crystal protein) (Crystaline entomocidal protoxin) (Insecticidal delta-endotoxin CryXIB(b))","DRAM","sporulation_prot"
"1309","Q9ZN78","arpA","A-factor receptor protein (A-factor-binding protein)","DRAM","sporulation_prot"
"13101","Q9ZNL9","cry9Ea","Pesticidal crystal protein Cry9Ea (130 kDa crystal protein) (Crystaline entomocidal protoxin) (Insecticidal delta-endotoxin CryIXE(a))","DRAM","sporulation_prot"
"6102","phrog_20720","putP","K11928&putP&sodium/proline…","PHROGS","sporulation_prot"
"8102","phrog_24603","spo0A","K07699&spo0A&two-component…","PHROGS","sporulation_prot"
"10103","phrog_27338","spoVG","K06412&spoVG&stage V sporu…","PHROGS","sporulation_prot"
"1317","phrog_37855","spo0A","K07699&spo0A&two-component…","PHROGS","sporulation_prot"
"1415","phrog_164","parA, soj","K03496&parA, soj&chromosom…","PHROGS","sporulation_prot"
"1515","phrog_351","sigA","K03086&SIG1, rpoD&RNA poly…","PHROGS","sporulation_prot"
"1614","phrog_1358","ftsK, spoIIIE","K03466&ftsK, spoIIIE&DNA s…","PHROGS","sporulation_prot"
"1714","phrog_3551","ftsK, spoIIIE","K03466&ftsK, spoIIIE&DNA s…","PHROGS","sporulation_prot"
"1814","phrog_4339","clpX, CLPX","K03544&clpX, CLPX&ATP-depe…","PHROGS","sporulation_prot"
"2014","phrog_11726","spoIIID","K06283&spoIIID&putative De…","PHROGS","sporulation_prot"
"2214","phrog_35646","spoVS","K06416&spoVS&stage V sporu…","PHROGS","sporulation_prot"
"2314","phrog_938","cwlJ, sleB","K01449&E3.5.1.28C, cwlJ, sleB&…","PHROGS","sporulation_prot"
"2414","phrog_2649","cwlK","K17733&cwlK&peptidoglycan …","PHROGS","sporulation_prot"
"2614","phrog_10367","sspC","K06420&sspC&small acid-sol…","PHROGS","sporulation_prot"
"2714","phrog_14642","cwlJ, sleB","K01449&E3.5.1.28C, cwlJ, sleB&…","PHROGS","sporulation_prot"
